path,tipo,bytes,title,h1,canonical,robots,description,og_image,jsonld,enlaces_internos,alcanzable,en_sitemap
"/404/","otra","28733","Promocionales J&J — Productos Promocionales y Merchandising en Colombia","No encontramos esta página","https://promocionalesjj.co/","noindex","Productos promocionales personalizados con logo para empresas en Colombia. Merchandising corporativo con envíos a Bogotá, Medellín, Cali, Barranquilla y Bucaramanga.","","Organization","18","no","no"
"/404.html","especial","28733","Promocionales J&J — Productos Promocionales y Merchandising en Colombia","No encontramos esta página","https://promocionalesjj.co/","noindex","Productos promocionales personalizados con logo para empresas en Colombia. Merchandising corporativo con envíos a Bogotá, Medellín, Cali, Barranquilla y Bucaramanga.","","Organization","18","no","no"
"/blog/como-elegir-proveedor-articulos-publicitarios-colombia/","articulo","37769","Cómo Elegir Proveedor de Artículos Publicitarios en Colombia | Promocionales J&J | Promocionales J&J","Cómo Elegir un Proveedor de Artículos Publicitarios en Colombia sin Sorpresas","https://promocionalesjj.co/blog/como-elegir-proveedor-articulos-publicitarios-colombia/","","Checklist para elegir proveedor de artículos publicitarios en Colombia: tiempos de entrega, mínimos de compra y calidad de personalización.","https://images.unsplash.com/photo-1600880292203-757bb62b4baf?w=1200&h=630&fit=crop&q=80","Organization Article BreadcrumbList","18","si","no"
"/blog/","blog","38028","Blog de Productos Promocionales en Colombia | Promocionales J&J","Blog","https://promocionalesjj.co/blog/","","Guías y consejos sobre merchandising corporativo, regalos empresariales y productos promocionales para empresas en Colombia.","","Organization BreadcrumbList","21","si","no"
"/blog/productos-promocionales-para-ferias-empresariales-colombia/","articulo","37635","Productos Promocionales para Ferias en Colombia | Promocionales J&J | Promocionales J&J","Qué Productos Promocionales Funcionan Mejor en Ferias Empresariales en Colombia","https://promocionalesjj.co/blog/productos-promocionales-para-ferias-empresariales-colombia/","","Descubre qué productos promocionales generan más recordación en ferias empresariales en Bogotá, Medellín, Cali, Barranquilla y Bucaramanga.","https://images.unsplash.com/photo-1540575467063-178a50c2df87?w=1200&h=630&fit=crop&q=80","Organization Article BreadcrumbList","18","si","no"
"/blog/regalos-corporativos-fin-de-ano-colombia-2026/","articulo","37681","Regalos Corporativos de Fin de Año en Colombia | Promocionales J&J | Promocionales J&J","Regalos Corporativos de Fin de Año en Colombia: Guía para Elegir sin Improvisar","https://promocionalesjj.co/blog/regalos-corporativos-fin-de-ano-colombia-2026/","","Guía práctica para elegir regalos corporativos de fin de año en Colombia: presupuesto, tiempos de producción y opciones de alto uso para tu marca.","https://images.unsplash.com/photo-1513201099705-a9746e1e201f?w=1200&h=630&fit=crop&q=80","Organization Article BreadcrumbList","18","si","no"
"/","inicio","89979","Promocionales J&J — Productos Promocionales en Colombia","Merchandising que deja marca en Colombia.","https://promocionalesjj.co/","","Productos promocionales personalizados con logo para empresas en Colombia. Merchandising corporativo con envíos a Bogotá, Medellín, Cali, Barranquilla y Bucaramanga.","","Organization","31","si","no"
"/productos-promocionales-colombia/barranquilla/","ciudad","36738","Productos Promocionales Barranquilla | Merchandising Costa Caribe | Promocionales J&J","Productos Promocionales en Barranquilla","https://promocionalesjj.co/productos-promocionales-colombia/barranquilla/","","Productos promocionales en Barranquilla y la Costa Caribe. Artículos publicitarios resistentes al clima costero con envíos a toda la región.","","Organization LocalBusiness BreadcrumbList","18","si","no"
"/productos-promocionales-colombia/bogota/","ciudad","36783","Productos Promocionales Bogotá | Merchandising y Artículos Publicitarios | Promocionales J&J","Productos Promocionales en Bogotá","https://promocionalesjj.co/productos-promocionales-colombia/bogota/","","Productos promocionales en Bogotá. Artículos publicitarios, merchandising corporativo y regalos empresariales con entrega en toda la capital.","","Organization LocalBusiness BreadcrumbList","18","si","no"
"/productos-promocionales-colombia/bucaramanga/","ciudad","36831","Productos Promocionales Bucaramanga | Merchandising Santander | Promocionales J&J","Productos Promocionales en Bucaramanga","https://promocionalesjj.co/productos-promocionales-colombia/bucaramanga/","","Productos promocionales en Bucaramanga y Santander. Artículos publicitarios y regalos empresariales con envíos a toda el área metropolitana.","","Organization LocalBusiness BreadcrumbList","18","si","no"
"/productos-promocionales-colombia/cali/","ciudad","36541","Productos Promocionales Cali | Merchandising Valle del Cauca | Promocionales J&J","Productos Promocionales en Cali","https://promocionalesjj.co/productos-promocionales-colombia/cali/","","Productos promocionales en Cali y el Valle del Cauca. Artículos publicitarios personalizados con envíos a toda la región.","","Organization LocalBusiness BreadcrumbList","18","si","no"
"/productos-promocionales-colombia/","hub-colombia","36493","Productos Promocionales Colombia | Merchandising Empresarial | Promocionales J&J","Productos Promocionales en Colombia","https://promocionalesjj.co/productos-promocionales-colombia/","","Productos promocionales en Colombia. Merchandising corporativo, artículos publicitarios y regalos empresariales. Envíos a Bogotá, Medellín, Cali, Barranquilla y Bucaramanga.","","Organization BreadcrumbList","18","si","no"
"/productos-promocionales-colombia/medellin/","ciudad","36759","Productos Promocionales Medellín | Merchandising Empresarial Antioquia | Promocionales J&J","Productos Promocionales en Medellín","https://promocionalesjj.co/productos-promocionales-colombia/medellin/","","Productos promocionales en Medellín y Antioquia. Artículos publicitarios y merchandising corporativo con envíos a todo el Valle de Aburrá.","","Organization LocalBusiness BreadcrumbList","18","si","no"
"/promociones/","otra","36361","Promociones de Productos Promocionales | Promocionales J&J","Promociones","https://promocionalesjj.co/promociones/","","Ofertas y precios especiales en productos promocionales personalizados con logo para empresas en Colombia.","","Organization BreadcrumbList","19","si","no"
"/tienda/abanico-en-madera/","producto","47192","Abanico En Madera Personalizado con Logo | Promocionales J&J | Promocionales J&J","Abanico En Madera","https://promocionalesjj.co/tienda/abanico-en-madera/","","Abanico En Madera personalizado con tu logo en Colombia. Ideal para regalos corporativos con entrega en Bogotá, Medellín, Cali, Barranquilla y Bucaramanga. Cotiza","https://promocionalesjj.co/img/productos/abanico-en-madera.jpg","Organization Product BreadcrumbList","23","no","no"
"/tienda/advant-2-1-resaltador-cera/","producto","47923","Advant 2-1 Resaltador Cera Personalizado con Logo | Promocionales J&J | Promocionales J&J","Advant 2-1 Resaltador Cera","https://promocionalesjj.co/tienda/advant-2-1-resaltador-cera/","","Advant 2-1 Resaltador Cera personalizado con tu logo en Colombia. Ideal para regalos corporativos con entrega en Bogotá, Medellín, Cali, Barranquilla y Bucaramanga","https://promocionalesjj.co/img/productos/_placeholder-jj.svg","Organization Product BreadcrumbList","22","no","no"
"/tienda/advant-2-1-resaltador-de-tinta/","producto","47724","Advant 2-1 Resaltador De Tinta Personalizado con Logo | Promocionales J&J","Advant 2-1 Resaltador De Tinta","https://promocionalesjj.co/tienda/advant-2-1-resaltador-de-tinta/","","Advant 2-1 Resaltador De Tinta personalizado con tu logo en Colombia. Ideal para regalos corporativos con entrega en Bogotá, Medellín, Cali, Barranquilla y","https://promocionalesjj.co/img/productos/_placeholder-jj.svg","Organization Product BreadcrumbList","22","no","no"
"/tienda/aireador-electrico-para-vino/","producto","47302","Aireador Electrico Para Vino Personalizado con Logo | Promocionales J&J","Aireador Electrico Para Vino","https://promocionalesjj.co/tienda/aireador-electrico-para-vino/","","Aireador Electrico Para Vino personalizado con tu logo en Colombia. Ideal para regalos corporativos con entrega en Bogotá, Medellín, Cali, Barranquilla y","https://promocionalesjj.co/img/productos/aireador-electrico-para-vino.jpg","Organization Product BreadcrumbList","23","si","no"
"/tienda/alcancia-cork/","producto","47071","Alcancía Cork Personalizado con Logo | Promocionales J&J | Promocionales J&J","Alcancía Cork","https://promocionalesjj.co/tienda/alcancia-cork/","","Alcancía Cork personalizado con tu logo en Colombia. Ideal para regalos corporativos con entrega en Bogotá, Medellín, Cali, Barranquilla y Bucaramanga. Cotiza al","https://promocionalesjj.co/img/productos/alcancia-cork.jpg","Organization Product BreadcrumbList","23","no","no"
"/tienda/alcancia-cow/","producto","35048","Alcancia Cow Personalizado con Logo | Promocionales J&J | Promocionales J&J","Alcancia Cow","https://promocionalesjj.co/tienda/alcancia-cow/","","Alcancia Cow personalizado con tu logo en Colombia. Ideal para regalos corporativos con entrega en Bogotá, Medellín, Cali, Barranquilla y Bucaramanga. Cotiza al por","https://promocionalesjj.co/img/productos/alcancia-cow.jpg","Organization Product BreadcrumbList","19","si","no"
"/tienda/antiestres-doctor/","producto","47040","Antiestres Doctor Personalizado con Logo | Promocionales J&J | Promocionales J&J","Antiestres Doctor","https://promocionalesjj.co/tienda/antiestres-doctor/","","Antiestres Doctor personalizado con tu logo en Colombia. Ideal para regalos corporativos con entrega en Bogotá, Medellín, Cali, Barranquilla y Bucaramanga. Cotiza","https://promocionalesjj.co/img/productos/antiestres-doctor.jpg","Organization Product BreadcrumbList","23","si","no"
"/tienda/antiestres-pop-it/","producto","46888","Antiestres Pop It Personalizado con Logo | Promocionales J&J | Promocionales J&J","Antiestres Pop It","https://promocionalesjj.co/tienda/antiestres-pop-it/","","Antiestres Pop It personalizado con tu logo en Colombia. Ideal para regalos corporativos con entrega en Bogotá, Medellín, Cali, Barranquilla y Bucaramanga. Cotiza","https://promocionalesjj.co/img/productos/antiestres-pop-it.jpg","Organization Product BreadcrumbList","23","si","no"
"/tienda/apoya-munecas-pop-it/","producto","47050","Apoya Muñecas Pop It Personalizado con Logo | Promocionales J&J | Promocionales J&J","Apoya Muñecas Pop It","https://promocionalesjj.co/tienda/apoya-munecas-pop-it/","","Apoya Muñecas Pop It personalizado con tu logo en Colombia. Ideal para regalos corporativos con entrega en Bogotá, Medellín, Cali, Barranquilla y Bucaramanga","https://promocionalesjj.co/img/productos/apoya-munecas-pop-it.jpg","Organization Product BreadcrumbList","23","si","no"
"/tienda/aria/","producto","46980","Aria Personalizado con Logo | Promocionales J&J | Promocionales J&J","Aria","https://promocionalesjj.co/tienda/aria/","","Aria personalizado con tu logo en Colombia. Ideal para regalos corporativos con entrega en Bogotá, Medellín, Cali, Barranquilla y Bucaramanga. Cotiza al por mayor.","https://promocionalesjj.co/img/productos/aria.jpg","Organization Product BreadcrumbList","22","no","no"
"/tienda/aston-mate/","producto","46800","Aston Mate Personalizado con Logo | Promocionales J&J | Promocionales J&J","Aston Mate","https://promocionalesjj.co/tienda/aston-mate/","","Aston Mate personalizado con tu logo en Colombia. Ideal para regalos corporativos con entrega en Bogotá, Medellín, Cali, Barranquilla y Bucaramanga. Cotiza al por","https://promocionalesjj.co/img/productos/aston-mate.jpg","Organization Product BreadcrumbList","22","no","no"
"/tienda/aston-stylus-metalico/","producto","47655","Aston Stylus Metalico Personalizado con Logo | Promocionales J&J | Promocionales J&J","Aston Stylus Metalico","https://promocionalesjj.co/tienda/aston-stylus-metalico/","","Aston Stylus Metalico personalizado con tu logo en Colombia. Ideal para regalos corporativos con entrega en Bogotá, Medellín, Cali, Barranquilla y Bucaramanga","https://promocionalesjj.co/img/productos/aston-stylus-metalico.jpg","Organization Product BreadcrumbList","22","no","no"
"/tienda/audifono-bluetooth-manos-libres-2-1/","producto","48137","Audifono Bluetooth Manos Libres 2-1 - Personalizado con Logo | Promocionales J&J","Audifono Bluetooth Manos Libres 2-1 -","https://promocionalesjj.co/tienda/audifono-bluetooth-manos-libres-2-1/","","Audifono Bluetooth Manos Libres 2-1 - personalizado con tu logo en Colombia. Ideal para regalos corporativos con entrega en Bogotá, Medellín, Cali, Barranquilla y","https://promocionalesjj.co/img/productos/audifono-bluetooth-manos-libres-2-1.jpg","Organization Product BreadcrumbList","23","si","no"
"/tienda/audifonos-bluetooth-cork/","producto","47805","Audifonos Bluetooth Cork Personalizado con Logo | Promocionales J&J | Promocionales J&J","Audifonos Bluetooth Cork","https://promocionalesjj.co/tienda/audifonos-bluetooth-cork/","","Audifonos Bluetooth Cork personalizado con tu logo en Colombia. Ideal para regalos corporativos con entrega en Bogotá, Medellín, Cali, Barranquilla y Bucaramanga","https://promocionalesjj.co/img/productos/audifonos-bluetooth-cork.jpg","Organization Product BreadcrumbList","23","no","no"
"/tienda/balmax-stylus/","producto","47409","Balmax Stylus Personalizado con Logo | Promocionales J&J | Promocionales J&J","Balmax Stylus","https://promocionalesjj.co/tienda/balmax-stylus/","","Balmax Stylus personalizado con tu logo en Colombia. Ideal para regalos corporativos con entrega en Bogotá, Medellín, Cali, Barranquilla y Bucaramanga. Cotiza al","https://promocionalesjj.co/img/productos/balmax-stylus.jpg","Organization Product BreadcrumbList","22","no","no"
"/tienda/bamboo-sticky-pad/","producto","47992","Bamboo Sticky Pad Personalizado con Logo | Promocionales J&J | Promocionales J&J","Bamboo Sticky Pad","https://promocionalesjj.co/tienda/bamboo-sticky-pad/","","Bamboo Sticky Pad personalizado con tu logo en Colombia. Ideal para regalos corporativos con entrega en Bogotá, Medellín, Cali, Barranquilla y Bucaramanga. Cotiza","https://promocionalesjj.co/img/productos/bamboo-sticky-pad.jpg","Organization Product BreadcrumbList","23","no","no"
"/tienda/banda-finger/","producto","47223","Banda Finger Personalizado con Logo | Promocionales J&J | Promocionales J&J","Banda Finger","https://promocionalesjj.co/tienda/banda-finger/","","Banda Finger personalizado con tu logo en Colombia. Ideal para regalos corporativos con entrega en Bogotá, Medellín, Cali, Barranquilla y Bucaramanga. Cotiza al por","https://promocionalesjj.co/img/productos/banda-finger.jpg","Organization Product BreadcrumbList","23","si","no"
"/tienda/banda-recargable-sporty/","producto","47349","Banda Recargable Sporty Personalizado con Logo | Promocionales J&J | Promocionales J&J","Banda Recargable Sporty","https://promocionalesjj.co/tienda/banda-recargable-sporty/","","Banda Recargable Sporty personalizado con tu logo en Colombia. Ideal para regalos corporativos con entrega en Bogotá, Medellín, Cali, Barranquilla y Bucaramanga","https://promocionalesjj.co/img/productos/banda-recargable-sporty.jpg","Organization Product BreadcrumbList","23","si","no"
"/tienda/banda-sport-led/","producto","46939","Banda Sport Led Personalizado con Logo | Promocionales J&J | Promocionales J&J","Banda Sport Led","https://promocionalesjj.co/tienda/banda-sport-led/","","Banda Sport Led personalizado con tu logo en Colombia. Ideal para regalos corporativos con entrega en Bogotá, Medellín, Cali, Barranquilla y Bucaramanga. Cotiza al","https://promocionalesjj.co/img/productos/banda-sport-led.jpg","Organization Product BreadcrumbList","23","si","no"
"/tienda/bandeja-portatil-para-laptop-ryper/","producto","47827","Bandeja Portatil Para Laptop Ryper Personalizado con Logo | Promocionales J&J","Bandeja Portatil Para Laptop Ryper","https://promocionalesjj.co/tienda/bandeja-portatil-para-laptop-ryper/","","Bandeja Portatil Para Laptop Ryper personalizado con tu logo en Colombia. Ideal para regalos corporativos con entrega en Bogotá, Medellín, Cali, Barranquilla y","https://promocionalesjj.co/img/productos/bandeja-portatil-para-laptop-ryper.jpg","Organization Product BreadcrumbList","22","si","no"
"/tienda/barcelona-solido/","producto","47506","Barcelona Solido Personalizado con Logo | Promocionales J&J | Promocionales J&J","Barcelona Solido","https://promocionalesjj.co/tienda/barcelona-solido/","","Barcelona Solido personalizado con tu logo en Colombia. Ideal para regalos corporativos con entrega en Bogotá, Medellín, Cali, Barranquilla y Bucaramanga. Cotiza al","https://promocionalesjj.co/img/productos/barcelona-solido.jpg","Organization Product BreadcrumbList","22","no","no"
"/tienda/benella/","producto","47063","Benella Personalizado con Logo | Promocionales J&J | Promocionales J&J","Benella","https://promocionalesjj.co/tienda/benella/","","Benella personalizado con tu logo en Colombia. Ideal para regalos corporativos con entrega en Bogotá, Medellín, Cali, Barranquilla y Bucaramanga. Cotiza al por","https://promocionalesjj.co/img/productos/benella.jpg","Organization Product BreadcrumbList","22","si","no"
"/tienda/bola-antiestres-neon-6-3cm/","producto","47131","Bola Antiestres Neon 6 3Cm Personalizado con Logo | Promocionales J&J | Promocionales J&J","Bola Antiestres Neon 6 3Cm","https://promocionalesjj.co/tienda/bola-antiestres-neon-6-3cm/","","Bola Antiestres Neon 6 3Cm personalizado con tu logo en Colombia. Ideal para regalos corporativos con entrega en Bogotá, Medellín, Cali, Barranquilla y Bucaramanga","https://promocionalesjj.co/img/productos/bola-antiestres-neon-6-3cm.jpg","Organization Product BreadcrumbList","23","si","no"
"/tienda/bola-antiestres-neon-67cm/","producto","47179","Bola Antiestrés Neón 6,7Cm Personalizado con Logo | Promocionales J&J | Promocionales J&J","Bola Antiestrés Neón 6,7Cm","https://promocionalesjj.co/tienda/bola-antiestres-neon-67cm/","","Bola Antiestrés Neón 6,7Cm personalizado con tu logo en Colombia. Ideal para regalos corporativos con entrega en Bogotá, Medellín, Cali, Barranquilla y Bucaramanga","https://promocionalesjj.co/img/productos/bola-antiestres-neon-67cm.jpg","Organization Product BreadcrumbList","23","si","no"
"/tienda/bola-antiestres-rubber/","producto","47119","Bola Antiestres Rubber Personalizado con Logo | Promocionales J&J | Promocionales J&J","Bola Antiestres Rubber","https://promocionalesjj.co/tienda/bola-antiestres-rubber/","","Bola Antiestres Rubber personalizado con tu logo en Colombia. Ideal para regalos corporativos con entrega en Bogotá, Medellín, Cali, Barranquilla y Bucaramanga","https://promocionalesjj.co/img/productos/bola-antiestres-rubber.jpg","Organization Product BreadcrumbList","23","si","no"
"/tienda/bola-antiestres-tricolor/","producto","46956","Bola Antiestres Tricolor Personalizado con Logo | Promocionales J&J | Promocionales J&J","Bola Antiestres Tricolor","https://promocionalesjj.co/tienda/bola-antiestres-tricolor/","","Bola Antiestres Tricolor personalizado con tu logo en Colombia. Ideal para regalos corporativos con entrega en Bogotá, Medellín, Cali, Barranquilla y Bucaramanga","https://promocionalesjj.co/img/productos/_placeholder-jj.svg","Organization Product BreadcrumbList","23","si","no"
"/tienda/bola-pop-it/","producto","46836","Bola Pop It Personalizado con Logo | Promocionales J&J | Promocionales J&J","Bola Pop It","https://promocionalesjj.co/tienda/bola-pop-it/","","Bola Pop It personalizado con tu logo en Colombia. Ideal para regalos corporativos con entrega en Bogotá, Medellín, Cali, Barranquilla y Bucaramanga. Cotiza al por","https://promocionalesjj.co/img/productos/bola-pop-it.jpg","Organization Product BreadcrumbList","23","si","no"
"/tienda/boligrafo-abanico/","producto","47424","Bolígrafo Abanico Personalizado con Logo | Promocionales J&J | Promocionales J&J","Bolígrafo Abanico","https://promocionalesjj.co/tienda/boligrafo-abanico/","","Bolígrafo Abanico personalizado con tu logo en Colombia. Ideal para regalos corporativos con entrega en Bogotá, Medellín, Cali, Barranquilla y Bucaramanga. Cotiza","https://promocionalesjj.co/img/productos/boligrafo-abanico.jpg","Organization Product BreadcrumbList","22","no","no"
"/tienda/boligrafo-alden/","producto","47088","Bolígrafo Alden Personalizado con Logo | Promocionales J&J | Promocionales J&J","Bolígrafo Alden","https://promocionalesjj.co/tienda/boligrafo-alden/","","Bolígrafo Alden personalizado con tu logo en Colombia. Ideal para regalos corporativos con entrega en Bogotá, Medellín, Cali, Barranquilla y Bucaramanga. Cotiza al","https://promocionalesjj.co/img/productos/boligrafo-alden.jpg","Organization Product BreadcrumbList","22","no","no"
"/tienda/boligrafo-aldrich-metalizado/","producto","47306","Bolígrafo Aldrich Metalizado Personalizado con Logo | Promocionales J&J","Bolígrafo Aldrich Metalizado","https://promocionalesjj.co/tienda/boligrafo-aldrich-metalizado/","","Bolígrafo Aldrich Metalizado personalizado con tu logo en Colombia. Ideal para regalos corporativos con entrega en Bogotá, Medellín, Cali, Barranquilla y","https://promocionalesjj.co/img/productos/boligrafo-aldrich-metalizado.jpg","Organization Product BreadcrumbList","22","no","no"
"/tienda/boligrafo-aldrich-solido/","producto","47386","Bolígrafo Aldrich Sólido Personalizado con Logo | Promocionales J&J | Promocionales J&J","Bolígrafo Aldrich Sólido","https://promocionalesjj.co/tienda/boligrafo-aldrich-solido/","","Bolígrafo Aldrich Sólido personalizado con tu logo en Colombia. Ideal para regalos corporativos con entrega en Bogotá, Medellín, Cali, Barranquilla y Bucaramanga","https://promocionalesjj.co/img/productos/boligrafo-aldrich-solido.jpg","Organization Product BreadcrumbList","22","no","no"
"/tienda/boligrafo-allegro/","producto","47205","Boligrafo Allegro Personalizado con Logo | Promocionales J&J | Promocionales J&J","Boligrafo Allegro","https://promocionalesjj.co/tienda/boligrafo-allegro/","","Boligrafo Allegro personalizado con tu logo en Colombia. Ideal para regalos corporativos con entrega en Bogotá, Medellín, Cali, Barranquilla y Bucaramanga. Cotiza","https://promocionalesjj.co/img/productos/_placeholder-jj.svg","Organization Product BreadcrumbList","22","no","no"
"/tienda/boligrafo-amber/","producto","47024","Bolígrafo Amber Personalizado con Logo | Promocionales J&J | Promocionales J&J","Bolígrafo Amber","https://promocionalesjj.co/tienda/boligrafo-amber/","","Bolígrafo Amber personalizado con tu logo en Colombia. Ideal para regalos corporativos con entrega en Bogotá, Medellín, Cali, Barranquilla y Bucaramanga. Cotiza al","https://promocionalesjj.co/img/productos/boligrafo-amber.jpg","Organization Product BreadcrumbList","22","no","no"
"/tienda/boligrafo-artisan/","producto","47171","Boligrafo Artisan Personalizado con Logo | Promocionales J&J | Promocionales J&J","Boligrafo Artisan","https://promocionalesjj.co/tienda/boligrafo-artisan/","","Boligrafo Artisan personalizado con tu logo en Colombia. Ideal para regalos corporativos con entrega en Bogotá, Medellín, Cali, Barranquilla y Bucaramanga. Cotiza","https://promocionalesjj.co/img/productos/boligrafo-artisan.jpg","Organization Product BreadcrumbList","22","no","no"
"/tienda/boligrafo-ashby/","producto","47111","Boligrafo Ashby Personalizado con Logo | Promocionales J&J | Promocionales J&J","Boligrafo Ashby","https://promocionalesjj.co/tienda/boligrafo-ashby/","","Boligrafo Ashby personalizado con tu logo en Colombia. Ideal para regalos corporativos con entrega en Bogotá, Medellín, Cali, Barranquilla y Bucaramanga. Cotiza al","https://promocionalesjj.co/img/productos/boligrafo-ashby.jpg","Organization Product BreadcrumbList","22","no","no"
"/tienda/boligrafo-aston-cartoon/","producto","47397","Boligrafo Aston-Cartoon Personalizado con Logo | Promocionales J&J | Promocionales J&J","Boligrafo Aston-Cartoon","https://promocionalesjj.co/tienda/boligrafo-aston-cartoon/","","Boligrafo Aston-Cartoon personalizado con tu logo en Colombia. Ideal para regalos corporativos con entrega en Bogotá, Medellín, Cali, Barranquilla y Bucaramanga","https://promocionalesjj.co/img/productos/boligrafo-aston-cartoon.jpg","Organization Product BreadcrumbList","22","no","no"
"/tienda/boligrafo-aston-eco/","producto","47413","Boligrafo Aston Eco Personalizado con Logo | Promocionales J&J | Promocionales J&J","Boligrafo Aston Eco","https://promocionalesjj.co/tienda/boligrafo-aston-eco/","","Boligrafo Aston Eco personalizado con tu logo en Colombia. Ideal para regalos corporativos con entrega en Bogotá, Medellín, Cali, Barranquilla y Bucaramanga. Cotiza","https://promocionalesjj.co/img/productos/boligrafo-aston-eco.jpg","Organization Product BreadcrumbList","22","no","no"
"/tienda/boligrafo-avert/","producto","46920","Boligrafo Avert Personalizado con Logo | Promocionales J&J | Promocionales J&J","Boligrafo Avert","https://promocionalesjj.co/tienda/boligrafo-avert/","","Boligrafo Avert personalizado con tu logo en Colombia. Ideal para regalos corporativos con entrega en Bogotá, Medellín, Cali, Barranquilla y Bucaramanga. Cotiza al","https://promocionalesjj.co/img/productos/_placeholder-jj.svg","Organization Product BreadcrumbList","23","no","no"
"/tienda/boligrafo-ballpop/","producto","47370","Boligrafo Ballpop Personalizado con Logo | Promocionales J&J | Promocionales J&J","Boligrafo Ballpop","https://promocionalesjj.co/tienda/boligrafo-ballpop/","","Boligrafo Ballpop personalizado con tu logo en Colombia. Ideal para regalos corporativos con entrega en Bogotá, Medellín, Cali, Barranquilla y Bucaramanga. Cotiza","https://promocionalesjj.co/img/productos/boligrafo-ballpop.jpg","Organization Product BreadcrumbList","23","si","no"
"/tienda/boligrafo-bamboo/","producto","47626","Boligrafo Bamboo Personalizado con Logo | Promocionales J&J | Promocionales J&J","Boligrafo Bamboo","https://promocionalesjj.co/tienda/boligrafo-bamboo/","","Boligrafo Bamboo personalizado con tu logo en Colombia. Ideal para regalos corporativos con entrega en Bogotá, Medellín, Cali, Barranquilla y Bucaramanga. Cotiza al","https://promocionalesjj.co/img/productos/boligrafo-bamboo.jpg","Organization Product BreadcrumbList","22","no","no"
"/tienda/boligrafo-bamboo-clip-eco/","producto","47619","Boligrafo Bamboo Clip Eco Personalizado con Logo | Promocionales J&J | Promocionales J&J","Boligrafo Bamboo Clip Eco","https://promocionalesjj.co/tienda/boligrafo-bamboo-clip-eco/","","Boligrafo Bamboo Clip Eco personalizado con tu logo en Colombia. Ideal para regalos corporativos con entrega en Bogotá, Medellín, Cali, Barranquilla y Bucaramanga","https://promocionalesjj.co/img/productos/boligrafo-bamboo-clip-eco.jpg","Organization Product BreadcrumbList","22","no","no"
"/tienda/boligrafo-baniri-bamboo/","producto","47438","Bolígrafo Baniri Bamboo Personalizado con Logo | Promocionales J&J | Promocionales J&J","Bolígrafo Baniri Bamboo","https://promocionalesjj.co/tienda/boligrafo-baniri-bamboo/","","Bolígrafo Baniri Bamboo personalizado con tu logo en Colombia. Ideal para regalos corporativos con entrega en Bogotá, Medellín, Cali, Barranquilla y Bucaramanga","https://promocionalesjj.co/img/productos/boligrafo-baniri-bamboo.jpg","Organization Product BreadcrumbList","22","no","no"
"/tienda/boligrafo-bennin-bamboo/","producto","47422","Bolígrafo Bennin Bamboo Personalizado con Logo | Promocionales J&J | Promocionales J&J","Bolígrafo Bennin Bamboo","https://promocionalesjj.co/tienda/boligrafo-bennin-bamboo/","","Bolígrafo Bennin Bamboo personalizado con tu logo en Colombia. Ideal para regalos corporativos con entrega en Bogotá, Medellín, Cali, Barranquilla y Bucaramanga","https://promocionalesjj.co/img/productos/boligrafo-bennin-bamboo.jpg","Organization Product BreadcrumbList","22","no","no"
"/tienda/boligrafo-bennin-bamboo-eco/","producto","47526","Bolígrafo Bennin Bamboo Eco Personalizado con Logo | Promocionales J&J | Promocionales J&J","Bolígrafo Bennin Bamboo Eco","https://promocionalesjj.co/tienda/boligrafo-bennin-bamboo-eco/","","Bolígrafo Bennin Bamboo Eco personalizado con tu logo en Colombia. Ideal para regalos corporativos con entrega en Bogotá, Medellín, Cali, Barranquilla y","https://promocionalesjj.co/img/productos/boligrafo-bennin-bamboo-eco.jpg","Organization Product BreadcrumbList","22","no","no"
"/tienda/boligrafo-big-bang/","producto","47472","Bolígrafo Big Bang Personalizado con Logo | Promocionales J&J | Promocionales J&J","Bolígrafo Big Bang","https://promocionalesjj.co/tienda/boligrafo-big-bang/","","Bolígrafo Big Bang personalizado con tu logo en Colombia. Ideal para regalos corporativos con entrega en Bogotá, Medellín, Cali, Barranquilla y Bucaramanga. Cotiza","https://promocionalesjj.co/img/productos/_placeholder-jj.svg","Organization Product BreadcrumbList","22","si","no"
"/tienda/boligrafo-blink/","producto","47083","Boligrafo Blink Personalizado con Logo | Promocionales J&J | Promocionales J&J","Boligrafo Blink","https://promocionalesjj.co/tienda/boligrafo-blink/","","Boligrafo Blink personalizado con tu logo en Colombia. Ideal para regalos corporativos con entrega en Bogotá, Medellín, Cali, Barranquilla y Bucaramanga. Cotiza al","https://promocionalesjj.co/img/productos/boligrafo-blink.jpg","Organization Product BreadcrumbList","22","no","no"
"/tienda/boligrafo-boost/","producto","47320","Boligrafo Boost Personalizado con Logo | Promocionales J&J | Promocionales J&J","Boligrafo Boost","https://promocionalesjj.co/tienda/boligrafo-boost/","","Boligrafo Boost personalizado con tu logo en Colombia. Ideal para regalos corporativos con entrega en Bogotá, Medellín, Cali, Barranquilla y Bucaramanga. Cotiza al","https://promocionalesjj.co/img/productos/boligrafo-boost.jpg","Organization Product BreadcrumbList","23","si","no"
"/tienda/boligrafo-brink-stylus/","producto","47286","Boligrafo Brink Stylus Personalizado con Logo | Promocionales J&J | Promocionales J&J","Boligrafo Brink Stylus","https://promocionalesjj.co/tienda/boligrafo-brink-stylus/","","Boligrafo Brink Stylus personalizado con tu logo en Colombia. Ideal para regalos corporativos con entrega en Bogotá, Medellín, Cali, Barranquilla y Bucaramanga","https://promocionalesjj.co/img/productos/boligrafo-brink-stylus.jpg","Organization Product BreadcrumbList","22","no","no"
"/tienda/boligrafo-calvin/","producto","47498","Boligrafo Calvin Personalizado con Logo | Promocionales J&J | Promocionales J&J","Boligrafo Calvin","https://promocionalesjj.co/tienda/boligrafo-calvin/","","Boligrafo Calvin personalizado con tu logo en Colombia. Ideal para regalos corporativos con entrega en Bogotá, Medellín, Cali, Barranquilla y Bucaramanga. Cotiza al","https://promocionalesjj.co/img/productos/boligrafo-calvin.jpg","Organization Product BreadcrumbList","22","no","no"
"/tienda/boligrafo-carson-3-1/","producto","47655","Boligrafo Carson 3-1 Personalizado con Logo | Promocionales J&J | Promocionales J&J","Boligrafo Carson 3-1","https://promocionalesjj.co/tienda/boligrafo-carson-3-1/","","Boligrafo Carson 3-1 personalizado con tu logo en Colombia. Ideal para regalos corporativos con entrega en Bogotá, Medellín, Cali, Barranquilla y Bucaramanga","https://promocionalesjj.co/img/productos/_placeholder-jj.svg","Organization Product BreadcrumbList","22","no","no"
"/tienda/boligrafo-carter-eco/","producto","47740","Boligrafo Carter-Eco Personalizado con Logo | Promocionales J&J | Promocionales J&J","Boligrafo Carter-Eco","https://promocionalesjj.co/tienda/boligrafo-carter-eco/","","Boligrafo Carter-Eco personalizado con tu logo en Colombia. Ideal para regalos corporativos con entrega en Bogotá, Medellín, Cali, Barranquilla y Bucaramanga","https://promocionalesjj.co/img/productos/boligrafo-carter-eco.jpg","Organization Product BreadcrumbList","22","no","no"
"/tienda/boligrafo-cartoon-mini/","producto","47750","Boligrafo Cartoon Mini Personalizado con Logo | Promocionales J&J | Promocionales J&J","Boligrafo Cartoon Mini","https://promocionalesjj.co/tienda/boligrafo-cartoon-mini/","","Boligrafo Cartoon Mini personalizado con tu logo en Colombia. Ideal para regalos corporativos con entrega en Bogotá, Medellín, Cali, Barranquilla y Bucaramanga","https://promocionalesjj.co/img/productos/boligrafo-cartoon-mini.jpg","Organization Product BreadcrumbList","22","no","no"
"/tienda/boligrafo-castell/","producto","47074","Bolígrafo Castell Personalizado con Logo | Promocionales J&J | Promocionales J&J","Bolígrafo Castell","https://promocionalesjj.co/tienda/boligrafo-castell/","","Bolígrafo Castell personalizado con tu logo en Colombia. Ideal para regalos corporativos con entrega en Bogotá, Medellín, Cali, Barranquilla y Bucaramanga. Cotiza","https://promocionalesjj.co/img/productos/_placeholder-jj.svg","Organization Product BreadcrumbList","22","no","no"
"/tienda/boligrafo-clasp-borrable/","producto","47436","Boligrafo Clasp Borrable Personalizado con Logo | Promocionales J&J | Promocionales J&J","Boligrafo Clasp Borrable","https://promocionalesjj.co/tienda/boligrafo-clasp-borrable/","","Boligrafo Clasp Borrable personalizado con tu logo en Colombia. Ideal para regalos corporativos con entrega en Bogotá, Medellín, Cali, Barranquilla y Bucaramanga","https://promocionalesjj.co/img/productos/boligrafo-clasp-borrable.jpg","Organization Product BreadcrumbList","22","no","no"
"/tienda/boligrafo-coffee-eco/","producto","47288","Boligrafo Coffee Eco Personalizado con Logo | Promocionales J&J | Promocionales J&J","Boligrafo Coffee Eco","https://promocionalesjj.co/tienda/boligrafo-coffee-eco/","","Boligrafo Coffee Eco personalizado con tu logo en Colombia. Ideal para regalos corporativos con entrega en Bogotá, Medellín, Cali, Barranquilla y Bucaramanga","https://promocionalesjj.co/img/productos/boligrafo-coffee-eco.jpg","Organization Product BreadcrumbList","22","no","no"
"/tienda/boligrafo-colgy-gyro/","producto","47176","Bolígrafo Colgy Gyro Personalizado con Logo | Promocionales J&J | Promocionales J&J","Bolígrafo Colgy Gyro","https://promocionalesjj.co/tienda/boligrafo-colgy-gyro/","","Bolígrafo Colgy Gyro personalizado con tu logo en Colombia. Ideal para regalos corporativos con entrega en Bogotá, Medellín, Cali, Barranquilla y Bucaramanga","https://promocionalesjj.co/img/productos/_placeholder-jj.svg","Organization Product BreadcrumbList","22","no","no"
"/tienda/boligrafo-cork-stand/","producto","47236","Boligrafo Cork Stand Personalizado con Logo | Promocionales J&J | Promocionales J&J","Boligrafo Cork Stand","https://promocionalesjj.co/tienda/boligrafo-cork-stand/","","Boligrafo Cork Stand personalizado con tu logo en Colombia. Ideal para regalos corporativos con entrega en Bogotá, Medellín, Cali, Barranquilla y Bucaramanga","https://promocionalesjj.co/img/productos/boligrafo-cork-stand.jpg","Organization Product BreadcrumbList","22","no","no"
"/tienda/boligrafo-cricket-2-1/","producto","47332","Bolígrafo Cricket 2-1 Personalizado con Logo | Promocionales J&J | Promocionales J&J","Bolígrafo Cricket 2-1","https://promocionalesjj.co/tienda/boligrafo-cricket-2-1/","","Bolígrafo Cricket 2-1 personalizado con tu logo en Colombia. Ideal para regalos corporativos con entrega en Bogotá, Medellín, Cali, Barranquilla y Bucaramanga","https://promocionalesjj.co/img/productos/boligrafo-cricket-2-1.jpg","Organization Product BreadcrumbList","22","no","no"
"/tienda/boligrafo-crystal-2-1-nuevo/","producto","48001","Boligrafo Crystal 2-1 Nuevo Personalizado con Logo | Promocionales J&J | Promocionales J&J","Boligrafo Crystal 2-1 Nuevo","https://promocionalesjj.co/tienda/boligrafo-crystal-2-1-nuevo/","","Boligrafo Crystal 2-1 Nuevo personalizado con tu logo en Colombia. Ideal para regalos corporativos con entrega en Bogotá, Medellín, Cali, Barranquilla y","https://promocionalesjj.co/img/productos/boligrafo-crystal-2-1-nuevo.jpg","Organization Product BreadcrumbList","22","no","no"
"/tienda/boligrafo-dash-frost/","producto","47228","Boligrafo Dash Frost Personalizado con Logo | Promocionales J&J | Promocionales J&J","Boligrafo Dash Frost","https://promocionalesjj.co/tienda/boligrafo-dash-frost/","","Boligrafo Dash Frost personalizado con tu logo en Colombia. Ideal para regalos corporativos con entrega en Bogotá, Medellín, Cali, Barranquilla y Bucaramanga","https://promocionalesjj.co/img/productos/boligrafo-dash-frost.jpg","Organization Product BreadcrumbList","22","no","no"
"/tienda/boligrafo-dash-solido/","producto","47271","Boligrafo Dash Solido Personalizado con Logo | Promocionales J&J | Promocionales J&J","Boligrafo Dash Solido","https://promocionalesjj.co/tienda/boligrafo-dash-solido/","","Boligrafo Dash Solido personalizado con tu logo en Colombia. Ideal para regalos corporativos con entrega en Bogotá, Medellín, Cali, Barranquilla y Bucaramanga","https://promocionalesjj.co/img/productos/boligrafo-dash-solido.jpg","Organization Product BreadcrumbList","22","no","no"
"/tienda/boligrafo-delphi/","producto","47146","Boligrafo Delphi Personalizado con Logo | Promocionales J&J | Promocionales J&J","Boligrafo Delphi","https://promocionalesjj.co/tienda/boligrafo-delphi/","","Boligrafo Delphi personalizado con tu logo en Colombia. Ideal para regalos corporativos con entrega en Bogotá, Medellín, Cali, Barranquilla y Bucaramanga. Cotiza al","https://promocionalesjj.co/img/productos/boligrafo-delphi.jpg","Organization Product BreadcrumbList","22","no","no"
"/tienda/boligrafo-deluxe-eco/","producto","47848","Boligrafo Deluxe Eco Personalizado con Logo | Promocionales J&J | Promocionales J&J","Boligrafo Deluxe Eco","https://promocionalesjj.co/tienda/boligrafo-deluxe-eco/","","Boligrafo Deluxe Eco personalizado con tu logo en Colombia. Ideal para regalos corporativos con entrega en Bogotá, Medellín, Cali, Barranquilla y Bucaramanga","https://promocionalesjj.co/img/productos/boligrafo-deluxe-eco.jpg","Organization Product BreadcrumbList","22","si","no"
"/tienda/boligrafo-devo/","producto","46948","Boligrafo Devo Personalizado con Logo | Promocionales J&J | Promocionales J&J","Boligrafo Devo","https://promocionalesjj.co/tienda/boligrafo-devo/","","Boligrafo Devo personalizado con tu logo en Colombia. Ideal para regalos corporativos con entrega en Bogotá, Medellín, Cali, Barranquilla y Bucaramanga. Cotiza al","https://promocionalesjj.co/img/productos/boligrafo-devo.jpg","Organization Product BreadcrumbList","22","no","no"
"/tienda/boligrafo-doctor-clip-pvc/","producto","47458","Bolígrafo Doctor Clip Pvc Personalizado con Logo | Promocionales J&J | Promocionales J&J","Bolígrafo Doctor Clip Pvc","https://promocionalesjj.co/tienda/boligrafo-doctor-clip-pvc/","","Bolígrafo Doctor Clip Pvc personalizado con tu logo en Colombia. Ideal para regalos corporativos con entrega en Bogotá, Medellín, Cali, Barranquilla y Bucaramanga","https://promocionalesjj.co/img/productos/_placeholder-jj.svg","Organization Product BreadcrumbList","22","no","no"
"/tienda/boligrafo-dormin-bamboo/","producto","47418","Bolígrafo Dormin Bamboo Personalizado con Logo | Promocionales J&J | Promocionales J&J","Bolígrafo Dormin Bamboo","https://promocionalesjj.co/tienda/boligrafo-dormin-bamboo/","","Bolígrafo Dormin Bamboo personalizado con tu logo en Colombia. Ideal para regalos corporativos con entrega en Bogotá, Medellín, Cali, Barranquilla y Bucaramanga","https://promocionalesjj.co/img/productos/_placeholder-jj.svg","Organization Product BreadcrumbList","22","no","no"
"/tienda/boligrafo-ecopetite/","producto","47930","Bolígrafo Ecopetite Personalizado con Logo | Promocionales J&J | Promocionales J&J","Bolígrafo Ecopetite","https://promocionalesjj.co/tienda/boligrafo-ecopetite/","","Bolígrafo Ecopetite personalizado con tu logo en Colombia. Ideal para regalos corporativos con entrega en Bogotá, Medellín, Cali, Barranquilla y Bucaramanga. Cotiza","https://promocionalesjj.co/img/productos/boligrafo-ecopetite.jpg","Organization Product BreadcrumbList","22","no","no"
"/tienda/boligrafo-elrik/","producto","47108","Bolígrafo Elrik Personalizado con Logo | Promocionales J&J | Promocionales J&J","Bolígrafo Elrik","https://promocionalesjj.co/tienda/boligrafo-elrik/","","Bolígrafo Elrik personalizado con tu logo en Colombia. Ideal para regalos corporativos con entrega en Bogotá, Medellín, Cali, Barranquilla y Bucaramanga. Cotiza al","https://promocionalesjj.co/img/productos/boligrafo-elrik.jpg","Organization Product BreadcrumbList","22","no","no"
"/tienda/boligrafo-flaggy-colombia/","producto","47425","Boligrafo Flaggy Colombia Personalizado con Logo | Promocionales J&J | Promocionales J&J","Boligrafo Flaggy Colombia","https://promocionalesjj.co/tienda/boligrafo-flaggy-colombia/","","Boligrafo Flaggy Colombia personalizado con tu logo en Colombia. Ideal para regalos corporativos con entrega en Bogotá, Medellín, Cali, Barranquilla y Bucaramanga","https://promocionalesjj.co/img/productos/_placeholder-jj.svg","Organization Product BreadcrumbList","22","no","no"
"/tienda/boligrafo-flom-4-1-antibacteriano/","producto","48133","Boligrafo Flom 4-1 Antibacteriano Personalizado con Logo | Promocionales J&J","Boligrafo Flom 4-1 Antibacteriano","https://promocionalesjj.co/tienda/boligrafo-flom-4-1-antibacteriano/","","Boligrafo Flom 4-1 Antibacteriano personalizado con tu logo en Colombia. Ideal para regalos corporativos con entrega en Bogotá, Medellín, Cali, Barranquilla y","https://promocionalesjj.co/img/productos/boligrafo-flom-4-1-antibacteriano.jpg","Organization Product BreadcrumbList","23","si","no"
"/tienda/boligrafo-forest-bamboo/","producto","47461","Boligrafo Forest Bamboo Personalizado con Logo | Promocionales J&J | Promocionales J&J","Boligrafo Forest Bamboo","https://promocionalesjj.co/tienda/boligrafo-forest-bamboo/","","Boligrafo Forest Bamboo personalizado con tu logo en Colombia. Ideal para regalos corporativos con entrega en Bogotá, Medellín, Cali, Barranquilla y Bucaramanga","https://promocionalesjj.co/img/productos/boligrafo-forest-bamboo.jpg","Organization Product BreadcrumbList","22","no","no"
"/tienda/boligrafo-foster/","producto","47114","Boligrafo Foster Personalizado con Logo | Promocionales J&J | Promocionales J&J","Boligrafo Foster","https://promocionalesjj.co/tienda/boligrafo-foster/","","Boligrafo Foster personalizado con tu logo en Colombia. Ideal para regalos corporativos con entrega en Bogotá, Medellín, Cali, Barranquilla y Bucaramanga. Cotiza al","https://promocionalesjj.co/img/productos/boligrafo-foster.jpg","Organization Product BreadcrumbList","22","no","no"
"/tienda/boligrafo-funk/","producto","47048","Boligrafo Funk Personalizado con Logo | Promocionales J&J | Promocionales J&J","Boligrafo Funk","https://promocionalesjj.co/tienda/boligrafo-funk/","","Boligrafo Funk personalizado con tu logo en Colombia. Ideal para regalos corporativos con entrega en Bogotá, Medellín, Cali, Barranquilla y Bucaramanga. Cotiza al","https://promocionalesjj.co/img/productos/boligrafo-funk.jpg","Organization Product BreadcrumbList","22","no","no"
"/tienda/boligrafo-gamma-rpet/","producto","47144","Boligrafo Gamma Rpet Personalizado con Logo | Promocionales J&J | Promocionales J&J","Boligrafo Gamma Rpet","https://promocionalesjj.co/tienda/boligrafo-gamma-rpet/","","Boligrafo Gamma Rpet personalizado con tu logo en Colombia. Ideal para regalos corporativos con entrega en Bogotá, Medellín, Cali, Barranquilla y Bucaramanga","https://promocionalesjj.co/img/productos/boligrafo-gamma-rpet.jpg","Organization Product BreadcrumbList","22","no","no"
"/tienda/boligrafo-geometric-eco/","producto","47421","Boligrafo Geometric Eco Personalizado con Logo | Promocionales J&J | Promocionales J&J","Boligrafo Geometric Eco","https://promocionalesjj.co/tienda/boligrafo-geometric-eco/","","Boligrafo Geometric Eco personalizado con tu logo en Colombia. Ideal para regalos corporativos con entrega en Bogotá, Medellín, Cali, Barranquilla y Bucaramanga","https://promocionalesjj.co/img/productos/boligrafo-geometric-eco.jpg","Organization Product BreadcrumbList","22","no","no"
"/tienda/boligrafo-glimmer/","producto","47099","Boligrafo Glimmer Personalizado con Logo | Promocionales J&J | Promocionales J&J","Boligrafo Glimmer","https://promocionalesjj.co/tienda/boligrafo-glimmer/","","Boligrafo Glimmer personalizado con tu logo en Colombia. Ideal para regalos corporativos con entrega en Bogotá, Medellín, Cali, Barranquilla y Bucaramanga. Cotiza","https://promocionalesjj.co/img/productos/boligrafo-glimmer.jpg","Organization Product BreadcrumbList","22","no","no"
"/tienda/boligrafo-grasp/","producto","47139","Boligrafo Grasp Personalizado con Logo | Promocionales J&J | Promocionales J&J","Boligrafo Grasp","https://promocionalesjj.co/tienda/boligrafo-grasp/","","Boligrafo Grasp personalizado con tu logo en Colombia. Ideal para regalos corporativos con entrega en Bogotá, Medellín, Cali, Barranquilla y Bucaramanga. Cotiza al","https://promocionalesjj.co/img/productos/_placeholder-jj.svg","Organization Product BreadcrumbList","22","no","no"
"/tienda/boligrafo-grayson-stylus-cork/","producto","47520","Boligrafo Grayson Stylus Cork Personalizado con Logo | Promocionales J&J","Boligrafo Grayson Stylus Cork","https://promocionalesjj.co/tienda/boligrafo-grayson-stylus-cork/","","Boligrafo Grayson Stylus Cork personalizado con tu logo en Colombia. Ideal para regalos corporativos con entrega en Bogotá, Medellín, Cali, Barranquilla y","https://promocionalesjj.co/img/productos/boligrafo-grayson-stylus-cork.jpg","Organization Product BreadcrumbList","22","no","no"
"/tienda/boligrafo-helix-bamboo/","producto","47414","Boligrafo Helix Bamboo Personalizado con Logo | Promocionales J&J | Promocionales J&J","Boligrafo Helix Bamboo","https://promocionalesjj.co/tienda/boligrafo-helix-bamboo/","","Boligrafo Helix Bamboo personalizado con tu logo en Colombia. Ideal para regalos corporativos con entrega en Bogotá, Medellín, Cali, Barranquilla y Bucaramanga","https://promocionalesjj.co/img/productos/boligrafo-helix-bamboo.jpg","Organization Product BreadcrumbList","22","no","no"
"/tienda/boligrafo-helmet/","producto","47067","Bolígrafo Helmet Personalizado con Logo | Promocionales J&J | Promocionales J&J","Bolígrafo Helmet","https://promocionalesjj.co/tienda/boligrafo-helmet/","","Bolígrafo Helmet personalizado con tu logo en Colombia. Ideal para regalos corporativos con entrega en Bogotá, Medellín, Cali, Barranquilla y Bucaramanga. Cotiza al","https://promocionalesjj.co/img/productos/boligrafo-helmet.jpg","Organization Product BreadcrumbList","22","no","no"
"/tienda/boligrafo-henley-bamboo/","producto","47418","Bolígrafo Henley Bamboo Personalizado con Logo | Promocionales J&J | Promocionales J&J","Bolígrafo Henley Bamboo","https://promocionalesjj.co/tienda/boligrafo-henley-bamboo/","","Bolígrafo Henley Bamboo personalizado con tu logo en Colombia. Ideal para regalos corporativos con entrega en Bogotá, Medellín, Cali, Barranquilla y Bucaramanga","https://promocionalesjj.co/img/productos/boligrafo-henley-bamboo.jpg","Organization Product BreadcrumbList","22","no","no"
"/tienda/boligrafo-hollis/","producto","47067","Bolígrafo Hollis Personalizado con Logo | Promocionales J&J | Promocionales J&J","Bolígrafo Hollis","https://promocionalesjj.co/tienda/boligrafo-hollis/","","Bolígrafo Hollis personalizado con tu logo en Colombia. Ideal para regalos corporativos con entrega en Bogotá, Medellín, Cali, Barranquilla y Bucaramanga. Cotiza al","https://promocionalesjj.co/img/productos/boligrafo-hollis.jpg","Organization Product BreadcrumbList","22","no","no"
"/tienda/boligrafo-hollis-pastel/","producto","47306","Bolígrafo Hollis Pastel Personalizado con Logo | Promocionales J&J | Promocionales J&J","Bolígrafo Hollis Pastel","https://promocionalesjj.co/tienda/boligrafo-hollis-pastel/","","Bolígrafo Hollis Pastel personalizado con tu logo en Colombia. Ideal para regalos corporativos con entrega en Bogotá, Medellín, Cali, Barranquilla y Bucaramanga","https://promocionalesjj.co/img/productos/boligrafo-hollis-pastel.jpg","Organization Product BreadcrumbList","22","no","no"
"/tienda/boligrafo-hollow-cartoon/","producto","47776","Boligrafo Hollow Cartoon Personalizado con Logo | Promocionales J&J | Promocionales J&J","Boligrafo Hollow Cartoon","https://promocionalesjj.co/tienda/boligrafo-hollow-cartoon/","","Boligrafo Hollow Cartoon personalizado con tu logo en Colombia. Ideal para regalos corporativos con entrega en Bogotá, Medellín, Cali, Barranquilla y Bucaramanga","https://promocionalesjj.co/img/productos/boligrafo-hollow-cartoon.jpg","Organization Product BreadcrumbList","22","no","no"
"/tienda/boligrafo-hollow-eco/","producto","47384","Boligrafo Hollow Eco Personalizado con Logo | Promocionales J&J | Promocionales J&J","Boligrafo Hollow Eco","https://promocionalesjj.co/tienda/boligrafo-hollow-eco/","","Boligrafo Hollow Eco personalizado con tu logo en Colombia. Ideal para regalos corporativos con entrega en Bogotá, Medellín, Cali, Barranquilla y Bucaramanga","https://promocionalesjj.co/img/productos/boligrafo-hollow-eco.jpg","Organization Product BreadcrumbList","22","no","no"
"/tienda/boligrafo-holographic/","producto","47719","Boligrafo Holographic Personalizado con Logo | Promocionales J&J | Promocionales J&J","Boligrafo Holographic","https://promocionalesjj.co/tienda/boligrafo-holographic/","","Boligrafo Holographic personalizado con tu logo en Colombia. Ideal para regalos corporativos con entrega en Bogotá, Medellín, Cali, Barranquilla y Bucaramanga","https://promocionalesjj.co/img/productos/boligrafo-holographic.jpg","Organization Product BreadcrumbList","22","no","no"
"/tienda/boligrafo-infinity-2-1/","producto","47858","Boligrafo Infinity 2-1 Personalizado con Logo | Promocionales J&J | Promocionales J&J","Boligrafo Infinity 2-1","https://promocionalesjj.co/tienda/boligrafo-infinity-2-1/","","Boligrafo Infinity 2-1 personalizado con tu logo en Colombia. Ideal para regalos corporativos con entrega en Bogotá, Medellín, Cali, Barranquilla y Bucaramanga","https://promocionalesjj.co/img/productos/boligrafo-infinity-2-1.jpg","Organization Product BreadcrumbList","22","si","no"
"/tienda/boligrafo-jenkin/","producto","47446","Boligrafo Jenkin Personalizado con Logo | Promocionales J&J | Promocionales J&J","Boligrafo Jenkin","https://promocionalesjj.co/tienda/boligrafo-jenkin/","","Boligrafo Jenkin personalizado con tu logo en Colombia. Ideal para regalos corporativos con entrega en Bogotá, Medellín, Cali, Barranquilla y Bucaramanga. Cotiza al","https://promocionalesjj.co/img/productos/boligrafo-jenkin.jpg","Organization Product BreadcrumbList","22","no","no"
"/tienda/boligrafo-jeringa/","producto","47174","Bolígrafo Jeringa Personalizado con Logo | Promocionales J&J | Promocionales J&J","Bolígrafo Jeringa","https://promocionalesjj.co/tienda/boligrafo-jeringa/","","Bolígrafo Jeringa personalizado con tu logo en Colombia. Ideal para regalos corporativos con entrega en Bogotá, Medellín, Cali, Barranquilla y Bucaramanga. Cotiza","https://promocionalesjj.co/img/productos/_placeholder-jj.svg","Organization Product BreadcrumbList","22","no","no"
"/tienda/boligrafo-jester-coffee/","producto","47417","Boligrafo Jester Coffee Personalizado con Logo | Promocionales J&J | Promocionales J&J","Boligrafo Jester Coffee","https://promocionalesjj.co/tienda/boligrafo-jester-coffee/","","Boligrafo Jester Coffee personalizado con tu logo en Colombia. Ideal para regalos corporativos con entrega en Bogotá, Medellín, Cali, Barranquilla y Bucaramanga","https://promocionalesjj.co/img/productos/boligrafo-jester-coffee.jpg","Organization Product BreadcrumbList","22","no","no"
"/tienda/boligrafo-jovi/","producto","46952","Boligrafo Jovi Personalizado con Logo | Promocionales J&J | Promocionales J&J","Boligrafo Jovi","https://promocionalesjj.co/tienda/boligrafo-jovi/","","Boligrafo Jovi personalizado con tu logo en Colombia. Ideal para regalos corporativos con entrega en Bogotá, Medellín, Cali, Barranquilla y Bucaramanga. Cotiza al","https://promocionalesjj.co/img/productos/boligrafo-jovi.jpg","Organization Product BreadcrumbList","22","no","no"
"/tienda/boligrafo-jovi-eco/","producto","47310","Boligrafo Jovi Eco Personalizado con Logo | Promocionales J&J | Promocionales J&J","Boligrafo Jovi Eco","https://promocionalesjj.co/tienda/boligrafo-jovi-eco/","","Boligrafo Jovi Eco personalizado con tu logo en Colombia. Ideal para regalos corporativos con entrega en Bogotá, Medellín, Cali, Barranquilla y Bucaramanga. Cotiza","https://promocionalesjj.co/img/productos/boligrafo-jovi-eco.jpg","Organization Product BreadcrumbList","22","no","no"
"/tienda/boligrafo-jovi-metalizado/","producto","47363","Boligrafo Jovi Metalizado Personalizado con Logo | Promocionales J&J | Promocionales J&J","Boligrafo Jovi Metalizado","https://promocionalesjj.co/tienda/boligrafo-jovi-metalizado/","","Boligrafo Jovi Metalizado personalizado con tu logo en Colombia. Ideal para regalos corporativos con entrega en Bogotá, Medellín, Cali, Barranquilla y Bucaramanga","https://promocionalesjj.co/img/productos/boligrafo-jovi-metalizado.jpg","Organization Product BreadcrumbList","22","no","no"
"/tienda/boligrafo-kent/","producto","46981","Bolígrafo Kent Personalizado con Logo | Promocionales J&J | Promocionales J&J","Bolígrafo Kent","https://promocionalesjj.co/tienda/boligrafo-kent/","","Bolígrafo Kent personalizado con tu logo en Colombia. Ideal para regalos corporativos con entrega en Bogotá, Medellín, Cali, Barranquilla y Bucaramanga. Cotiza al","https://promocionalesjj.co/img/productos/boligrafo-kent.jpg","Organization Product BreadcrumbList","22","no","no"
"/tienda/boligrafo-kerlin/","producto","47142","Bolígrafo Kerlin Personalizado con Logo | Promocionales J&J | Promocionales J&J","Bolígrafo Kerlin","https://promocionalesjj.co/tienda/boligrafo-kerlin/","","Bolígrafo Kerlin personalizado con tu logo en Colombia. Ideal para regalos corporativos con entrega en Bogotá, Medellín, Cali, Barranquilla y Bucaramanga. Cotiza al","https://promocionalesjj.co/img/productos/_placeholder-jj.svg","Organization Product BreadcrumbList","22","no","no"
"/tienda/boligrafo-kord-bamboo/","producto","47298","Bolígrafo Kord Bamboo Personalizado con Logo | Promocionales J&J | Promocionales J&J","Bolígrafo Kord Bamboo","https://promocionalesjj.co/tienda/boligrafo-kord-bamboo/","","Bolígrafo Kord Bamboo personalizado con tu logo en Colombia. Ideal para regalos corporativos con entrega en Bogotá, Medellín, Cali, Barranquilla y Bucaramanga","https://promocionalesjj.co/img/productos/_placeholder-jj.svg","Organization Product BreadcrumbList","22","no","no"
"/tienda/boligrafo-landon/","producto","47067","Bolígrafo Landon Personalizado con Logo | Promocionales J&J | Promocionales J&J","Bolígrafo Landon","https://promocionalesjj.co/tienda/boligrafo-landon/","","Bolígrafo Landon personalizado con tu logo en Colombia. Ideal para regalos corporativos con entrega en Bogotá, Medellín, Cali, Barranquilla y Bucaramanga. Cotiza al","https://promocionalesjj.co/img/productos/boligrafo-landon.jpg","Organization Product BreadcrumbList","22","no","no"
"/tienda/boligrafo-lepper/","producto","47034","Boligrafo Lepper Personalizado con Logo | Promocionales J&J | Promocionales J&J","Boligrafo Lepper","https://promocionalesjj.co/tienda/boligrafo-lepper/","","Boligrafo Lepper personalizado con tu logo en Colombia. Ideal para regalos corporativos con entrega en Bogotá, Medellín, Cali, Barranquilla y Bucaramanga. Cotiza al","https://promocionalesjj.co/img/productos/boligrafo-lepper.jpg","Organization Product BreadcrumbList","22","no","no"
"/tienda/boligrafo-lit/","producto","46905","Boligrafo Lit Personalizado con Logo | Promocionales J&J | Promocionales J&J","Boligrafo Lit","https://promocionalesjj.co/tienda/boligrafo-lit/","","Boligrafo Lit personalizado con tu logo en Colombia. Ideal para regalos corporativos con entrega en Bogotá, Medellín, Cali, Barranquilla y Bucaramanga. Cotiza al","https://promocionalesjj.co/img/productos/boligrafo-lit.jpg","Organization Product BreadcrumbList","22","no","no"
"/tienda/boligrafo-lizzy/","producto","46991","Boligrafo Lizzy Personalizado con Logo | Promocionales J&J | Promocionales J&J","Boligrafo Lizzy","https://promocionalesjj.co/tienda/boligrafo-lizzy/","","Boligrafo Lizzy personalizado con tu logo en Colombia. Ideal para regalos corporativos con entrega en Bogotá, Medellín, Cali, Barranquilla y Bucaramanga. Cotiza al","https://promocionalesjj.co/img/productos/boligrafo-lizzy.jpg","Organization Product BreadcrumbList","22","no","no"
"/tienda/boligrafo-lolly-bamboo-eco/","producto","47594","Boligrafo Lolly Bamboo Eco Personalizado con Logo | Promocionales J&J | Promocionales J&J","Boligrafo Lolly Bamboo Eco","https://promocionalesjj.co/tienda/boligrafo-lolly-bamboo-eco/","","Boligrafo Lolly Bamboo Eco personalizado con tu logo en Colombia. Ideal para regalos corporativos con entrega en Bogotá, Medellín, Cali, Barranquilla y Bucaramanga","https://promocionalesjj.co/img/productos/boligrafo-lolly-bamboo-eco.jpg","Organization Product BreadcrumbList","22","no","no"
"/tienda/boligrafo-luana/","producto","47064","Bolígrafo Luana Personalizado con Logo | Promocionales J&J | Promocionales J&J","Bolígrafo Luana","https://promocionalesjj.co/tienda/boligrafo-luana/","","Bolígrafo Luana personalizado con tu logo en Colombia. Ideal para regalos corporativos con entrega en Bogotá, Medellín, Cali, Barranquilla y Bucaramanga. Cotiza al","https://promocionalesjj.co/img/productos/boligrafo-luana.jpg","Organization Product BreadcrumbList","22","no","no"
"/tienda/boligrafo-lynx-frost/","producto","47175","Boligrafo Lynx Frost Personalizado con Logo | Promocionales J&J | Promocionales J&J","Boligrafo Lynx Frost","https://promocionalesjj.co/tienda/boligrafo-lynx-frost/","","Boligrafo Lynx Frost personalizado con tu logo en Colombia. Ideal para regalos corporativos con entrega en Bogotá, Medellín, Cali, Barranquilla y Bucaramanga","https://promocionalesjj.co/img/productos/_placeholder-jj.svg","Organization Product BreadcrumbList","22","no","no"
"/tienda/boligrafo-lynx-solido/","producto","47209","Boligrafo Lynx Solido Personalizado con Logo | Promocionales J&J | Promocionales J&J","Boligrafo Lynx Solido","https://promocionalesjj.co/tienda/boligrafo-lynx-solido/","","Boligrafo Lynx Solido personalizado con tu logo en Colombia. Ideal para regalos corporativos con entrega en Bogotá, Medellín, Cali, Barranquilla y Bucaramanga","https://promocionalesjj.co/img/productos/_placeholder-jj.svg","Organization Product BreadcrumbList","22","no","no"
"/tienda/boligrafo-maddax-gel/","producto","47712","Boligrafo Maddax Gel Personalizado con Logo | Promocionales J&J | Promocionales J&J","Boligrafo Maddax Gel","https://promocionalesjj.co/tienda/boligrafo-maddax-gel/","","Boligrafo Maddax Gel personalizado con tu logo en Colombia. Ideal para regalos corporativos con entrega en Bogotá, Medellín, Cali, Barranquilla y Bucaramanga","https://promocionalesjj.co/img/productos/boligrafo-maddax-gel.jpg","Organization Product BreadcrumbList","22","no","no"
"/tienda/boligrafo-maze/","producto","47488","Boligrafo Maze Personalizado con Logo | Promocionales J&J | Promocionales J&J","Boligrafo Maze","https://promocionalesjj.co/tienda/boligrafo-maze/","","Boligrafo Maze personalizado con tu logo en Colombia. Ideal para regalos corporativos con entrega en Bogotá, Medellín, Cali, Barranquilla y Bucaramanga. Cotiza al","https://promocionalesjj.co/img/productos/boligrafo-maze.jpg","Organization Product BreadcrumbList","22","no","no"
"/tienda/boligrafo-medic/","producto","47559","Boligrafo Medic Personalizado con Logo | Promocionales J&J | Promocionales J&J","Boligrafo Medic","https://promocionalesjj.co/tienda/boligrafo-medic/","","Boligrafo Medic personalizado con tu logo en Colombia. Ideal para regalos corporativos con entrega en Bogotá, Medellín, Cali, Barranquilla y Bucaramanga. Cotiza al","https://promocionalesjj.co/img/productos/boligrafo-medic.jpg","Organization Product BreadcrumbList","22","no","no"
"/tienda/boligrafo-merrick/","producto","47299","Boligrafo Merrick Personalizado con Logo | Promocionales J&J | Promocionales J&J","Boligrafo Merrick","https://promocionalesjj.co/tienda/boligrafo-merrick/","","Boligrafo Merrick personalizado con tu logo en Colombia. Ideal para regalos corporativos con entrega en Bogotá, Medellín, Cali, Barranquilla y Bucaramanga. Cotiza","https://promocionalesjj.co/img/productos/boligrafo-merrick.jpg","Organization Product BreadcrumbList","22","no","no"
"/tienda/boligrafo-metalico-shell/","producto","47440","Boligrafo Metalico Shell Personalizado con Logo | Promocionales J&J | Promocionales J&J","Boligrafo Metalico Shell","https://promocionalesjj.co/tienda/boligrafo-metalico-shell/","","Boligrafo Metalico Shell personalizado con tu logo en Colombia. Ideal para regalos corporativos con entrega en Bogotá, Medellín, Cali, Barranquilla y Bucaramanga","https://promocionalesjj.co/img/productos/boligrafo-metalico-shell.jpg","Organization Product BreadcrumbList","22","si","no"
"/tienda/boligrafo-mini-dwell/","producto","47693","Bolígrafo Mini Dwell Personalizado con Logo | Promocionales J&J | Promocionales J&J","Bolígrafo Mini Dwell","https://promocionalesjj.co/tienda/boligrafo-mini-dwell/","","Bolígrafo Mini Dwell personalizado con tu logo en Colombia. Ideal para regalos corporativos con entrega en Bogotá, Medellín, Cali, Barranquilla y Bucaramanga","https://promocionalesjj.co/img/productos/boligrafo-mini-dwell.jpg","Organization Product BreadcrumbList","22","no","no"
"/tienda/boligrafo-mop-like-stylus/","producto","47595","Boligrafo Mop Like Stylus Personalizado con Logo | Promocionales J&J | Promocionales J&J","Boligrafo Mop Like Stylus","https://promocionalesjj.co/tienda/boligrafo-mop-like-stylus/","","Boligrafo Mop Like Stylus personalizado con tu logo en Colombia. Ideal para regalos corporativos con entrega en Bogotá, Medellín, Cali, Barranquilla y Bucaramanga","https://promocionalesjj.co/img/productos/boligrafo-mop-like-stylus.jpg","Organization Product BreadcrumbList","22","no","no"
"/tienda/boligrafo-morris-roller/","producto","47482","Bolígrafo Morris Roller Personalizado con Logo | Promocionales J&J | Promocionales J&J","Bolígrafo Morris Roller","https://promocionalesjj.co/tienda/boligrafo-morris-roller/","","Bolígrafo Morris Roller personalizado con tu logo en Colombia. Ideal para regalos corporativos con entrega en Bogotá, Medellín, Cali, Barranquilla y Bucaramanga","https://promocionalesjj.co/img/productos/_placeholder-jj.svg","Organization Product BreadcrumbList","22","no","no"
"/tienda/boligrafo-multi-metal-4-1-nuevo/","producto","47598","Boligrafo Multi Metal 4-1 Nuevo Personalizado con Logo | Promocionales J&J","Boligrafo Multi Metal 4-1 Nuevo","https://promocionalesjj.co/tienda/boligrafo-multi-metal-4-1-nuevo/","","Boligrafo Multi Metal 4-1 Nuevo personalizado con tu logo en Colombia. Ideal para regalos corporativos con entrega en Bogotá, Medellín, Cali, Barranquilla y","https://promocionalesjj.co/img/productos/boligrafo-multi-metal-4-1-nuevo.jpg","Organization Product BreadcrumbList","22","no","no"
"/tienda/boligrafo-mystic/","producto","47190","Boligrafo Mystic Personalizado con Logo | Promocionales J&J | Promocionales J&J","Boligrafo Mystic","https://promocionalesjj.co/tienda/boligrafo-mystic/","","Boligrafo Mystic personalizado con tu logo en Colombia. Ideal para regalos corporativos con entrega en Bogotá, Medellín, Cali, Barranquilla y Bucaramanga. Cotiza al","https://promocionalesjj.co/img/productos/boligrafo-mystic.jpg","Organization Product BreadcrumbList","22","no","no"
"/tienda/boligrafo-nest/","producto","47100","Boligrafo Nest Personalizado con Logo | Promocionales J&J | Promocionales J&J","Boligrafo Nest","https://promocionalesjj.co/tienda/boligrafo-nest/","","Boligrafo Nest personalizado con tu logo en Colombia. Ideal para regalos corporativos con entrega en Bogotá, Medellín, Cali, Barranquilla y Bucaramanga. Cotiza al","https://promocionalesjj.co/img/productos/boligrafo-nest.jpg","Organization Product BreadcrumbList","22","no","no"
"/tienda/boligrafo-oswin-roller/","producto","47192","Bolígrafo Oswin Roller Personalizado con Logo | Promocionales J&J | Promocionales J&J","Bolígrafo Oswin Roller","https://promocionalesjj.co/tienda/boligrafo-oswin-roller/","","Bolígrafo Oswin Roller personalizado con tu logo en Colombia. Ideal para regalos corporativos con entrega en Bogotá, Medellín, Cali, Barranquilla y Bucaramanga","https://promocionalesjj.co/img/productos/_placeholder-jj.svg","Organization Product BreadcrumbList","22","no","no"
"/tienda/boligrafo-para-anotador-of-406/","producto","47623","Boligrafo Para Anotador Of-406 Personalizado con Logo | Promocionales J&J","Boligrafo Para Anotador Of-406","https://promocionalesjj.co/tienda/boligrafo-para-anotador-of-406/","","Boligrafo Para Anotador Of-406 personalizado con tu logo en Colombia. Ideal para regalos corporativos con entrega en Bogotá, Medellín, Cali, Barranquilla y","https://promocionalesjj.co/img/productos/boligrafo-para-anotador-of-406.jpg","Organization Product BreadcrumbList","22","no","no"
"/tienda/boligrafo-pebble/","producto","47123","Bolígrafo Pebble Personalizado con Logo | Promocionales J&J | Promocionales J&J","Bolígrafo Pebble","https://promocionalesjj.co/tienda/boligrafo-pebble/","","Bolígrafo Pebble personalizado con tu logo en Colombia. Ideal para regalos corporativos con entrega en Bogotá, Medellín, Cali, Barranquilla y Bucaramanga. Cotiza al","https://promocionalesjj.co/img/productos/boligrafo-pebble.jpg","Organization Product BreadcrumbList","22","no","no"
"/tienda/boligrafo-portent-cartoon/","producto","47603","Boligrafo Portent Cartoon Personalizado con Logo | Promocionales J&J | Promocionales J&J","Boligrafo Portent Cartoon","https://promocionalesjj.co/tienda/boligrafo-portent-cartoon/","","Boligrafo Portent Cartoon personalizado con tu logo en Colombia. Ideal para regalos corporativos con entrega en Bogotá, Medellín, Cali, Barranquilla y Bucaramanga","https://promocionalesjj.co/img/productos/boligrafo-portent-cartoon.jpg","Organization Product BreadcrumbList","22","no","no"
"/tienda/boligrafo-ralph/","producto","46991","Boligrafo Ralph Personalizado con Logo | Promocionales J&J | Promocionales J&J","Boligrafo Ralph","https://promocionalesjj.co/tienda/boligrafo-ralph/","","Boligrafo Ralph personalizado con tu logo en Colombia. Ideal para regalos corporativos con entrega en Bogotá, Medellín, Cali, Barranquilla y Bucaramanga. Cotiza al","https://promocionalesjj.co/img/productos/boligrafo-ralph.jpg","Organization Product BreadcrumbList","22","no","no"
"/tienda/boligrafo-rapid-gel/","producto","47709","Boligrafo Rapid Gel Personalizado con Logo | Promocionales J&J | Promocionales J&J","Boligrafo Rapid Gel","https://promocionalesjj.co/tienda/boligrafo-rapid-gel/","","Boligrafo Rapid Gel personalizado con tu logo en Colombia. Ideal para regalos corporativos con entrega en Bogotá, Medellín, Cali, Barranquilla y Bucaramanga. Cotiza","https://promocionalesjj.co/img/productos/boligrafo-rapid-gel.jpg","Organization Product BreadcrumbList","22","no","no"
"/tienda/boligrafo-roller-delphi/","producto","47357","Boligrafo Roller Delphi Personalizado con Logo | Promocionales J&J | Promocionales J&J","Boligrafo Roller Delphi","https://promocionalesjj.co/tienda/boligrafo-roller-delphi/","","Boligrafo Roller Delphi personalizado con tu logo en Colombia. Ideal para regalos corporativos con entrega en Bogotá, Medellín, Cali, Barranquilla y Bucaramanga","https://promocionalesjj.co/img/productos/boligrafo-roller-delphi.jpg","Organization Product BreadcrumbList","22","no","no"
"/tienda/boligrafo-rompecabezas/","producto","47247","Boligrafo Rompecabezas Personalizado con Logo | Promocionales J&J | Promocionales J&J","Boligrafo Rompecabezas","https://promocionalesjj.co/tienda/boligrafo-rompecabezas/","","Boligrafo Rompecabezas personalizado con tu logo en Colombia. Ideal para regalos corporativos con entrega en Bogotá, Medellín, Cali, Barranquilla y Bucaramanga","https://promocionalesjj.co/img/productos/_placeholder-jj.svg","Organization Product BreadcrumbList","22","no","no"
"/tienda/boligrafo-rush-neon/","producto","47149","Boligrafo Rush Neon Personalizado con Logo | Promocionales J&J | Promocionales J&J","Boligrafo Rush Neon","https://promocionalesjj.co/tienda/boligrafo-rush-neon/","","Boligrafo Rush Neon personalizado con tu logo en Colombia. Ideal para regalos corporativos con entrega en Bogotá, Medellín, Cali, Barranquilla y Bucaramanga. Cotiza","https://promocionalesjj.co/img/productos/boligrafo-rush-neon.jpg","Organization Product BreadcrumbList","22","no","no"
"/tienda/boligrafo-sawyer/","producto","47101","Boligrafo Sawyer Personalizado con Logo | Promocionales J&J | Promocionales J&J","Boligrafo Sawyer","https://promocionalesjj.co/tienda/boligrafo-sawyer/","","Boligrafo Sawyer personalizado con tu logo en Colombia. Ideal para regalos corporativos con entrega en Bogotá, Medellín, Cali, Barranquilla y Bucaramanga. Cotiza al","https://promocionalesjj.co/img/productos/_placeholder-jj.svg","Organization Product BreadcrumbList","22","no","no"
"/tienda/boligrafo-scroll/","producto","47205","Boligrafo Scroll Personalizado con Logo | Promocionales J&J | Promocionales J&J","Boligrafo Scroll","https://promocionalesjj.co/tienda/boligrafo-scroll/","","Boligrafo Scroll personalizado con tu logo en Colombia. Ideal para regalos corporativos con entrega en Bogotá, Medellín, Cali, Barranquilla y Bucaramanga. Cotiza al","https://promocionalesjj.co/img/productos/_placeholder-jj.svg","Organization Product BreadcrumbList","22","no","no"
"/tienda/boligrafo-selva-metalizado/","producto","47406","Boligrafo Selva Metalizado Personalizado con Logo | Promocionales J&J | Promocionales J&J","Boligrafo Selva Metalizado","https://promocionalesjj.co/tienda/boligrafo-selva-metalizado/","","Boligrafo Selva Metalizado personalizado con tu logo en Colombia. Ideal para regalos corporativos con entrega en Bogotá, Medellín, Cali, Barranquilla y Bucaramanga","https://promocionalesjj.co/img/productos/boligrafo-selva-metalizado.jpg","Organization Product BreadcrumbList","22","no","no"
"/tienda/boligrafo-selva-pastel/","producto","47234","Boligrafo Selva Pastel Personalizado con Logo | Promocionales J&J | Promocionales J&J","Boligrafo Selva Pastel","https://promocionalesjj.co/tienda/boligrafo-selva-pastel/","","Boligrafo Selva Pastel personalizado con tu logo en Colombia. Ideal para regalos corporativos con entrega en Bogotá, Medellín, Cali, Barranquilla y Bucaramanga","https://promocionalesjj.co/img/productos/boligrafo-selva-pastel.jpg","Organization Product BreadcrumbList","22","no","no"
"/tienda/boligrafo-shimmer/","producto","47129","Boligrafo Shimmer Personalizado con Logo | Promocionales J&J | Promocionales J&J","Boligrafo Shimmer","https://promocionalesjj.co/tienda/boligrafo-shimmer/","","Boligrafo Shimmer personalizado con tu logo en Colombia. Ideal para regalos corporativos con entrega en Bogotá, Medellín, Cali, Barranquilla y Bucaramanga. Cotiza","https://promocionalesjj.co/img/productos/_placeholder-jj.svg","Organization Product BreadcrumbList","22","no","no"
"/tienda/boligrafo-skip/","producto","47133","Bolígrafo Skip Personalizado con Logo | Promocionales J&J | Promocionales J&J","Bolígrafo Skip","https://promocionalesjj.co/tienda/boligrafo-skip/","","Bolígrafo Skip personalizado con tu logo en Colombia. Ideal para regalos corporativos con entrega en Bogotá, Medellín, Cali, Barranquilla y Bucaramanga. Cotiza al","https://promocionalesjj.co/img/productos/boligrafo-skip.jpg","Organization Product BreadcrumbList","22","no","no"
"/tienda/boligrafo-sookie/","producto","47111","Bolígrafo Sookie Personalizado con Logo | Promocionales J&J | Promocionales J&J","Bolígrafo Sookie","https://promocionalesjj.co/tienda/boligrafo-sookie/","","Bolígrafo Sookie personalizado con tu logo en Colombia. Ideal para regalos corporativos con entrega en Bogotá, Medellín, Cali, Barranquilla y Bucaramanga. Cotiza al","https://promocionalesjj.co/img/productos/boligrafo-sookie.jpg","Organization Product BreadcrumbList","22","no","no"
"/tienda/boligrafo-spray-max-antibacteriano/","producto","48711","Boligrafo Spray Max Antibacteriano Personalizado con Logo | Promocionales J&J","Boligrafo Spray Max Antibacteriano","https://promocionalesjj.co/tienda/boligrafo-spray-max-antibacteriano/","","Boligrafo Spray Max Antibacteriano personalizado con tu logo en Colombia. Ideal para regalos corporativos con entrega en Bogotá, Medellín, Cali, Barranquilla y","https://promocionalesjj.co/img/productos/boligrafo-spray-max-antibacteriano.jpg","Organization Product BreadcrumbList","22","no","no"
"/tienda/boligrafo-stand-pen/","producto","47510","Bolígrafo Stand Pen Personalizado con Logo | Promocionales J&J | Promocionales J&J","Bolígrafo Stand Pen","https://promocionalesjj.co/tienda/boligrafo-stand-pen/","","Bolígrafo Stand Pen personalizado con tu logo en Colombia. Ideal para regalos corporativos con entrega en Bogotá, Medellín, Cali, Barranquilla y Bucaramanga. Cotiza","https://promocionalesjj.co/img/productos/boligrafo-stand-pen.jpg","Organization Product BreadcrumbList","22","no","no"
"/tienda/boligrafo-summit-eco-bamboo/","producto","47486","Bolígrafo Summit Eco Bamboo Personalizado con Logo | Promocionales J&J | Promocionales J&J","Bolígrafo Summit Eco Bamboo","https://promocionalesjj.co/tienda/boligrafo-summit-eco-bamboo/","","Bolígrafo Summit Eco Bamboo personalizado con tu logo en Colombia. Ideal para regalos corporativos con entrega en Bogotá, Medellín, Cali, Barranquilla y","https://promocionalesjj.co/img/productos/boligrafo-summit-eco-bamboo.jpg","Organization Product BreadcrumbList","22","no","no"
"/tienda/boligrafo-summit-metal/","producto","47374","Boligrafo Summit Metal Personalizado con Logo | Promocionales J&J | Promocionales J&J","Boligrafo Summit Metal","https://promocionalesjj.co/tienda/boligrafo-summit-metal/","","Boligrafo Summit Metal personalizado con tu logo en Colombia. Ideal para regalos corporativos con entrega en Bogotá, Medellín, Cali, Barranquilla y Bucaramanga","https://promocionalesjj.co/img/productos/boligrafo-summit-metal.jpg","Organization Product BreadcrumbList","22","no","no"
"/tienda/boligrafo-summit-metal-cork/","producto","47433","Boligrafo Summit Metal Cork Personalizado con Logo | Promocionales J&J | Promocionales J&J","Boligrafo Summit Metal Cork","https://promocionalesjj.co/tienda/boligrafo-summit-metal-cork/","","Boligrafo Summit Metal Cork personalizado con tu logo en Colombia. Ideal para regalos corporativos con entrega en Bogotá, Medellín, Cali, Barranquilla y","https://promocionalesjj.co/img/productos/boligrafo-summit-metal-cork.jpg","Organization Product BreadcrumbList","22","no","no"
"/tienda/boligrafo-swift-eco/","producto","47401","Boligrafo Swift Eco Personalizado con Logo | Promocionales J&J | Promocionales J&J","Boligrafo Swift Eco","https://promocionalesjj.co/tienda/boligrafo-swift-eco/","","Boligrafo Swift Eco personalizado con tu logo en Colombia. Ideal para regalos corporativos con entrega en Bogotá, Medellín, Cali, Barranquilla y Bucaramanga. Cotiza","https://promocionalesjj.co/img/productos/boligrafo-swift-eco.jpg","Organization Product BreadcrumbList","22","no","no"
"/tienda/boligrafo-tankist-stylus/","producto","47360","Boligrafo Tankist Stylus Personalizado con Logo | Promocionales J&J | Promocionales J&J","Boligrafo Tankist Stylus","https://promocionalesjj.co/tienda/boligrafo-tankist-stylus/","","Boligrafo Tankist Stylus personalizado con tu logo en Colombia. Ideal para regalos corporativos con entrega en Bogotá, Medellín, Cali, Barranquilla y Bucaramanga","https://promocionalesjj.co/img/productos/boligrafo-tankist-stylus.jpg","Organization Product BreadcrumbList","22","no","no"
"/tienda/boligrafo-telson/","producto","47426","Bolígrafo Telson Personalizado con Logo | Promocionales J&J | Promocionales J&J","Bolígrafo Telson","https://promocionalesjj.co/tienda/boligrafo-telson/","","Bolígrafo Telson personalizado con tu logo en Colombia. Ideal para regalos corporativos con entrega en Bogotá, Medellín, Cali, Barranquilla y Bucaramanga. Cotiza al","https://promocionalesjj.co/img/productos/_placeholder-jj.svg","Organization Product BreadcrumbList","22","no","no"
"/tienda/boligrafo-tempo/","producto","47368","Bolígrafo Tempo Personalizado con Logo | Promocionales J&J | Promocionales J&J","Bolígrafo Tempo","https://promocionalesjj.co/tienda/boligrafo-tempo/","","Bolígrafo Tempo personalizado con tu logo en Colombia. Ideal para regalos corporativos con entrega en Bogotá, Medellín, Cali, Barranquilla y Bucaramanga. Cotiza al","https://promocionalesjj.co/img/productos/boligrafo-tempo.jpg","Organization Product BreadcrumbList","22","no","no"
"/tienda/boligrafo-vardis-bamboo/","producto","47977","Boligrafo Vardis Bamboo Personalizado con Logo | Promocionales J&J | Promocionales J&J","Boligrafo Vardis Bamboo","https://promocionalesjj.co/tienda/boligrafo-vardis-bamboo/","","Boligrafo Vardis Bamboo personalizado con tu logo en Colombia. Ideal para regalos corporativos con entrega en Bogotá, Medellín, Cali, Barranquilla y Bucaramanga","https://promocionalesjj.co/img/productos/boligrafo-vardis-bamboo.jpg","Organization Product BreadcrumbList","22","no","no"
"/tienda/boligrafo-vector-roller/","producto","47425","Boligrafo Vector Roller Personalizado con Logo | Promocionales J&J | Promocionales J&J","Boligrafo Vector Roller","https://promocionalesjj.co/tienda/boligrafo-vector-roller/","","Boligrafo Vector Roller personalizado con tu logo en Colombia. Ideal para regalos corporativos con entrega en Bogotá, Medellín, Cali, Barranquilla y Bucaramanga","https://promocionalesjj.co/img/productos/boligrafo-vector-roller.jpg","Organization Product BreadcrumbList","22","no","no"
"/tienda/boligrafo-ventura-bamboo-natural/","producto","48049","Boligrafo Ventura Bamboo Natural Personalizado con Logo | Promocionales J&J","Boligrafo Ventura Bamboo Natural","https://promocionalesjj.co/tienda/boligrafo-ventura-bamboo-natural/","","Boligrafo Ventura Bamboo Natural personalizado con tu logo en Colombia. Ideal para regalos corporativos con entrega en Bogotá, Medellín, Cali, Barranquilla y","https://promocionalesjj.co/img/productos/boligrafo-ventura-bamboo-natural.jpg","Organization Product BreadcrumbList","22","no","no"
"/tienda/boligrafo-ventura-barril-plata/","producto","47680","Boligrafo Ventura Barril Plata Personalizado con Logo | Promocionales J&J","Boligrafo Ventura Barril Plata","https://promocionalesjj.co/tienda/boligrafo-ventura-barril-plata/","","Boligrafo Ventura Barril Plata personalizado con tu logo en Colombia. Ideal para regalos corporativos con entrega en Bogotá, Medellín, Cali, Barranquilla y","https://promocionalesjj.co/img/productos/_placeholder-jj.svg","Organization Product BreadcrumbList","22","no","no"
"/tienda/boligrafo-ventura-clean-set/","producto","47502","Bolígrafo Ventura Clean Set Personalizado con Logo | Promocionales J&J | Promocionales J&J","Bolígrafo Ventura Clean Set","https://promocionalesjj.co/tienda/boligrafo-ventura-clean-set/","","Bolígrafo Ventura Clean Set personalizado con tu logo en Colombia. Ideal para regalos corporativos con entrega en Bogotá, Medellín, Cali, Barranquilla y","https://promocionalesjj.co/img/productos/_placeholder-jj.svg","Organization Product BreadcrumbList","22","no","no"
"/tienda/boligrafo-ventura-colombia/","producto","47478","Boligrafo Ventura Colombia Personalizado con Logo | Promocionales J&J | Promocionales J&J","Boligrafo Ventura Colombia","https://promocionalesjj.co/tienda/boligrafo-ventura-colombia/","","Boligrafo Ventura Colombia personalizado con tu logo en Colombia. Ideal para regalos corporativos con entrega en Bogotá, Medellín, Cali, Barranquilla y Bucaramanga","https://promocionalesjj.co/img/productos/boligrafo-ventura-colombia.jpg","Organization Product BreadcrumbList","22","no","no"
"/tienda/boligrafo-ventura-eco-bamboo/","producto","48673","Boligrafo Ventura Eco Bamboo Personalizado con Logo | Promocionales J&J","Boligrafo Ventura Eco Bamboo","https://promocionalesjj.co/tienda/boligrafo-ventura-eco-bamboo/","","Boligrafo Ventura Eco Bamboo personalizado con tu logo en Colombia. Ideal para regalos corporativos con entrega en Bogotá, Medellín, Cali, Barranquilla y","https://promocionalesjj.co/img/productos/boligrafo-ventura-eco-bamboo.jpg","Organization Product BreadcrumbList","22","no","no"
"/tienda/boligrafo-ventura-eco-fibra-de-trigo/","producto","48865","Boligrafo Ventura Eco Fibra De Trigo Personalizado con Logo | Promocionales J&J","Boligrafo Ventura Eco Fibra De Trigo","https://promocionalesjj.co/tienda/boligrafo-ventura-eco-fibra-de-trigo/","","Boligrafo Ventura Eco Fibra De Trigo personalizado con tu logo en Colombia. Ideal para regalos corporativos con entrega en Bogotá, Medellín, Cali, Barranquilla y","https://promocionalesjj.co/img/productos/boligrafo-ventura-eco-fibra-de-trigo.jpg","Organization Product BreadcrumbList","22","no","no"
"/tienda/boligrafo-ventura-spray-antibacteriano/","producto","49155","Boligrafo Ventura Spray Antibacteriano Personalizado con Logo | Promocionales J&J","Boligrafo Ventura Spray Antibacteriano","https://promocionalesjj.co/tienda/boligrafo-ventura-spray-antibacteriano/","","Boligrafo Ventura Spray Antibacteriano personalizado con tu logo en Colombia. Ideal para regalos corporativos con entrega en Bogotá, Medellín, Cali, Barranquilla y","https://promocionalesjj.co/img/productos/boligrafo-ventura-spray-antibacteriano.jpg","Organization Product BreadcrumbList","22","si","no"
"/tienda/boligrafo-vinnie/","producto","47551","Bolígrafo Vinnie Personalizado con Logo | Promocionales J&J | Promocionales J&J","Bolígrafo Vinnie","https://promocionalesjj.co/tienda/boligrafo-vinnie/","","Bolígrafo Vinnie personalizado con tu logo en Colombia. Ideal para regalos corporativos con entrega en Bogotá, Medellín, Cali, Barranquilla y Bucaramanga. Cotiza al","https://promocionalesjj.co/img/productos/boligrafo-vinnie.jpg","Organization Product BreadcrumbList","22","no","no"
"/tienda/boligrafo-vinnie-antibacteriano/","producto","49139","Boligrafo Vinnie Antibacteriano Personalizado con Logo | Promocionales J&J","Boligrafo Vinnie Antibacteriano","https://promocionalesjj.co/tienda/boligrafo-vinnie-antibacteriano/","","Boligrafo Vinnie Antibacteriano personalizado con tu logo en Colombia. Ideal para regalos corporativos con entrega en Bogotá, Medellín, Cali, Barranquilla y","https://promocionalesjj.co/img/productos/boligrafo-vinnie-antibacteriano.jpg","Organization Product BreadcrumbList","23","si","no"
"/tienda/boligrafo-vinnie-coffee/","producto","48389","Boligrafo Vinnie-Coffee Personalizado con Logo | Promocionales J&J | Promocionales J&J","Boligrafo Vinnie-Coffee","https://promocionalesjj.co/tienda/boligrafo-vinnie-coffee/","","Boligrafo Vinnie-Coffee personalizado con tu logo en Colombia. Ideal para regalos corporativos con entrega en Bogotá, Medellín, Cali, Barranquilla y Bucaramanga","https://promocionalesjj.co/img/productos/boligrafo-vinnie-coffee.jpg","Organization Product BreadcrumbList","22","no","no"
"/tienda/boligrafo-vinnie-eco/","producto","48236","Boligrafo Vinnie Eco Personalizado con Logo | Promocionales J&J | Promocionales J&J","Boligrafo Vinnie Eco","https://promocionalesjj.co/tienda/boligrafo-vinnie-eco/","","Boligrafo Vinnie Eco personalizado con tu logo en Colombia. Ideal para regalos corporativos con entrega en Bogotá, Medellín, Cali, Barranquilla y Bucaramanga","https://promocionalesjj.co/img/productos/boligrafo-vinnie-eco.jpg","Organization Product BreadcrumbList","22","no","no"
"/tienda/boligrafo-vinnie-grip/","producto","47263","Boligrafo Vinnie Grip Personalizado con Logo | Promocionales J&J | Promocionales J&J","Boligrafo Vinnie Grip","https://promocionalesjj.co/tienda/boligrafo-vinnie-grip/","","Boligrafo Vinnie Grip personalizado con tu logo en Colombia. Ideal para regalos corporativos con entrega en Bogotá, Medellín, Cali, Barranquilla y Bucaramanga","https://promocionalesjj.co/img/productos/boligrafo-vinnie-grip.jpg","Organization Product BreadcrumbList","22","no","no"
"/tienda/boligrafo-vinnie-pastel/","producto","47349","Boligrafo Vinnie Pastel Personalizado con Logo | Promocionales J&J | Promocionales J&J","Boligrafo Vinnie Pastel","https://promocionalesjj.co/tienda/boligrafo-vinnie-pastel/","","Boligrafo Vinnie Pastel personalizado con tu logo en Colombia. Ideal para regalos corporativos con entrega en Bogotá, Medellín, Cali, Barranquilla y Bucaramanga","https://promocionalesjj.co/img/productos/boligrafo-vinnie-pastel.jpg","Organization Product BreadcrumbList","22","no","no"
"/tienda/boligrafo-vinnie-stylus-antibacteriano/","producto","49444","Boligrafo Vinnie Stylus Antibacteriano Personalizado con Logo | Promocionales J&J","Boligrafo Vinnie Stylus Antibacteriano","https://promocionalesjj.co/tienda/boligrafo-vinnie-stylus-antibacteriano/","","Boligrafo Vinnie Stylus Antibacteriano personalizado con tu logo en Colombia. Ideal para regalos corporativos con entrega en Bogotá, Medellín, Cali, Barranquilla y","https://promocionalesjj.co/img/productos/boligrafo-vinnie-stylus-antibacteriano.jpg","Organization Product BreadcrumbList","23","si","no"
"/tienda/boligrafo-wister/","producto","47457","Boligrafo Wister Personalizado con Logo | Promocionales J&J | Promocionales J&J","Boligrafo Wister","https://promocionalesjj.co/tienda/boligrafo-wister/","","Boligrafo Wister personalizado con tu logo en Colombia. Ideal para regalos corporativos con entrega en Bogotá, Medellín, Cali, Barranquilla y Bucaramanga. Cotiza al","https://promocionalesjj.co/img/productos/_placeholder-jj.svg","Organization Product BreadcrumbList","22","no","no"
"/tienda/boligrafo-woody/","producto","47560","Bolígrafo Woody Personalizado con Logo | Promocionales J&J | Promocionales J&J","Bolígrafo Woody","https://promocionalesjj.co/tienda/boligrafo-woody/","","Bolígrafo Woody personalizado con tu logo en Colombia. Ideal para regalos corporativos con entrega en Bogotá, Medellín, Cali, Barranquilla y Bucaramanga. Cotiza al","https://promocionalesjj.co/img/productos/_placeholder-jj.svg","Organization Product BreadcrumbList","22","no","no"
"/tienda/boligrafo-ziwei-bamboo/","producto","47447","Bolígrafo Ziwei Bamboo Personalizado con Logo | Promocionales J&J | Promocionales J&J","Bolígrafo Ziwei Bamboo","https://promocionalesjj.co/tienda/boligrafo-ziwei-bamboo/","","Bolígrafo Ziwei Bamboo personalizado con tu logo en Colombia. Ideal para regalos corporativos con entrega en Bogotá, Medellín, Cali, Barranquilla y Bucaramanga","https://promocionalesjj.co/img/productos/boligrafo-ziwei-bamboo.jpg","Organization Product BreadcrumbList","22","no","no"
"/tienda/boligrafoo-nest-eco/","producto","47825","Boligrafoo Nest Eco Personalizado con Logo | Promocionales J&J | Promocionales J&J","Boligrafoo Nest Eco","https://promocionalesjj.co/tienda/boligrafoo-nest-eco/","","Boligrafoo Nest Eco personalizado con tu logo en Colombia. Ideal para regalos corporativos con entrega en Bogotá, Medellín, Cali, Barranquilla y Bucaramanga. Cotiza","https://promocionalesjj.co/img/productos/boligrafoo-nest-eco.jpg","Organization Product BreadcrumbList","22","no","no"
"/tienda/bolsa-ecologica-laminada-en-rpet/","producto","47894","Bolsa Ecologica Laminada En Rpet Personalizado con Logo | Promocionales J&J","Bolsa Ecologica Laminada En Rpet","https://promocionalesjj.co/tienda/bolsa-ecologica-laminada-en-rpet/","","Bolsa Ecologica Laminada En Rpet personalizado con tu logo en Colombia. Ideal para regalos corporativos con entrega en Bogotá, Medellín, Cali, Barranquilla y","https://promocionalesjj.co/img/productos/bolsa-ecologica-laminada-en-rpet.jpg","Organization Product BreadcrumbList","23","no","no"
"/tienda/bolsa-en-algodon-alva-100gr/","producto","47431","Bolsa En Algodón Alva 100Gr Personalizado con Logo | Promocionales J&J | Promocionales J&J","Bolsa En Algodón Alva 100Gr","https://promocionalesjj.co/tienda/bolsa-en-algodon-alva-100gr/","","Bolsa En Algodón Alva 100Gr personalizado con tu logo en Colombia. Ideal para regalos corporativos con entrega en Bogotá, Medellín, Cali, Barranquilla y","https://promocionalesjj.co/img/productos/_placeholder-jj.svg","Organization Product BreadcrumbList","23","no","no"
"/tienda/bolsa-en-algodon-basic-300gr/","producto","47330","Bolsa En Algodón Basic 300Gr Personalizado con Logo | Promocionales J&J","Bolsa En Algodón Basic 300Gr","https://promocionalesjj.co/tienda/bolsa-en-algodon-basic-300gr/","","Bolsa En Algodón Basic 300Gr personalizado con tu logo en Colombia. Ideal para regalos corporativos con entrega en Bogotá, Medellín, Cali, Barranquilla y","https://promocionalesjj.co/img/productos/_placeholder-jj.svg","Organization Product BreadcrumbList","23","no","no"
"/tienda/bolsa-en-algodon-botanik-100gr/","producto","47571","Bolsa En Algodón Botanik (100Gr) Personalizado con Logo | Promocionales J&J","Bolsa En Algodón Botanik (100Gr)","https://promocionalesjj.co/tienda/bolsa-en-algodon-botanik-100gr/","","Bolsa En Algodón Botanik (100Gr) personalizado con tu logo en Colombia. Ideal para regalos corporativos con entrega en Bogotá, Medellín, Cali, Barranquilla y","https://promocionalesjj.co/img/productos/bolsa-en-algodon-botanik-100gr.jpg","Organization Product BreadcrumbList","23","no","no"
"/tienda/bolsa-en-algodon-botanik-135gr/","producto","47758","Bolsa En Algodon Botanik (135Gr) Personalizado con Logo | Promocionales J&J","Bolsa En Algodon Botanik (135Gr)","https://promocionalesjj.co/tienda/bolsa-en-algodon-botanik-135gr/","","Bolsa En Algodon Botanik (135Gr) personalizado con tu logo en Colombia. Ideal para regalos corporativos con entrega en Bogotá, Medellín, Cali, Barranquilla y","https://promocionalesjj.co/img/productos/bolsa-en-algodon-botanik-135gr.jpg","Organization Product BreadcrumbList","23","no","no"
"/tienda/bolsa-en-algodon-con-fuelle-100gr/","producto","47756","Bolsa En Algodón Con Fuelle (100Gr) Personalizado con Logo | Promocionales J&J","Bolsa En Algodón Con Fuelle (100Gr)","https://promocionalesjj.co/tienda/bolsa-en-algodon-con-fuelle-100gr/","","Bolsa En Algodón Con Fuelle (100Gr) personalizado con tu logo en Colombia. Ideal para regalos corporativos con entrega en Bogotá, Medellín, Cali, Barranquilla y","https://promocionalesjj.co/img/productos/bolsa-en-algodon-con-fuelle-100gr.jpg","Organization Product BreadcrumbList","23","no","no"
"/tienda/bolsa-en-algodon-con-fuelle-135gr/","producto","47951","Bolsa En Algodon Con Fuelle (135Gr) Personalizado con Logo | Promocionales J&J","Bolsa En Algodon Con Fuelle (135Gr)","https://promocionalesjj.co/tienda/bolsa-en-algodon-con-fuelle-135gr/","","Bolsa En Algodon Con Fuelle (135Gr) personalizado con tu logo en Colombia. Ideal para regalos corporativos con entrega en Bogotá, Medellín, Cali, Barranquilla y","https://promocionalesjj.co/img/productos/bolsa-en-algodon-con-fuelle-135gr.jpg","Organization Product BreadcrumbList","23","no","no"
"/tienda/bolsa-en-algodon-corcho-135gr/","producto","48027","Bolsa En Algodon Corcho (135Gr) Personalizado con Logo | Promocionales J&J","Bolsa En Algodon Corcho (135Gr)","https://promocionalesjj.co/tienda/bolsa-en-algodon-corcho-135gr/","","Bolsa En Algodon Corcho (135Gr) personalizado con tu logo en Colombia. Ideal para regalos corporativos con entrega en Bogotá, Medellín, Cali, Barranquilla y","https://promocionalesjj.co/img/productos/bolsa-en-algodon-corcho-135gr.jpg","Organization Product BreadcrumbList","23","no","no"
"/tienda/bolsa-en-algodon-ecopack/","producto","47449","Bolsa En Algodón Ecopack Personalizado con Logo | Promocionales J&J | Promocionales J&J","Bolsa En Algodón Ecopack","https://promocionalesjj.co/tienda/bolsa-en-algodon-ecopack/","","Bolsa En Algodón Ecopack personalizado con tu logo en Colombia. Ideal para regalos corporativos con entrega en Bogotá, Medellín, Cali, Barranquilla y Bucaramanga","https://promocionalesjj.co/img/productos/_placeholder-jj.svg","Organization Product BreadcrumbList","23","no","no"
"/tienda/bolsa-en-algodon-ecotote/","producto","47509","Bolsa En Algodón Ecotote Personalizado con Logo | Promocionales J&J | Promocionales J&J","Bolsa En Algodón Ecotote","https://promocionalesjj.co/tienda/bolsa-en-algodon-ecotote/","","Bolsa En Algodón Ecotote personalizado con tu logo en Colombia. Ideal para regalos corporativos con entrega en Bogotá, Medellín, Cali, Barranquilla y Bucaramanga","https://promocionalesjj.co/img/productos/_placeholder-jj.svg","Organization Product BreadcrumbList","23","no","no"
"/tienda/bolsa-en-algodon-shopper-290gr/","producto","47882","Bolsa En Algodon Shopper (290Gr) Personalizado con Logo | Promocionales J&J","Bolsa En Algodon Shopper (290Gr)","https://promocionalesjj.co/tienda/bolsa-en-algodon-shopper-290gr/","","Bolsa En Algodon Shopper (290Gr) personalizado con tu logo en Colombia. Ideal para regalos corporativos con entrega en Bogotá, Medellín, Cali, Barranquilla y","https://promocionalesjj.co/img/productos/bolsa-en-algodon-shopper-290gr.jpg","Organization Product BreadcrumbList","23","no","no"
"/tienda/bolsa-en-algodon-solara-240gr/","producto","47344","Bolsa En Algodón Solara 240Gr Personalizado con Logo | Promocionales J&J","Bolsa En Algodón Solara 240Gr","https://promocionalesjj.co/tienda/bolsa-en-algodon-solara-240gr/","","Bolsa En Algodón Solara 240Gr personalizado con tu logo en Colombia. Ideal para regalos corporativos con entrega en Bogotá, Medellín, Cali, Barranquilla y","https://promocionalesjj.co/img/productos/_placeholder-jj.svg","Organization Product BreadcrumbList","23","no","no"
"/tienda/bolsa-en-algodon-vera-140gr/","producto","47411","Bolsa En Algodón Vera 140Gr Personalizado con Logo | Promocionales J&J | Promocionales J&J","Bolsa En Algodón Vera 140Gr","https://promocionalesjj.co/tienda/bolsa-en-algodon-vera-140gr/","","Bolsa En Algodón Vera 140Gr personalizado con tu logo en Colombia. Ideal para regalos corporativos con entrega en Bogotá, Medellín, Cali, Barranquilla y","https://promocionalesjj.co/img/productos/_placeholder-jj.svg","Organization Product BreadcrumbList","23","no","no"
"/tienda/bolsa-en-algodon-y-yute-nara/","producto","47374","Bolsa En Algodón Y Yute Nara Personalizado con Logo | Promocionales J&J","Bolsa En Algodón Y Yute Nara","https://promocionalesjj.co/tienda/bolsa-en-algodon-y-yute-nara/","","Bolsa En Algodón Y Yute Nara personalizado con tu logo en Colombia. Ideal para regalos corporativos con entrega en Bogotá, Medellín, Cali, Barranquilla y","https://promocionalesjj.co/img/productos/_placeholder-jj.svg","Organization Product BreadcrumbList","23","no","no"
"/tienda/bolsa-en-algodon-y-yute-nativ-300gr/","producto","47664","Bolsa En Algodón Y Yute Nativ 300Gr Personalizado con Logo | Promocionales J&J","Bolsa En Algodón Y Yute Nativ 300Gr","https://promocionalesjj.co/tienda/bolsa-en-algodon-y-yute-nativ-300gr/","","Bolsa En Algodón Y Yute Nativ 300Gr personalizado con tu logo en Colombia. Ideal para regalos corporativos con entrega en Bogotá, Medellín, Cali, Barranquilla y","https://promocionalesjj.co/img/productos/_placeholder-jj.svg","Organization Product BreadcrumbList","23","no","no"
"/tienda/bolsa-en-algodony-yute/","producto","47504","Bolsa En Algodóny Yute Personalizado con Logo | Promocionales J&J | Promocionales J&J","Bolsa En Algodóny Yute","https://promocionalesjj.co/tienda/bolsa-en-algodony-yute/","","Bolsa En Algodóny Yute personalizado con tu logo en Colombia. Ideal para regalos corporativos con entrega en Bogotá, Medellín, Cali, Barranquilla y Bucaramanga","https://promocionalesjj.co/img/productos/bolsa-en-algodony-yute.jpg","Organization Product BreadcrumbList","23","no","no"
"/tienda/bolsa-en-cambrel-arcadia/","producto","47445","Bolsa En Cambrel Arcadia Personalizado con Logo | Promocionales J&J | Promocionales J&J","Bolsa En Cambrel Arcadia","https://promocionalesjj.co/tienda/bolsa-en-cambrel-arcadia/","","Bolsa En Cambrel Arcadia personalizado con tu logo en Colombia. Ideal para regalos corporativos con entrega en Bogotá, Medellín, Cali, Barranquilla y Bucaramanga","https://promocionalesjj.co/img/productos/bolsa-en-cambrel-arcadia.jpg","Organization Product BreadcrumbList","23","no","no"
"/tienda/bolsa-en-cambrel-bawel/","producto","47311","Bolsa En Cambrel Bawel Personalizado con Logo | Promocionales J&J | Promocionales J&J","Bolsa En Cambrel Bawel","https://promocionalesjj.co/tienda/bolsa-en-cambrel-bawel/","","Bolsa En Cambrel Bawel personalizado con tu logo en Colombia. Ideal para regalos corporativos con entrega en Bogotá, Medellín, Cali, Barranquilla y Bucaramanga","https://promocionalesjj.co/img/productos/bolsa-en-cambrel-bawel.jpg","Organization Product BreadcrumbList","23","no","no"
"/tienda/bolsa-en-cambrel-baxter/","producto","47426","Bolsa En Cambrel Baxter Personalizado con Logo | Promocionales J&J | Promocionales J&J","Bolsa En Cambrel Baxter","https://promocionalesjj.co/tienda/bolsa-en-cambrel-baxter/","","Bolsa En Cambrel Baxter personalizado con tu logo en Colombia. Ideal para regalos corporativos con entrega en Bogotá, Medellín, Cali, Barranquilla y Bucaramanga","https://promocionalesjj.co/img/productos/bolsa-en-cambrel-baxter.jpg","Organization Product BreadcrumbList","23","no","no"
"/tienda/bolsa-en-cambrel-con-fuelle/","producto","47594","Bolsa En Cambrel Con Fuelle Personalizado con Logo | Promocionales J&J | Promocionales J&J","Bolsa En Cambrel Con Fuelle","https://promocionalesjj.co/tienda/bolsa-en-cambrel-con-fuelle/","","Bolsa En Cambrel Con Fuelle personalizado con tu logo en Colombia. Ideal para regalos corporativos con entrega en Bogotá, Medellín, Cali, Barranquilla y","https://promocionalesjj.co/img/productos/bolsa-en-cambrel-con-fuelle.jpg","Organization Product BreadcrumbList","23","no","no"
"/tienda/bolsa-en-cambrel-fest/","producto","47152","Bolsa En Cambrel Fest Personalizado con Logo | Promocionales J&J | Promocionales J&J","Bolsa En Cambrel Fest","https://promocionalesjj.co/tienda/bolsa-en-cambrel-fest/","","Bolsa En Cambrel Fest personalizado con tu logo en Colombia. Ideal para regalos corporativos con entrega en Bogotá, Medellín, Cali, Barranquilla y Bucaramanga","https://promocionalesjj.co/img/productos/bolsa-en-cambrel-fest.jpg","Organization Product BreadcrumbList","23","si","no"
"/tienda/bolsa-en-cambrel-franky/","producto","47446","Bolsa En Cambrel Franky Personalizado con Logo | Promocionales J&J | Promocionales J&J","Bolsa En Cambrel Franky","https://promocionalesjj.co/tienda/bolsa-en-cambrel-franky/","","Bolsa En Cambrel Franky personalizado con tu logo en Colombia. Ideal para regalos corporativos con entrega en Bogotá, Medellín, Cali, Barranquilla y Bucaramanga","https://promocionalesjj.co/img/productos/bolsa-en-cambrel-franky.jpg","Organization Product BreadcrumbList","23","no","no"
"/tienda/bolsa-en-cambrel-market/","producto","47262","Bolsa En Cambrel Market Personalizado con Logo | Promocionales J&J | Promocionales J&J","Bolsa En Cambrel Market","https://promocionalesjj.co/tienda/bolsa-en-cambrel-market/","","Bolsa En Cambrel Market personalizado con tu logo en Colombia. Ideal para regalos corporativos con entrega en Bogotá, Medellín, Cali, Barranquilla y Bucaramanga","https://promocionalesjj.co/img/productos/bolsa-en-cambrel-market.jpg","Organization Product BreadcrumbList","23","no","no"
"/tienda/bolsa-en-cambrel-multiusos-vita-prod-nacional/","producto","48531","Bolsa En Cambrel Multiusos Vita - Prod Nacional Personalizado con Logo | Promocionales J&J","Bolsa En Cambrel Multiusos Vita - Prod Nacional","https://promocionalesjj.co/tienda/bolsa-en-cambrel-multiusos-vita-prod-nacional/","","Bolsa En Cambrel Multiusos Vita - Prod Nacional personalizado con tu logo en Colombia. Ideal para regalos corporativos con entrega en Bogotá, Medellín, Cali","https://promocionalesjj.co/img/productos/bolsa-en-cambrel-multiusos-vita-prod-nacional.jpg","Organization Product BreadcrumbList","23","no","no"
"/tienda/bolsa-en-cambrel-nevada/","producto","47430","Bolsa En Cambrel Nevada Personalizado con Logo | Promocionales J&J | Promocionales J&J","Bolsa En Cambrel Nevada","https://promocionalesjj.co/tienda/bolsa-en-cambrel-nevada/","","Bolsa En Cambrel Nevada personalizado con tu logo en Colombia. Ideal para regalos corporativos con entrega en Bogotá, Medellín, Cali, Barranquilla y Bucaramanga","https://promocionalesjj.co/img/productos/bolsa-en-cambrel-nevada.jpg","Organization Product BreadcrumbList","23","no","no"
"/tienda/bolsa-en-cambrel-petit/","producto","47219","Bolsa En Cambrel Petit Personalizado con Logo | Promocionales J&J | Promocionales J&J","Bolsa En Cambrel Petit","https://promocionalesjj.co/tienda/bolsa-en-cambrel-petit/","","Bolsa En Cambrel Petit personalizado con tu logo en Colombia. Ideal para regalos corporativos con entrega en Bogotá, Medellín, Cali, Barranquilla y Bucaramanga","https://promocionalesjj.co/img/productos/bolsa-en-cambrel-petit.jpg","Organization Product BreadcrumbList","23","no","no"
"/tienda/bolsa-en-cambrel-queen/","producto","47335","Bolsa En Cambrel Queen Personalizado con Logo | Promocionales J&J | Promocionales J&J","Bolsa En Cambrel Queen","https://promocionalesjj.co/tienda/bolsa-en-cambrel-queen/","","Bolsa En Cambrel Queen personalizado con tu logo en Colombia. Ideal para regalos corporativos con entrega en Bogotá, Medellín, Cali, Barranquilla y Bucaramanga","https://promocionalesjj.co/img/productos/bolsa-en-cambrel-queen.jpg","Organization Product BreadcrumbList","23","no","no"
"/tienda/bolsa-en-cambrel-reflectiva/","producto","47910","Bolsa En Cambrel Reflectiva Personalizado con Logo | Promocionales J&J | Promocionales J&J","Bolsa En Cambrel Reflectiva","https://promocionalesjj.co/tienda/bolsa-en-cambrel-reflectiva/","","Bolsa En Cambrel Reflectiva personalizado con tu logo en Colombia. Ideal para regalos corporativos con entrega en Bogotá, Medellín, Cali, Barranquilla y","https://promocionalesjj.co/img/productos/bolsa-en-cambrel-reflectiva.jpg","Organization Product BreadcrumbList","23","no","no"
"/tienda/bolsa-en-cambrel-savannah/","producto","47388","Bolsa En Cambrel Savannah Personalizado con Logo | Promocionales J&J | Promocionales J&J","Bolsa En Cambrel Savannah","https://promocionalesjj.co/tienda/bolsa-en-cambrel-savannah/","","Bolsa En Cambrel Savannah personalizado con tu logo en Colombia. Ideal para regalos corporativos con entrega en Bogotá, Medellín, Cali, Barranquilla y Bucaramanga","https://promocionalesjj.co/img/productos/bolsa-en-cambrel-savannah.jpg","Organization Product BreadcrumbList","23","no","no"
"/tienda/bolsa-en-cambrel-shopper/","producto","47693","Bolsa En Cambrel Shopper Personalizado con Logo | Promocionales J&J | Promocionales J&J","Bolsa En Cambrel Shopper","https://promocionalesjj.co/tienda/bolsa-en-cambrel-shopper/","","Bolsa En Cambrel Shopper personalizado con tu logo en Colombia. Ideal para regalos corporativos con entrega en Bogotá, Medellín, Cali, Barranquilla y Bucaramanga","https://promocionalesjj.co/img/productos/bolsa-en-cambrel-shopper.jpg","Organization Product BreadcrumbList","23","no","no"
"/tienda/bolsa-en-cambrel-soot/","producto","47286","Bolsa En Cambrel Soot Personalizado con Logo | Promocionales J&J | Promocionales J&J","Bolsa En Cambrel Soot","https://promocionalesjj.co/tienda/bolsa-en-cambrel-soot/","","Bolsa En Cambrel Soot personalizado con tu logo en Colombia. Ideal para regalos corporativos con entrega en Bogotá, Medellín, Cali, Barranquilla y Bucaramanga","https://promocionalesjj.co/img/productos/_placeholder-jj.svg","Organization Product BreadcrumbList","23","no","no"
"/tienda/bolsa-en-cambrel-vest/","producto","47760","Bolsa En Cambrel Vest Personalizado con Logo | Promocionales J&J | Promocionales J&J","Bolsa En Cambrel Vest","https://promocionalesjj.co/tienda/bolsa-en-cambrel-vest/","","Bolsa En Cambrel Vest personalizado con tu logo en Colombia. Ideal para regalos corporativos con entrega en Bogotá, Medellín, Cali, Barranquilla y Bucaramanga","https://promocionalesjj.co/img/productos/bolsa-en-cambrel-vest.jpg","Organization Product BreadcrumbList","23","no","no"
"/tienda/bolsa-en-cambrel-winter/","producto","47390","Bolsa En Cambrel Winter Personalizado con Logo | Promocionales J&J | Promocionales J&J","Bolsa En Cambrel Winter","https://promocionalesjj.co/tienda/bolsa-en-cambrel-winter/","","Bolsa En Cambrel Winter personalizado con tu logo en Colombia. Ideal para regalos corporativos con entrega en Bogotá, Medellín, Cali, Barranquilla y Bucaramanga","https://promocionalesjj.co/img/productos/bolsa-en-cambrel-winter.jpg","Organization Product BreadcrumbList","23","no","no"
"/tienda/bolsa-en-denim-reciclado/","producto","47493","Bolsa En Denim Reciclado Personalizado con Logo | Promocionales J&J | Promocionales J&J","Bolsa En Denim Reciclado","https://promocionalesjj.co/tienda/bolsa-en-denim-reciclado/","","Bolsa En Denim Reciclado personalizado con tu logo en Colombia. Ideal para regalos corporativos con entrega en Bogotá, Medellín, Cali, Barranquilla y Bucaramanga","https://promocionalesjj.co/img/productos/bolsa-en-denim-reciclado.jpg","Organization Product BreadcrumbList","23","no","no"
"/tienda/bolsa-en-yute-mirka/","producto","47330","Bolsa En Yute Mirka Personalizado con Logo | Promocionales J&J | Promocionales J&J","Bolsa En Yute Mirka","https://promocionalesjj.co/tienda/bolsa-en-yute-mirka/","","Bolsa En Yute Mirka personalizado con tu logo en Colombia. Ideal para regalos corporativos con entrega en Bogotá, Medellín, Cali, Barranquilla y Bucaramanga. Cotiza","https://promocionalesjj.co/img/productos/bolsa-en-yute-mirka.jpg","Organization Product BreadcrumbList","23","no","no"
"/tienda/bolsa-en-yute-wine/","producto","47296","Bolsa En Yute Wine Personalizado con Logo | Promocionales J&J | Promocionales J&J","Bolsa En Yute Wine","https://promocionalesjj.co/tienda/bolsa-en-yute-wine/","","Bolsa En Yute Wine personalizado con tu logo en Colombia. Ideal para regalos corporativos con entrega en Bogotá, Medellín, Cali, Barranquilla y Bucaramanga. Cotiza","https://promocionalesjj.co/img/productos/_placeholder-jj.svg","Organization Product BreadcrumbList","23","si","no"
"/tienda/bolsa-holt-eco-120gr/","producto","47343","Bolsa Holt Eco (120Gr) Personalizado con Logo | Promocionales J&J | Promocionales J&J","Bolsa Holt Eco (120Gr)","https://promocionalesjj.co/tienda/bolsa-holt-eco-120gr/","","Bolsa Holt Eco (120Gr) personalizado con tu logo en Colombia. Ideal para regalos corporativos con entrega en Bogotá, Medellín, Cali, Barranquilla y Bucaramanga","https://promocionalesjj.co/img/productos/bolsa-holt-eco-120gr.jpg","Organization Product BreadcrumbList","23","no","no"
"/tienda/bolsa-metalizada/","producto","47179","Bolsa Metalizada Personalizado con Logo | Promocionales J&J | Promocionales J&J","Bolsa Metalizada","https://promocionalesjj.co/tienda/bolsa-metalizada/","","Bolsa Metalizada personalizado con tu logo en Colombia. Ideal para regalos corporativos con entrega en Bogotá, Medellín, Cali, Barranquilla y Bucaramanga. Cotiza al","https://promocionalesjj.co/img/productos/bolsa-metalizada.jpg","Organization Product BreadcrumbList","23","no","no"
"/tienda/bolsa-metalizada-hologram/","producto","35745","Bolsa Metalizada Hologram Personalizado con Logo | Promocionales J&J | Promocionales J&J","Bolsa Metalizada Hologram","https://promocionalesjj.co/tienda/bolsa-metalizada-hologram/","","Bolsa Metalizada Hologram personalizado con tu logo en Colombia. Ideal para regalos corporativos con entrega en Bogotá, Medellín, Cali, Barranquilla y Bucaramanga","https://promocionalesjj.co/img/productos/bolsa-metalizada-hologram.jpg","Organization Product BreadcrumbList","19","si","no"
"/tienda/bolsa-metalizada-mate/","producto","47428","Bolsa Metalizada Mate Personalizado con Logo | Promocionales J&J | Promocionales J&J","Bolsa Metalizada Mate","https://promocionalesjj.co/tienda/bolsa-metalizada-mate/","","Bolsa Metalizada Mate personalizado con tu logo en Colombia. Ideal para regalos corporativos con entrega en Bogotá, Medellín, Cali, Barranquilla y Bucaramanga","https://promocionalesjj.co/img/productos/bolsa-metalizada-mate.jpg","Organization Product BreadcrumbList","23","no","no"
"/tienda/bolsa-plegable-para-paraguas-hansel/","producto","48076","Bolsa Plegable Para Paraguas Hansel - Personalizado con Logo | Promocionales J&J","Bolsa Plegable Para Paraguas Hansel -","https://promocionalesjj.co/tienda/bolsa-plegable-para-paraguas-hansel/","","Bolsa Plegable Para Paraguas Hansel - personalizado con tu logo en Colombia. Ideal para regalos corporativos con entrega en Bogotá, Medellín, Cali, Barranquilla y","https://promocionalesjj.co/img/productos/bolsa-plegable-para-paraguas-hansel.jpg","Organization Product BreadcrumbList","22","si","no"
"/tienda/bolsa-plegable-reflect/","producto","47150","Bolsa Plegable Reflect Personalizado con Logo | Promocionales J&J | Promocionales J&J","Bolsa Plegable Reflect","https://promocionalesjj.co/tienda/bolsa-plegable-reflect/","","Bolsa Plegable Reflect personalizado con tu logo en Colombia. Ideal para regalos corporativos con entrega en Bogotá, Medellín, Cali, Barranquilla y Bucaramanga","https://promocionalesjj.co/img/productos/bolsa-plegable-reflect.jpg","Organization Product BreadcrumbList","23","si","no"
"/tienda/bolsa-reflectiva-security/","producto","47243","Bolsa Reflectiva Security Personalizado con Logo | Promocionales J&J | Promocionales J&J","Bolsa Reflectiva Security","https://promocionalesjj.co/tienda/bolsa-reflectiva-security/","","Bolsa Reflectiva Security personalizado con tu logo en Colombia. Ideal para regalos corporativos con entrega en Bogotá, Medellín, Cali, Barranquilla y Bucaramanga","https://promocionalesjj.co/img/productos/bolsa-reflectiva-security.jpg","Organization Product BreadcrumbList","23","si","no"
"/tienda/bolso-mindy/","producto","47158","Bolso Mindy - Personalizado con Logo | Promocionales J&J | Promocionales J&J","Bolso Mindy -","https://promocionalesjj.co/tienda/bolso-mindy/","","Bolso Mindy - personalizado con tu logo en Colombia. Ideal para regalos corporativos con entrega en Bogotá, Medellín, Cali, Barranquilla y Bucaramanga. Cotiza al","https://promocionalesjj.co/img/productos/bolso-mindy.jpg","Organization Product BreadcrumbList","23","si","no"
"/tienda/borrador-school/","producto","47023","Borrador School Personalizado con Logo | Promocionales J&J | Promocionales J&J","Borrador School","https://promocionalesjj.co/tienda/borrador-school/","","Borrador School personalizado con tu logo en Colombia. Ideal para regalos corporativos con entrega en Bogotá, Medellín, Cali, Barranquilla y Bucaramanga. Cotiza al","https://promocionalesjj.co/img/productos/borrador-school.jpg","Organization Product BreadcrumbList","22","no","no"
"/tienda/botilito-en-tritan-swat-600ml/","producto","47597","Botilito En Tritan Swat 600Ml - Personalizado con Logo | Promocionales J&J","Botilito En Tritan Swat 600Ml -","https://promocionalesjj.co/tienda/botilito-en-tritan-swat-600ml/","","Botilito En Tritan Swat 600Ml - personalizado con tu logo en Colombia. Ideal para regalos corporativos con entrega en Bogotá, Medellín, Cali, Barranquilla y","https://promocionalesjj.co/img/productos/botilito-en-tritan-swat-600ml.jpg","Organization Product BreadcrumbList","22","si","no"
"/tienda/botilito-hoola-rpet-750-ml/","producto","47479","Botilito Hoola Rpet 750 Ml Personalizado con Logo | Promocionales J&J | Promocionales J&J","Botilito Hoola Rpet 750 Ml","https://promocionalesjj.co/tienda/botilito-hoola-rpet-750-ml/","","Botilito Hoola Rpet 750 Ml personalizado con tu logo en Colombia. Ideal para regalos corporativos con entrega en Bogotá, Medellín, Cali, Barranquilla y Bucaramanga","https://promocionalesjj.co/img/productos/botilito-hoola-rpet-750-ml.jpg","Organization Product BreadcrumbList","23","no","no"
"/tienda/botilito-jormi-rpet-1000-ml/","producto","47490","Botilito Jormi Rpet 1000 Ml Personalizado con Logo | Promocionales J&J | Promocionales J&J","Botilito Jormi Rpet 1000 Ml","https://promocionalesjj.co/tienda/botilito-jormi-rpet-1000-ml/","","Botilito Jormi Rpet 1000 Ml personalizado con tu logo en Colombia. Ideal para regalos corporativos con entrega en Bogotá, Medellín, Cali, Barranquilla y","https://promocionalesjj.co/img/productos/botilito-jormi-rpet-1000-ml.jpg","Organization Product BreadcrumbList","23","no","no"
"/tienda/botilito-metalico-plugsy-750-ml/","producto","48227","Botilito Metalico Plugsy 750 Ml Personalizado con Logo | Promocionales J&J","Botilito Metalico Plugsy 750 Ml","https://promocionalesjj.co/tienda/botilito-metalico-plugsy-750-ml/","","Botilito Metalico Plugsy 750 Ml personalizado con tu logo en Colombia. Ideal para regalos corporativos con entrega en Bogotá, Medellín, Cali, Barranquilla y","https://promocionalesjj.co/img/productos/botilito-metalico-plugsy-750-ml.jpg","Organization Product BreadcrumbList","23","no","no"
"/tienda/botilito-metalico-shelby-600ml/","producto","48475","Botilito Metalico Shelby 600Ml Personalizado con Logo | Promocionales J&J","Botilito Metalico Shelby 600Ml","https://promocionalesjj.co/tienda/botilito-metalico-shelby-600ml/","","Botilito Metalico Shelby 600Ml personalizado con tu logo en Colombia. Ideal para regalos corporativos con entrega en Bogotá, Medellín, Cali, Barranquilla y","https://promocionalesjj.co/img/productos/botilito-metalico-shelby-600ml.jpg","Organization Product BreadcrumbList","23","si","no"
"/tienda/botilito-metalico-wizard-600ml/","producto","47629","Botilito Metálico Wizard 600Ml Personalizado con Logo | Promocionales J&J","Botilito Metálico Wizard 600Ml","https://promocionalesjj.co/tienda/botilito-metalico-wizard-600ml/","","Botilito Metálico Wizard 600Ml personalizado con tu logo en Colombia. Ideal para regalos corporativos con entrega en Bogotá, Medellín, Cali, Barranquilla y","https://promocionalesjj.co/img/productos/botilito-metalico-wizard-600ml.jpg","Organization Product BreadcrumbList","23","no","no"
"/tienda/botilito-mtalico-lumo-550-ml/","producto","48098","Botilito Mtalico Lumo 550 Ml Personalizado con Logo | Promocionales J&J","Botilito Mtalico Lumo 550 Ml","https://promocionalesjj.co/tienda/botilito-mtalico-lumo-550-ml/","","Botilito Mtalico Lumo 550 Ml personalizado con tu logo en Colombia. Ideal para regalos corporativos con entrega en Bogotá, Medellín, Cali, Barranquilla y","https://promocionalesjj.co/img/productos/botilito-mtalico-lumo-550-ml.jpg","Organization Product BreadcrumbList","23","no","no"
"/tienda/botilito-plastico-alepy-petg-750ml/","producto","48016","Botilito Plastico Alepy Petg 750Ml - Personalizado con Logo | Promocionales J&J","Botilito Plastico Alepy Petg 750Ml -","https://promocionalesjj.co/tienda/botilito-plastico-alepy-petg-750ml/","","Botilito Plastico Alepy Petg 750Ml - personalizado con tu logo en Colombia. Ideal para regalos corporativos con entrega en Bogotá, Medellín, Cali, Barranquilla y","https://promocionalesjj.co/img/productos/botilito-plastico-alepy-petg-750ml.jpg","Organization Product BreadcrumbList","22","si","no"
"/tienda/botilito-plastico-clemen-rpet-600ml/","producto","47456","Botilito Plástico Clemen Rpet 600Ml Personalizado con Logo | Promocionales J&J","Botilito Plástico Clemen Rpet 600Ml","https://promocionalesjj.co/tienda/botilito-plastico-clemen-rpet-600ml/","","Botilito Plástico Clemen Rpet 600Ml personalizado con tu logo en Colombia. Ideal para regalos corporativos con entrega en Bogotá, Medellín, Cali, Barranquilla y","https://promocionalesjj.co/img/productos/botilito-plastico-clemen-rpet-600ml.jpg","Organization Product BreadcrumbList","23","si","no"
"/tienda/botilito-plastico-cork-650ml/","producto","47294","Botilito Plastico Cork 650Ml - Personalizado con Logo | Promocionales J&J","Botilito Plastico Cork 650Ml -","https://promocionalesjj.co/tienda/botilito-plastico-cork-650ml/","","Botilito Plastico Cork 650Ml - personalizado con tu logo en Colombia. Ideal para regalos corporativos con entrega en Bogotá, Medellín, Cali, Barranquilla y","https://promocionalesjj.co/img/productos/botilito-plastico-cork-650ml.jpg","Organization Product BreadcrumbList","22","si","no"
"/tienda/botilito-plastico-fruit-600-ml/","producto","47474","Botilito Plástico Fruit 600 Ml Personalizado con Logo | Promocionales J&J","Botilito Plástico Fruit 600 Ml","https://promocionalesjj.co/tienda/botilito-plastico-fruit-600-ml/","","Botilito Plástico Fruit 600 Ml personalizado con tu logo en Colombia. Ideal para regalos corporativos con entrega en Bogotá, Medellín, Cali, Barranquilla y","https://promocionalesjj.co/img/productos/_placeholder-jj.svg","Organization Product BreadcrumbList","23","no","no"
"/tienda/botilito-plastico-griply-rpet-700-ml/","producto","47722","Botilito Plastico Griply Rpet 700 Ml Personalizado con Logo | Promocionales J&J","Botilito Plastico Griply Rpet 700 Ml","https://promocionalesjj.co/tienda/botilito-plastico-griply-rpet-700-ml/","","Botilito Plastico Griply Rpet 700 Ml personalizado con tu logo en Colombia. Ideal para regalos corporativos con entrega en Bogotá, Medellín, Cali, Barranquilla y","https://promocionalesjj.co/img/productos/botilito-plastico-griply-rpet-700-ml.jpg","Organization Product BreadcrumbList","23","no","no"
"/tienda/botilito-plastico-mack-petg-700ml/","producto","47932","Botilito Plastico Mack Petg 700Ml Personalizado con Logo | Promocionales J&J","Botilito Plastico Mack Petg 700Ml","https://promocionalesjj.co/tienda/botilito-plastico-mack-petg-700ml/","","Botilito Plastico Mack Petg 700Ml personalizado con tu logo en Colombia. Ideal para regalos corporativos con entrega en Bogotá, Medellín, Cali, Barranquilla y","https://promocionalesjj.co/img/productos/botilito-plastico-mack-petg-700ml.jpg","Organization Product BreadcrumbList","22","si","no"
"/tienda/botilito-plastico-napper-800-ml/","producto","47703","Botilito Plastico Napper 800 Ml Personalizado con Logo | Promocionales J&J","Botilito Plastico Napper 800 Ml","https://promocionalesjj.co/tienda/botilito-plastico-napper-800-ml/","","Botilito Plastico Napper 800 Ml personalizado con tu logo en Colombia. Ideal para regalos corporativos con entrega en Bogotá, Medellín, Cali, Barranquilla y","https://promocionalesjj.co/img/productos/botilito-plastico-napper-800-ml.jpg","Organization Product BreadcrumbList","23","no","no"
"/tienda/botilito-plastico-nomix-petg-750ml/","producto","48012","Botilito Plastico Nomix Petg 750Ml - Personalizado con Logo | Promocionales J&J","Botilito Plastico Nomix Petg 750Ml -","https://promocionalesjj.co/tienda/botilito-plastico-nomix-petg-750ml/","","Botilito Plastico Nomix Petg 750Ml - personalizado con tu logo en Colombia. Ideal para regalos corporativos con entrega en Bogotá, Medellín, Cali, Barranquilla y","https://promocionalesjj.co/img/productos/botilito-plastico-nomix-petg-750ml.jpg","Organization Product BreadcrumbList","22","si","no"
"/tienda/botilito-plastico-santino-650ml/","producto","47516","Botilito Plastico Santino 650Ml Personalizado con Logo | Promocionales J&J","Botilito Plastico Santino 650Ml","https://promocionalesjj.co/tienda/botilito-plastico-santino-650ml/","","Botilito Plastico Santino 650Ml personalizado con tu logo en Colombia. Ideal para regalos corporativos con entrega en Bogotá, Medellín, Cali, Barranquilla y","https://promocionalesjj.co/img/productos/botilito-plastico-santino-650ml.jpg","Organization Product BreadcrumbList","22","si","no"
"/tienda/botilito-plastico-shams-rpet-600ml/","producto","47586","Botilito Plástico Shams Rpet 600Ml Personalizado con Logo | Promocionales J&J","Botilito Plástico Shams Rpet 600Ml","https://promocionalesjj.co/tienda/botilito-plastico-shams-rpet-600ml/","","Botilito Plástico Shams Rpet 600Ml personalizado con tu logo en Colombia. Ideal para regalos corporativos con entrega en Bogotá, Medellín, Cali, Barranquilla y","https://promocionalesjj.co/img/productos/_placeholder-jj.svg","Organization Product BreadcrumbList","23","no","no"
"/tienda/botilito-plastico-vita-600ml-rpet/","producto","47620","Botilito Plástico Vita 600Ml Rpet Personalizado con Logo | Promocionales J&J","Botilito Plástico Vita 600Ml Rpet","https://promocionalesjj.co/tienda/botilito-plastico-vita-600ml-rpet/","","Botilito Plástico Vita 600Ml Rpet personalizado con tu logo en Colombia. Ideal para regalos corporativos con entrega en Bogotá, Medellín, Cali, Barranquilla y","https://promocionalesjj.co/img/productos/_placeholder-jj.svg","Organization Product BreadcrumbList","23","no","no"
"/tienda/botilito-plastico-wonder-700ml-produccion-nacional/","producto","48312","Botilito Plástico Wonder-700Ml-Producción Nacional Personalizado con | Promocionales J&J","Botilito Plástico Wonder-700Ml-Producción Nacional","https://promocionalesjj.co/tienda/botilito-plastico-wonder-700ml-produccion-nacional/","","Botilito Plástico Wonder-700Ml-Producción Nacional personalizado con tu logo en Colombia. Ideal para regalos corporativos con entrega en Bogotá, Medellín, Cali","https://promocionalesjj.co/img/productos/botilito-plastico-wonder-700ml-produccion-nacional.jpg","Organization Product BreadcrumbList","23","no","no"
"/tienda/botlito-dual-rpet-700-ml/","producto","47585","Botlito Dual Rpet 700 Ml Personalizado con Logo | Promocionales J&J | Promocionales J&J","Botlito Dual Rpet 700 Ml","https://promocionalesjj.co/tienda/botlito-dual-rpet-700-ml/","","Botlito Dual Rpet 700 Ml personalizado con tu logo en Colombia. Ideal para regalos corporativos con entrega en Bogotá, Medellín, Cali, Barranquilla y Bucaramanga","https://promocionalesjj.co/img/productos/botlito-dual-rpet-700-ml.jpg","Organization Product BreadcrumbList","23","no","no"
"/tienda/boton-plastico-para-portacarnet/","producto","47715","Boton Plastico Para Portacarnet Personalizado con Logo | Promocionales J&J","Boton Plastico Para Portacarnet","https://promocionalesjj.co/tienda/boton-plastico-para-portacarnet/","","Boton Plastico Para Portacarnet personalizado con tu logo en Colombia. Ideal para regalos corporativos con entrega en Bogotá, Medellín, Cali, Barranquilla y","https://promocionalesjj.co/img/productos/boton-plastico-para-portacarnet.jpg","Organization Product BreadcrumbList","23","si","no"
"/tienda/buckingham-boligrafo/","producto","48056","Buckingham Boligrafo Personalizado con Logo | Promocionales J&J | Promocionales J&J","Buckingham Boligrafo","https://promocionalesjj.co/tienda/buckingham-boligrafo/","","Buckingham Boligrafo personalizado con tu logo en Colombia. Ideal para regalos corporativos con entrega en Bogotá, Medellín, Cali, Barranquilla y Bucaramanga","https://promocionalesjj.co/img/productos/buckingham-boligrafo.jpg","Organization Product BreadcrumbList","22","no","no"
"/tienda/buckingham-roller/","producto","47979","Buckingham Roller Personalizado con Logo | Promocionales J&J | Promocionales J&J","Buckingham Roller","https://promocionalesjj.co/tienda/buckingham-roller/","","Buckingham Roller personalizado con tu logo en Colombia. Ideal para regalos corporativos con entrega en Bogotá, Medellín, Cali, Barranquilla y Bucaramanga. Cotiza","https://promocionalesjj.co/img/productos/buckingham-roller.jpg","Organization Product BreadcrumbList","22","no","no"
"/tienda/cable-multicargador-3-1-bamboo/","producto","47828","Cable Multicargador 3-1 Bamboo Personalizado con Logo | Promocionales J&J","Cable Multicargador 3-1 Bamboo","https://promocionalesjj.co/tienda/cable-multicargador-3-1-bamboo/","","Cable Multicargador 3-1 Bamboo personalizado con tu logo en Colombia. Ideal para regalos corporativos con entrega en Bogotá, Medellín, Cali, Barranquilla y","https://promocionalesjj.co/img/productos/cable-multicargador-3-1-bamboo.jpg","Organization Product BreadcrumbList","23","no","no"
"/tienda/cable-multicargador-bamboo/","producto","47731","Cable Multicargador Bamboo Personalizado con Logo | Promocionales J&J | Promocionales J&J","Cable Multicargador Bamboo","https://promocionalesjj.co/tienda/cable-multicargador-bamboo/","","Cable Multicargador Bamboo personalizado con tu logo en Colombia. Ideal para regalos corporativos con entrega en Bogotá, Medellín, Cali, Barranquilla y Bucaramanga","https://promocionalesjj.co/img/productos/cable-multicargador-bamboo.jpg","Organization Product BreadcrumbList","23","no","no"
"/tienda/cable-multicargador-eco-fast-65w/","producto","47702","Cable Multicargador Eco Fast 65W Personalizado con Logo | Promocionales J&J","Cable Multicargador Eco Fast 65W","https://promocionalesjj.co/tienda/cable-multicargador-eco-fast-65w/","","Cable Multicargador Eco Fast 65W personalizado con tu logo en Colombia. Ideal para regalos corporativos con entrega en Bogotá, Medellín, Cali, Barranquilla y","https://promocionalesjj.co/img/productos/cable-multicargador-eco-fast-65w.jpg","Organization Product BreadcrumbList","23","no","no"
"/tienda/cable-multicargador-gauss-eco/","producto","47673","Cable Multicargador Gauss Eco Personalizado con Logo | Promocionales J&J","Cable Multicargador Gauss Eco","https://promocionalesjj.co/tienda/cable-multicargador-gauss-eco/","","Cable Multicargador Gauss Eco personalizado con tu logo en Colombia. Ideal para regalos corporativos con entrega en Bogotá, Medellín, Cali, Barranquilla y","https://promocionalesjj.co/img/productos/cable-multicargador-gauss-eco.jpg","Organization Product BreadcrumbList","23","no","no"
"/tienda/cable-multicargador-lorcan/","producto","47859","Cable Multicargador Lorcan Personalizado con Logo | Promocionales J&J | Promocionales J&J","Cable Multicargador Lorcan","https://promocionalesjj.co/tienda/cable-multicargador-lorcan/","","Cable Multicargador Lorcan personalizado con tu logo en Colombia. Ideal para regalos corporativos con entrega en Bogotá, Medellín, Cali, Barranquilla y Bucaramanga","https://promocionalesjj.co/img/productos/cable-multicargador-lorcan.jpg","Organization Product BreadcrumbList","23","no","no"
"/tienda/cafetera-en-vidrio-y-bambu-600ml-nuevo/","producto","48024","Cafetera En Vidrio Y Bambu 600Ml Nuevo Personalizado con Logo | Promocionales J&J","Cafetera En Vidrio Y Bambu 600Ml Nuevo","https://promocionalesjj.co/tienda/cafetera-en-vidrio-y-bambu-600ml-nuevo/","","Cafetera En Vidrio Y Bambu 600Ml Nuevo personalizado con tu logo en Colombia. Ideal para regalos corporativos con entrega en Bogotá, Medellín, Cali, Barranquilla y","https://promocionalesjj.co/img/productos/cafetera-en-vidrio-y-bambu-600ml-nuevo.jpg","Organization Product BreadcrumbList","23","no","no"
"/tienda/calculadora-multifuncion/","producto","35500","Calculadora Multifuncion - Personalizado con Logo | Promocionales J&J | Promocionales J&J","Calculadora Multifuncion -","https://promocionalesjj.co/tienda/calculadora-multifuncion/","","Calculadora Multifuncion - personalizado con tu logo en Colombia. Ideal para regalos corporativos con entrega en Bogotá, Medellín, Cali, Barranquilla y Bucaramanga","https://promocionalesjj.co/img/productos/calculadora-multifuncion.jpg","Organization Product BreadcrumbList","19","si","no"
"/tienda/calendario-bamboo-nuevo/","producto","47570","Calendario Bamboo Nuevo Personalizado con Logo | Promocionales J&J | Promocionales J&J","Calendario Bamboo Nuevo","https://promocionalesjj.co/tienda/calendario-bamboo-nuevo/","","Calendario Bamboo Nuevo personalizado con tu logo en Colombia. Ideal para regalos corporativos con entrega en Bogotá, Medellín, Cali, Barranquilla y Bucaramanga","https://promocionalesjj.co/img/productos/calendario-bamboo-nuevo.jpg","Organization Product BreadcrumbList","23","no","no"
"/tienda/calendario-perpetuo-loic-bamboo/","producto","47711","Calendario Perpetuo Loic Bamboo Personalizado con Logo | Promocionales J&J","Calendario Perpetuo Loic Bamboo","https://promocionalesjj.co/tienda/calendario-perpetuo-loic-bamboo/","","Calendario Perpetuo Loic Bamboo personalizado con tu logo en Colombia. Ideal para regalos corporativos con entrega en Bogotá, Medellín, Cali, Barranquilla y","https://promocionalesjj.co/img/productos/calendario-perpetuo-loic-bamboo.jpg","Organization Product BreadcrumbList","23","no","no"
"/tienda/calendario-perpetuo-pad-bamboo/","producto","47369","Calendario Perpetuo Pad Bamboo Personalizado con Logo | Promocionales J&J","Calendario Perpetuo Pad Bamboo","https://promocionalesjj.co/tienda/calendario-perpetuo-pad-bamboo/","","Calendario Perpetuo Pad Bamboo personalizado con tu logo en Colombia. Ideal para regalos corporativos con entrega en Bogotá, Medellín, Cali, Barranquilla y","https://promocionalesjj.co/img/productos/_placeholder-jj.svg","Organization Product BreadcrumbList","23","no","no"
"/tienda/calendario-perpetuo-wood/","producto","47653","Calendario Perpetuo Wood Personalizado con Logo | Promocionales J&J | Promocionales J&J","Calendario Perpetuo Wood","https://promocionalesjj.co/tienda/calendario-perpetuo-wood/","","Calendario Perpetuo Wood personalizado con tu logo en Colombia. Ideal para regalos corporativos con entrega en Bogotá, Medellín, Cali, Barranquilla y Bucaramanga","https://promocionalesjj.co/img/productos/calendario-perpetuo-wood.jpg","Organization Product BreadcrumbList","23","no","no"
"/tienda/camion-antiestres/","producto","46774","Camion Antiestres Personalizado con Logo | Promocionales J&J | Promocionales J&J","Camion Antiestres","https://promocionalesjj.co/tienda/camion-antiestres/","","Camion Antiestres personalizado con tu logo en Colombia. Ideal para regalos corporativos con entrega en Bogotá, Medellín, Cali, Barranquilla y Bucaramanga. Cotiza","https://promocionalesjj.co/img/productos/camion-antiestres.jpg","Organization Product BreadcrumbList","23","si","no"
"/tienda/candado-de-clave-metalico/","producto","47352","Candado De Clave Metalico Personalizado con Logo | Promocionales J&J | Promocionales J&J","Candado De Clave Metalico","https://promocionalesjj.co/tienda/candado-de-clave-metalico/","","Candado De Clave Metalico personalizado con tu logo en Colombia. Ideal para regalos corporativos con entrega en Bogotá, Medellín, Cali, Barranquilla y Bucaramanga","https://promocionalesjj.co/img/productos/candado-de-clave-metalico.jpg","Organization Product BreadcrumbList","23","no","no"
"/tienda/candado-de-clave-tsa/","producto","47232","Candado De Clave Tsa Personalizado con Logo | Promocionales J&J | Promocionales J&J","Candado De Clave Tsa","https://promocionalesjj.co/tienda/candado-de-clave-tsa/","","Candado De Clave Tsa personalizado con tu logo en Colombia. Ideal para regalos corporativos con entrega en Bogotá, Medellín, Cali, Barranquilla y Bucaramanga","https://promocionalesjj.co/img/productos/_placeholder-jj.svg","Organization Product BreadcrumbList","23","no","no"
"/tienda/canguro-reflective/","producto","47170","Canguro Reflective Personalizado con Logo | Promocionales J&J | Promocionales J&J","Canguro Reflective","https://promocionalesjj.co/tienda/canguro-reflective/","","Canguro Reflective personalizado con tu logo en Colombia. Ideal para regalos corporativos con entrega en Bogotá, Medellín, Cali, Barranquilla y Bucaramanga. Cotiza","https://promocionalesjj.co/img/productos/canguro-reflective.jpg","Organization Product BreadcrumbList","23","si","no"
"/tienda/cargador-inalambrico-bamboo-clock/","producto","47753","Cargador Inalambrico Bamboo Clock Personalizado con Logo | Promocionales J&J","Cargador Inalambrico Bamboo Clock","https://promocionalesjj.co/tienda/cargador-inalambrico-bamboo-clock/","","Cargador Inalambrico Bamboo Clock personalizado con tu logo en Colombia. Ideal para regalos corporativos con entrega en Bogotá, Medellín, Cali, Barranquilla y","https://promocionalesjj.co/img/productos/cargador-inalambrico-bamboo-clock.jpg","Organization Product BreadcrumbList","23","si","no"
"/tienda/cargador-inalambrico-bamboo-ii/","producto","47628","Cargador Inalambrico Bamboo Ii Personalizado con Logo | Promocionales J&J","Cargador Inalambrico Bamboo Ii","https://promocionalesjj.co/tienda/cargador-inalambrico-bamboo-ii/","","Cargador Inalambrico Bamboo Ii personalizado con tu logo en Colombia. Ideal para regalos corporativos con entrega en Bogotá, Medellín, Cali, Barranquilla y","https://promocionalesjj.co/img/productos/cargador-inalambrico-bamboo-ii.jpg","Organization Product BreadcrumbList","23","no","no"
"/tienda/cargador-inalambrico-bamboo-square-ii/","producto","47961","Cargador Inalambrico Bamboo Square Ii Personalizado con Logo | Promocionales J&J","Cargador Inalambrico Bamboo Square Ii","https://promocionalesjj.co/tienda/cargador-inalambrico-bamboo-square-ii/","","Cargador Inalambrico Bamboo Square Ii personalizado con tu logo en Colombia. Ideal para regalos corporativos con entrega en Bogotá, Medellín, Cali, Barranquilla y","https://promocionalesjj.co/img/productos/cargador-inalambrico-bamboo-square-ii.jpg","Organization Product BreadcrumbList","23","no","no"
"/tienda/cargador-inalambrico-coileco/","producto","47563","Cargador Inalámbrico Coileco Personalizado con Logo | Promocionales J&J","Cargador Inalámbrico Coileco","https://promocionalesjj.co/tienda/cargador-inalambrico-coileco/","","Cargador Inalámbrico Coileco personalizado con tu logo en Colombia. Ideal para regalos corporativos con entrega en Bogotá, Medellín, Cali, Barranquilla y","https://promocionalesjj.co/img/productos/cargador-inalambrico-coileco.jpg","Organization Product BreadcrumbList","23","si","no"
"/tienda/cargador-inalambrico-collin/","producto","48002","Cargador Inalambrico Collin Personalizado con Logo | Promocionales J&J | Promocionales J&J","Cargador Inalambrico Collin","https://promocionalesjj.co/tienda/cargador-inalambrico-collin/","","Cargador Inalambrico Collin personalizado con tu logo en Colombia. Ideal para regalos corporativos con entrega en Bogotá, Medellín, Cali, Barranquilla y","https://promocionalesjj.co/img/productos/cargador-inalambrico-collin.jpg","Organization Product BreadcrumbList","23","no","no"
"/tienda/cargador-inalambrico-con-cables-4-1/","producto","47803","Cargador Inalambrico Con Cables 4-1 Personalizado con Logo | Promocionales J&J","Cargador Inalambrico Con Cables 4-1","https://promocionalesjj.co/tienda/cargador-inalambrico-con-cables-4-1/","","Cargador Inalambrico Con Cables 4-1 personalizado con tu logo en Colombia. Ideal para regalos corporativos con entrega en Bogotá, Medellín, Cali, Barranquilla y","https://promocionalesjj.co/img/productos/cargador-inalambrico-con-cables-4-1.jpg","Organization Product BreadcrumbList","23","no","no"
"/tienda/cargador-inalambrico-con-lampara-flex/","producto","41388","Cargador Inalambrico Con Lampara Flex Personalizado con Logo | Promocionales J&J","Cargador Inalambrico Con Lampara Flex","https://promocionalesjj.co/tienda/cargador-inalambrico-con-lampara-flex/","","Cargador Inalambrico Con Lampara Flex personalizado con tu logo en Colombia. Ideal para regalos corporativos con entrega en Bogotá, Medellín, Cali, Barranquilla y","https://promocionalesjj.co/img/productos/cargador-inalambrico-con-lampara-flex.jpg","Organization Product BreadcrumbList","20","si","no"
"/tienda/cargador-inalambrico-con-tablero/","producto","47778","Cargador Inalambrico Con Tablero Personalizado con Logo | Promocionales J&J","Cargador Inalambrico Con Tablero","https://promocionalesjj.co/tienda/cargador-inalambrico-con-tablero/","","Cargador Inalambrico Con Tablero personalizado con tu logo en Colombia. Ideal para regalos corporativos con entrega en Bogotá, Medellín, Cali, Barranquilla y","https://promocionalesjj.co/img/productos/cargador-inalambrico-con-tablero.jpg","Organization Product BreadcrumbList","23","no","no"
"/tienda/cargador-inalambrico-con-tablero-eco/","producto","48203","Cargador Inalámbrico Con Tablero Eco Personalizado con Logo | Promocionales J&J","Cargador Inalámbrico Con Tablero Eco","https://promocionalesjj.co/tienda/cargador-inalambrico-con-tablero-eco/","","Cargador Inalámbrico Con Tablero Eco personalizado con tu logo en Colombia. Ideal para regalos corporativos con entrega en Bogotá, Medellín, Cali, Barranquilla y","https://promocionalesjj.co/img/productos/cargador-inalambrico-con-tablero-eco.jpg","Organization Product BreadcrumbList","23","no","no"
"/tienda/cargador-inalambrico-heston/","producto","48065","Cargador Inalambrico Heston Personalizado con Logo | Promocionales J&J | Promocionales J&J","Cargador Inalambrico Heston","https://promocionalesjj.co/tienda/cargador-inalambrico-heston/","","Cargador Inalambrico Heston personalizado con tu logo en Colombia. Ideal para regalos corporativos con entrega en Bogotá, Medellín, Cali, Barranquilla y","https://promocionalesjj.co/img/productos/cargador-inalambrico-heston.jpg","Organization Product BreadcrumbList","23","si","no"
"/tienda/cargador-inalambrico-lavinia/","producto","47619","Cargador Inalámbrico Lavinia Personalizado con Logo | Promocionales J&J","Cargador Inalámbrico Lavinia","https://promocionalesjj.co/tienda/cargador-inalambrico-lavinia/","","Cargador Inalámbrico Lavinia personalizado con tu logo en Colombia. Ideal para regalos corporativos con entrega en Bogotá, Medellín, Cali, Barranquilla y","https://promocionalesjj.co/img/productos/cargador-inalambrico-lavinia.jpg","Organization Product BreadcrumbList","23","no","no"
"/tienda/cargador-inalambrico-magnet-3-1-eco/","producto","47973","Cargador Inalámbrico Mágnet 3-1 Eco Personalizado con Logo | Promocionales J&J","Cargador Inalámbrico Mágnet 3-1 Eco","https://promocionalesjj.co/tienda/cargador-inalambrico-magnet-3-1-eco/","","Cargador Inalámbrico Mágnet 3-1 Eco personalizado con tu logo en Colombia. Ideal para regalos corporativos con entrega en Bogotá, Medellín, Cali, Barranquilla y","https://promocionalesjj.co/img/productos/cargador-inalambrico-magnet-3-1-eco.jpg","Organization Product BreadcrumbList","23","si","no"
"/tienda/cargador-inalambrico-nembar/","producto","47994","Cargador Inalambrico Nembar Personalizado con Logo | Promocionales J&J | Promocionales J&J","Cargador Inalambrico Nembar","https://promocionalesjj.co/tienda/cargador-inalambrico-nembar/","","Cargador Inalambrico Nembar personalizado con tu logo en Colombia. Ideal para regalos corporativos con entrega en Bogotá, Medellín, Cali, Barranquilla y","https://promocionalesjj.co/img/productos/cargador-inalambrico-nembar.jpg","Organization Product BreadcrumbList","23","no","no"
"/tienda/cargador-inalambrico-sabik-eco/","producto","47573","Cargador Inalámbrico Sabik Eco Personalizado con Logo | Promocionales J&J","Cargador Inalámbrico Sabik Eco","https://promocionalesjj.co/tienda/cargador-inalambrico-sabik-eco/","","Cargador Inalámbrico Sabik Eco personalizado con tu logo en Colombia. Ideal para regalos corporativos con entrega en Bogotá, Medellín, Cali, Barranquilla y","https://promocionalesjj.co/img/productos/cargador-inalambrico-sabik-eco.jpg","Organization Product BreadcrumbList","23","no","no"
"/tienda/cargador-inalambrico-warmer/","producto","47887","Cargador Inalámbrico Warmer Personalizado con Logo | Promocionales J&J | Promocionales J&J","Cargador Inalámbrico Warmer","https://promocionalesjj.co/tienda/cargador-inalambrico-warmer/","","Cargador Inalámbrico Warmer personalizado con tu logo en Colombia. Ideal para regalos corporativos con entrega en Bogotá, Medellín, Cali, Barranquilla y","https://promocionalesjj.co/img/productos/cargador-inalambrico-warmer.jpg","Organization Product BreadcrumbList","23","no","no"
"/tienda/cargador-para-carro-eco/","producto","47494","Cargador Para Carro Eco Personalizado con Logo | Promocionales J&J | Promocionales J&J","Cargador Para Carro Eco","https://promocionalesjj.co/tienda/cargador-para-carro-eco/","","Cargador Para Carro Eco personalizado con tu logo en Colombia. Ideal para regalos corporativos con entrega en Bogotá, Medellín, Cali, Barranquilla y Bucaramanga","https://promocionalesjj.co/img/productos/cargador-para-carro-eco.jpg","Organization Product BreadcrumbList","23","no","no"
"/tienda/carpeta-de-carton-reciclable-ii/","producto","47711","Carpeta De Carton Reciclable Ii Personalizado con Logo | Promocionales J&J","Carpeta De Carton Reciclable Ii","https://promocionalesjj.co/tienda/carpeta-de-carton-reciclable-ii/","","Carpeta De Carton Reciclable Ii personalizado con tu logo en Colombia. Ideal para regalos corporativos con entrega en Bogotá, Medellín, Cali, Barranquilla y","https://promocionalesjj.co/img/productos/carpeta-de-carton-reciclable-ii.jpg","Organization Product BreadcrumbList","23","no","no"
"/tienda/carpeta-folder-con-cargador-inalambrico-cork/","producto","48674","Carpeta Folder Con Cargador Inalambrico Cork Personalizado con Logo | Promocionales J&J","Carpeta Folder Con Cargador Inalambrico Cork","https://promocionalesjj.co/tienda/carpeta-folder-con-cargador-inalambrico-cork/","","Carpeta Folder Con Cargador Inalambrico Cork personalizado con tu logo en Colombia. Ideal para regalos corporativos con entrega en Bogotá, Medellín, Cali","https://promocionalesjj.co/img/productos/carpeta-folder-con-cargador-inalambrico-cork.jpg","Organization Product BreadcrumbList","23","no","no"
"/tienda/cartoon/","producto","47235","Cartoon Personalizado con Logo | Promocionales J&J | Promocionales J&J","Cartoon","https://promocionalesjj.co/tienda/cartoon/","","Cartoon personalizado con tu logo en Colombia. Ideal para regalos corporativos con entrega en Bogotá, Medellín, Cali, Barranquilla y Bucaramanga. Cotiza al por","https://promocionalesjj.co/img/productos/_placeholder-jj.svg","Organization Product BreadcrumbList","22","no","no"
"/tienda/categoria/antiestres/","categoria","80761","Antiestrés Personalizados con Logo | Promocionales J&J","Antiestrés Personalizados","https://promocionalesjj.co/tienda/categoria/antiestres/","","Artículos antiestrés personalizados para aliviar tensiones en la oficina. Personalización con tu logo y precio mayorista, con envíos a toda Colombia.","","Organization BreadcrumbList","42","si","no"
"/tienda/categoria/antimicrobianos/","categoria","47614","Antimicrobianos Personalizados con Logo | Promocionales J&J","Antimicrobianos Personalizados","https://promocionalesjj.co/tienda/categoria/antimicrobianos/","","Productos con tecnología antimicrobiana para mayor higiene y seguridad. Personalización con tu logo y precio mayorista, con envíos a toda Colombia.","","Organization BreadcrumbList","25","si","no"
"/tienda/categoria/articulos-escritura/","categoria","360960","Artículos de Escritura Personalizados con Logo | Promocionales J&J","Artículos de Escritura Personalizados","https://promocionalesjj.co/tienda/categoria/articulos-escritura/","","Bolígrafos, lapiceros y sets de escritura personalizados con tu marca. Personalización con tu logo y precio mayorista, con envíos a toda Colombia.","","Organization BreadcrumbList","42","si","no"
"/tienda/categoria/automovil/","categoria","33385","Automóvil Personalizados con Logo | Promocionales J&J","Automóvil Personalizados","https://promocionalesjj.co/tienda/categoria/automovil/","","Accesorios promocionales para autos y vehículos. Personalización con tu logo y precio mayorista, con envíos a toda Colombia.","","Organization BreadcrumbList","19","si","no"
"/tienda/categoria/bar-y-vino/","categoria","83588","Bar y Vino Personalizados con Logo | Promocionales J&J","Bar y Vino Personalizados","https://promocionalesjj.co/tienda/categoria/bar-y-vino/","","Artículos para bar, destapadores, copas y accesorios de vino. Personalización con tu logo y precio mayorista, con envíos a toda Colombia.","","Organization BreadcrumbList","42","si","no"
"/tienda/categoria/bicicleta/","categoria","49752","Bicicleta Personalizados con Logo | Promocionales J&J","Bicicleta Personalizados","https://promocionalesjj.co/tienda/categoria/bicicleta/","","Accesorios para ciclistas y bicicletas personalizados. Personalización con tu logo y precio mayorista, con envíos a toda Colombia.","","Organization BreadcrumbList","27","si","no"
"/tienda/categoria/calculadoras/","categoria","33379","Calculadoras Personalizados con Logo | Promocionales J&J","Calculadoras Personalizados","https://promocionalesjj.co/tienda/categoria/calculadoras/","","Calculadoras promocionales para oficina y estudiantes. Personalización con tu logo y precio mayorista, con envíos a toda Colombia.","","Organization BreadcrumbList","19","si","no"
"/tienda/categoria/confeccion/","categoria","31277","Confección Personalizados con Logo | Promocionales J&J","Confección Personalizados","https://promocionalesjj.co/tienda/categoria/confeccion/","","Prendas de vestir y textiles personalizados con tu logo. Personalización con tu logo y precio mayorista, con envíos a toda Colombia.","","Organization BreadcrumbList","18","si","no"
"/tienda/categoria/cuidado-personal/","categoria","37246","Cuidado Personal Personalizados con Logo | Promocionales J&J","Cuidado Personal Personalizados","https://promocionalesjj.co/tienda/categoria/cuidado-personal/","","Productos de higiene y cuidado personal personalizados. Personalización con tu logo y precio mayorista, con envíos a toda Colombia.","","Organization BreadcrumbList","21","si","no"
"/tienda/categoria/deportes/","categoria","31256","Deportes Personalizados con Logo | Promocionales J&J","Deportes Personalizados","https://promocionalesjj.co/tienda/categoria/deportes/","","Artículos deportivos y accesorios para actividades físicas. Personalización con tu logo y precio mayorista, con envíos a toda Colombia.","","Organization BreadcrumbList","18","si","no"
"/tienda/categoria/ecologia/","categoria","49686","Ecología Personalizados con Logo | Promocionales J&J","Ecología Personalizados","https://promocionalesjj.co/tienda/categoria/ecologia/","","Artículos ecológicos y sustentables para empresas responsables. Personalización con tu logo y precio mayorista, con envíos a toda Colombia.","","Organization BreadcrumbList","27","si","no"
"/tienda/categoria/econature/","categoria","31240","EcoNature Personalizados con Logo | Promocionales J&J","EcoNature Personalizados","https://promocionalesjj.co/tienda/categoria/econature/","","Productos ecológicos premium de la línea EcoNature. Personalización con tu logo y precio mayorista, con envíos a toda Colombia.","","Organization BreadcrumbList","18","si","no"
"/tienda/categoria/golf/","categoria","33285","Golf Personalizados con Logo | Promocionales J&J","Golf Personalizados","https://promocionalesjj.co/tienda/categoria/golf/","","Accesorios de golf personalizados para eventos corporativos. Personalización con tu logo y precio mayorista, con envíos a toda Colombia.","","Organization BreadcrumbList","19","si","no"
"/tienda/categoria/gorras/","categoria","31212","Gorras Personalizados con Logo | Promocionales J&J","Gorras Personalizados","https://promocionalesjj.co/tienda/categoria/gorras/","","Gorras y cachuchas personalizadas con bordado o estampado. Personalización con tu logo y precio mayorista, con envíos a toda Colombia.","","Organization BreadcrumbList","18","si","no"
"/tienda/categoria/herramientas/","categoria","112681","Herramientas Personalizados con Logo | Promocionales J&J","Herramientas Personalizados","https://promocionalesjj.co/tienda/categoria/herramientas/","","Herramientas promocionales útiles para el hogar y trabajo. Personalización con tu logo y precio mayorista, con envíos a toda Colombia.","","Organization BreadcrumbList","42","si","no"
"/tienda/categoria/hogar/","categoria","39678","Hogar Personalizados con Logo | Promocionales J&J","Hogar Personalizados","https://promocionalesjj.co/tienda/categoria/hogar/","","Artículos para el hogar personalizados con tu marca. Personalización con tu logo y precio mayorista, con envíos a toda Colombia.","","Organization BreadcrumbList","22","si","no"
"/tienda/categoria/iluminacion/","categoria","35679","Iluminación Personalizados con Logo | Promocionales J&J","Iluminación Personalizados","https://promocionalesjj.co/tienda/categoria/iluminacion/","","Linternas, lámparas y productos de iluminación personalizados. Personalización con tu logo y precio mayorista, con envíos a toda Colombia.","","Organization BreadcrumbList","20","si","no"
"/tienda/categoria/infantil/","categoria","33188","Infantil Personalizados con Logo | Promocionales J&J","Infantil Personalizados","https://promocionalesjj.co/tienda/categoria/infantil/","","Productos promocionales para niños y eventos infantiles. Personalización con tu logo y precio mayorista, con envíos a toda Colombia.","","Organization BreadcrumbList","19","si","no"
"/tienda/categoria/juegos/","categoria","31200","Juegos Personalizados con Logo | Promocionales J&J","Juegos Personalizados","https://promocionalesjj.co/tienda/categoria/juegos/","","Juegos de mesa y artículos recreativos personalizados. Personalización con tu logo y precio mayorista, con envíos a toda Colombia.","","Organization BreadcrumbList","18","si","no"
"/tienda/categoria/llaveros/","categoria","86304","Llaveros Personalizados con Logo | Promocionales J&J","Llaveros Personalizados","https://promocionalesjj.co/tienda/categoria/llaveros/","","Llaveros promocionales de diversos materiales y estilos. Personalización con tu logo y precio mayorista, con envíos a toda Colombia.","","Organization BreadcrumbList","42","si","no"
"/tienda/categoria/maletines/","categoria","45479","Maletines Personalizados con Logo | Promocionales J&J","Maletines Personalizados","https://promocionalesjj.co/tienda/categoria/maletines/","","Maletines, portafolios y bolsos ejecutivos personalizados. Personalización con tu logo y precio mayorista, con envíos a toda Colombia.","","Organization BreadcrumbList","25","si","no"
"/tienda/categoria/master-line/","categoria","39118","Master Line Personalizados con Logo | Promocionales J&J","Master Line Personalizados","https://promocionalesjj.co/tienda/categoria/master-line/","","Productos premium de la línea Master Line. Personalización con tu logo y precio mayorista, con envíos a toda Colombia.","","Organization BreadcrumbList","22","si","no"
"/tienda/categoria/medicos/","categoria","31229","Médicos Personalizados con Logo | Promocionales J&J","Médicos Personalizados","https://promocionalesjj.co/tienda/categoria/medicos/","","Artículos promocionales para el sector salud y médico. Personalización con tu logo y precio mayorista, con envíos a toda Colombia.","","Organization BreadcrumbList","18","si","no"
"/tienda/categoria/memorias-usb/","categoria","31284","Memorias USB Personalizados con Logo | Promocionales J&J","Memorias USB Personalizados","https://promocionalesjj.co/tienda/categoria/memorias-usb/","","Memorias USB y pendrives personalizados con tu logo. Personalización con tu logo y precio mayorista, con envíos a toda Colombia.","","Organization BreadcrumbList","18","si","no"
"/tienda/categoria/mugs/","categoria","76496","Mugs Personalizados con Logo | Promocionales J&J","Mugs Personalizados","https://promocionalesjj.co/tienda/categoria/mugs/","","Tazas y mugs personalizados para oficina y hogar. Personalización con tu logo y precio mayorista, con envíos a toda Colombia.","","Organization BreadcrumbList","40","si","no"
"/tienda/categoria/oficina/","categoria","41348","Oficina Personalizados con Logo | Promocionales J&J","Oficina Personalizados","https://promocionalesjj.co/tienda/categoria/oficina/","","Artículos de oficina y escritorio personalizados. Personalización con tu logo y precio mayorista, con envíos a toda Colombia.","","Organization BreadcrumbList","23","si","no"
"/tienda/categoria/paraguas/","categoria","31220","Paraguas Personalizados con Logo | Promocionales J&J","Paraguas Personalizados","https://promocionalesjj.co/tienda/categoria/paraguas/","","Paraguas y sombrillas promocionales de alta calidad. Personalización con tu logo y precio mayorista, con envíos a toda Colombia.","","Organization BreadcrumbList","18","si","no"
"/tienda/categoria/precio-bomba/","categoria","33464","Precio Bomba Personalizados con Logo | Promocionales J&J","Precio Bomba Personalizados","https://promocionalesjj.co/tienda/categoria/precio-bomba/","","Productos promocionales con los mejores precios del mercado. Personalización con tu logo y precio mayorista, con envíos a toda Colombia.","","Organization BreadcrumbList","19","si","no"
"/tienda/categoria/produccion-nacional/","categoria","31421","Producción Nacional Personalizados con Logo | Promocionales J&J","Producción Nacional Personalizados","https://promocionalesjj.co/tienda/categoria/produccion-nacional/","","Productos fabricados localmente con calidad garantizada. Personalización con tu logo y precio mayorista, con envíos a toda Colombia.","","Organization BreadcrumbList","18","si","no"
"/tienda/categoria/productos-2023/","categoria","31338","Productos Nuevos Personalizados con Logo | Promocionales J&J","Productos Nuevos Personalizados","https://promocionalesjj.co/tienda/categoria/productos-2023/","","Los productos más nuevos y tendencias del catálogo. Personalización con tu logo y precio mayorista, con envíos a toda Colombia.","","Organization BreadcrumbList","18","si","no"
"/tienda/categoria/reflectivos/","categoria","56391","Reflectivos Personalizados con Logo | Promocionales J&J","Reflectivos Personalizados","https://promocionalesjj.co/tienda/categoria/reflectivos/","","Artículos reflectivos para seguridad vial y visibilidad nocturna. Personalización con tu logo y precio mayorista, con envíos a toda Colombia.","","Organization BreadcrumbList","30","si","no"
"/tienda/categoria/relojes/","categoria","31220","Relojes Personalizados con Logo | Promocionales J&J","Relojes Personalizados","https://promocionalesjj.co/tienda/categoria/relojes/","","Relojes promocionales de pared y pulsera personalizados. Personalización con tu logo y precio mayorista, con envíos a toda Colombia.","","Organization BreadcrumbList","18","si","no"
"/tienda/categoria/tecnologia/","categoria","31309","Tecnología Personalizados con Logo | Promocionales J&J","Tecnología Personalizados","https://promocionalesjj.co/tienda/categoria/tecnologia/","","Gadgets tecnológicos y accesorios electrónicos personalizados. Personalización con tu logo y precio mayorista, con envíos a toda Colombia.","","Organization BreadcrumbList","18","si","no"
"/tienda/categoria/termos-personalizados/","categoria","33759","Termos Personalizados Personalizados con Logo | Promocionales J&J","Termos Personalizados Personalizados","https://promocionalesjj.co/tienda/categoria/termos-personalizados/","","Termos personalizados con tu logo: acero inoxidable y opciones ecológicas para mantener tu marca presente todo el día. Personalización con tu logo y precio mayorista, con envíos a toda Colombia.","","Organization BreadcrumbList","19","si","no"
"/tienda/categoria/tomatodos-y-botilitos-personalizados/","categoria","32000","Tomatodos y Botilitos Personalizados Personalizados con Logo | Promocionales J&J","Tomatodos y Botilitos Personalizados Personalizados","https://promocionalesjj.co/tienda/categoria/tomatodos-y-botilitos-personalizados/","","Tomatodos y botilitos personalizados con tu logo: metálicos, plásticos y ecológicos, ideales para regalos corporativos y deportivos. Personalización con tu logo y precio mayorista, con envíos a toda Colombia.","","Organization BreadcrumbList","18","si","no"
"/tienda/categoria/variedades/","categoria","387200","Variedades Personalizados con Logo | Promocionales J&J","Variedades Personalizados","https://promocionalesjj.co/tienda/categoria/variedades/","","Artículos promocionales variados para toda ocasión. Personalización con tu logo y precio mayorista, con envíos a toda Colombia.","","Organization BreadcrumbList","42","si","no"
"/tienda/categoria/vasos-personalizados/","categoria","37804","Vasos Personalizados Personalizados con Logo | Promocionales J&J","Vasos Personalizados Personalizados","https://promocionalesjj.co/tienda/categoria/vasos-personalizados/","","Vasos personalizados con tu logo: metálicos, plásticos, de vidrio y ecológicos para regalos corporativos y eventos. Personalización con tu logo y precio mayorista, con envíos a toda Colombia.","","Organization BreadcrumbList","21","si","no"
"/tienda/cepillo-de-dientes-bambu/","producto","47373","Cepillo De Dientes Bambú Personalizado con Logo | Promocionales J&J | Promocionales J&J","Cepillo De Dientes Bambú","https://promocionalesjj.co/tienda/cepillo-de-dientes-bambu/","","Cepillo De Dientes Bambú personalizado con tu logo en Colombia. Ideal para regalos corporativos con entrega en Bogotá, Medellín, Cali, Barranquilla y Bucaramanga","https://promocionalesjj.co/img/productos/_placeholder-jj.svg","Organization Product BreadcrumbList","23","no","no"
"/tienda/cepillo-de-dientes-travel/","producto","47574","Cepillo De Dientes Travel Personalizado con Logo | Promocionales J&J | Promocionales J&J","Cepillo De Dientes Travel","https://promocionalesjj.co/tienda/cepillo-de-dientes-travel/","","Cepillo De Dientes Travel personalizado con tu logo en Colombia. Ideal para regalos corporativos con entrega en Bogotá, Medellín, Cali, Barranquilla y Bucaramanga","https://promocionalesjj.co/img/productos/_placeholder-jj.svg","Organization Product BreadcrumbList","23","no","no"
"/tienda/cepillo-eco-bamboo/","producto","47227","Cepillo Eco Bamboo Personalizado con Logo | Promocionales J&J | Promocionales J&J","Cepillo Eco Bamboo","https://promocionalesjj.co/tienda/cepillo-eco-bamboo/","","Cepillo Eco Bamboo personalizado con tu logo en Colombia. Ideal para regalos corporativos con entrega en Bogotá, Medellín, Cali, Barranquilla y Bucaramanga. Cotiza","https://promocionalesjj.co/img/productos/cepillo-eco-bamboo.jpg","Organization Product BreadcrumbList","23","no","no"
"/tienda/cepillo-en-bamboo-con-espejo/","producto","47746","Cepillo En Bamboo Con Espejo Personalizado con Logo | Promocionales J&J","Cepillo En Bamboo Con Espejo","https://promocionalesjj.co/tienda/cepillo-en-bamboo-con-espejo/","","Cepillo En Bamboo Con Espejo personalizado con tu logo en Colombia. Ideal para regalos corporativos con entrega en Bogotá, Medellín, Cali, Barranquilla y","https://promocionalesjj.co/img/productos/cepillo-en-bamboo-con-espejo.jpg","Organization Product BreadcrumbList","23","no","no"
"/tienda/cepillo-en-bamboo-hair/","producto","47451","Cepillo En Bamboo Hair Personalizado con Logo | Promocionales J&J | Promocionales J&J","Cepillo En Bamboo Hair","https://promocionalesjj.co/tienda/cepillo-en-bamboo-hair/","","Cepillo En Bamboo Hair personalizado con tu logo en Colombia. Ideal para regalos corporativos con entrega en Bogotá, Medellín, Cali, Barranquilla y Bucaramanga","https://promocionalesjj.co/img/productos/cepillo-en-bamboo-hair.jpg","Organization Product BreadcrumbList","23","no","no"
"/tienda/cepillo-en-bamboo-hair-max/","producto","47627","Cepillo En Bamboo Hair Max Personalizado con Logo | Promocionales J&J | Promocionales J&J","Cepillo En Bamboo Hair Max","https://promocionalesjj.co/tienda/cepillo-en-bamboo-hair-max/","","Cepillo En Bamboo Hair Max personalizado con tu logo en Colombia. Ideal para regalos corporativos con entrega en Bogotá, Medellín, Cali, Barranquilla y Bucaramanga","https://promocionalesjj.co/img/productos/cepillo-en-bamboo-hair-max.jpg","Organization Product BreadcrumbList","23","no","no"
"/tienda/cepillo-en-silicona-eco/","producto","47662","Cepillo En Silicona Eco Personalizado con Logo | Promocionales J&J | Promocionales J&J","Cepillo En Silicona Eco","https://promocionalesjj.co/tienda/cepillo-en-silicona-eco/","","Cepillo En Silicona Eco personalizado con tu logo en Colombia. Ideal para regalos corporativos con entrega en Bogotá, Medellín, Cali, Barranquilla y Bucaramanga","https://promocionalesjj.co/img/productos/cepillo-en-silicona-eco.jpg","Organization Product BreadcrumbList","23","no","no"
"/tienda/cepillo-exfoliante-skin/","producto","47418","Cepillo Exfoliante Skin Personalizado con Logo | Promocionales J&J | Promocionales J&J","Cepillo Exfoliante Skin","https://promocionalesjj.co/tienda/cepillo-exfoliante-skin/","","Cepillo Exfoliante Skin personalizado con tu logo en Colombia. Ideal para regalos corporativos con entrega en Bogotá, Medellín, Cali, Barranquilla y Bucaramanga","https://promocionalesjj.co/img/productos/_placeholder-jj.svg","Organization Product BreadcrumbList","23","no","no"
"/tienda/cinta-para-portacarnet-cork/","producto","47774","Cinta Para Portacarnet Cork Personalizado con Logo | Promocionales J&J | Promocionales J&J","Cinta Para Portacarnet Cork","https://promocionalesjj.co/tienda/cinta-para-portacarnet-cork/","","Cinta Para Portacarnet Cork personalizado con tu logo en Colombia. Ideal para regalos corporativos con entrega en Bogotá, Medellín, Cali, Barranquilla y","https://promocionalesjj.co/img/productos/cinta-para-portacarnet-cork.jpg","Organization Product BreadcrumbList","23","no","no"
"/tienda/cinta-portacarnet-puzzle/","producto","47765","Cinta Portacarnet Puzzle Personalizado con Logo | Promocionales J&J | Promocionales J&J","Cinta Portacarnet Puzzle","https://promocionalesjj.co/tienda/cinta-portacarnet-puzzle/","","Cinta Portacarnet Puzzle personalizado con tu logo en Colombia. Ideal para regalos corporativos con entrega en Bogotá, Medellín, Cali, Barranquilla y Bucaramanga","https://promocionalesjj.co/img/productos/cinta-portacarnet-puzzle.jpg","Organization Product BreadcrumbList","23","no","no"
"/tienda/clark-metalizado/","producto","47446","Clark Metalizado Personalizado con Logo | Promocionales J&J | Promocionales J&J","Clark Metalizado","https://promocionalesjj.co/tienda/clark-metalizado/","","Clark Metalizado personalizado con tu logo en Colombia. Ideal para regalos corporativos con entrega en Bogotá, Medellín, Cali, Barranquilla y Bucaramanga. Cotiza al","https://promocionalesjj.co/img/productos/clark-metalizado.jpg","Organization Product BreadcrumbList","22","no","no"
"/tienda/clark-solido/","producto","47298","Clark Solido Personalizado con Logo | Promocionales J&J | Promocionales J&J","Clark Solido","https://promocionalesjj.co/tienda/clark-solido/","","Clark Solido personalizado con tu logo en Colombia. Ideal para regalos corporativos con entrega en Bogotá, Medellín, Cali, Barranquilla y Bucaramanga. Cotiza al por","https://promocionalesjj.co/img/productos/clark-solido.jpg","Organization Product BreadcrumbList","22","no","no"
"/tienda/clas/","producto","46912","Clas Personalizado con Logo | Promocionales J&J | Promocionales J&J","Clas","https://promocionalesjj.co/tienda/clas/","","Clas personalizado con tu logo en Colombia. Ideal para regalos corporativos con entrega en Bogotá, Medellín, Cali, Barranquilla y Bucaramanga. Cotiza al por mayor.","https://promocionalesjj.co/img/productos/clas.jpg","Organization Product BreadcrumbList","22","si","no"
"/tienda/clip-cork/","producto","46946","Clip Cork Personalizado con Logo | Promocionales J&J | Promocionales J&J","Clip Cork","https://promocionalesjj.co/tienda/clip-cork/","","Clip Cork personalizado con tu logo en Colombia. Ideal para regalos corporativos con entrega en Bogotá, Medellín, Cali, Barranquilla y Bucaramanga. Cotiza al por","https://promocionalesjj.co/img/productos/clip-cork.jpg","Organization Product BreadcrumbList","23","no","no"
"/tienda/clip-marcador-de-hojas/","producto","47199","Clip Marcador De Hojas - Personalizado con Logo | Promocionales J&J | Promocionales J&J","Clip Marcador De Hojas -","https://promocionalesjj.co/tienda/clip-marcador-de-hojas/","","Clip Marcador De Hojas - personalizado con tu logo en Colombia. Ideal para regalos corporativos con entrega en Bogotá, Medellín, Cali, Barranquilla y Bucaramanga","https://promocionalesjj.co/img/productos/clip-marcador-de-hojas.jpg","Organization Product BreadcrumbList","23","si","no"
"/tienda/clip-portamensajes-mini-car/","producto","44853","Clip Portamensajes Mini Car - Personalizado con Logo | Promocionales J&J","Clip Portamensajes Mini Car -","https://promocionalesjj.co/tienda/clip-portamensajes-mini-car/","","Clip Portamensajes Mini Car - personalizado con tu logo en Colombia. Ideal para regalos corporativos con entrega en Bogotá, Medellín, Cali, Barranquilla y","https://promocionalesjj.co/img/productos/clip-portamensajes-mini-car.jpg","Organization Product BreadcrumbList","22","si","no"
"/tienda/colgador-de-botellas-con-carabinero/","producto","47889","Colgador De Botellas Con Carabinero - Personalizado con Logo | Promocionales J&J","Colgador De Botellas Con Carabinero -","https://promocionalesjj.co/tienda/colgador-de-botellas-con-carabinero/","","Colgador De Botellas Con Carabinero - personalizado con tu logo en Colombia. Ideal para regalos corporativos con entrega en Bogotá, Medellín, Cali, Barranquilla y","https://promocionalesjj.co/img/productos/colgador-de-botellas-con-carabinero.jpg","Organization Product BreadcrumbList","23","si","no"
"/tienda/cooler-para-botellas/","producto","46977","Cooler Para Botellas Personalizado con Logo | Promocionales J&J | Promocionales J&J","Cooler Para Botellas","https://promocionalesjj.co/tienda/cooler-para-botellas/","","Cooler Para Botellas personalizado con tu logo en Colombia. Ideal para regalos corporativos con entrega en Bogotá, Medellín, Cali, Barranquilla y Bucaramanga","https://promocionalesjj.co/img/productos/cooler-para-botellas.jpg","Organization Product BreadcrumbList","23","si","no"
"/tienda/corazon-antiestres/","producto","46823","Corazon Antiestres Personalizado con Logo | Promocionales J&J | Promocionales J&J","Corazon Antiestres","https://promocionalesjj.co/tienda/corazon-antiestres/","","Corazon Antiestres personalizado con tu logo en Colombia. Ideal para regalos corporativos con entrega en Bogotá, Medellín, Cali, Barranquilla y Bucaramanga. Cotiza","https://promocionalesjj.co/img/productos/corazon-antiestres.jpg","Organization Product BreadcrumbList","23","si","no"
"/tienda/cordon-para-celular-bamboo-eco/","producto","47577","Cordon Para Celular Bamboo Eco Personalizado con Logo | Promocionales J&J","Cordon Para Celular Bamboo Eco","https://promocionalesjj.co/tienda/cordon-para-celular-bamboo-eco/","","Cordon Para Celular Bamboo Eco personalizado con tu logo en Colombia. Ideal para regalos corporativos con entrega en Bogotá, Medellín, Cali, Barranquilla y","https://promocionalesjj.co/img/productos/_placeholder-jj.svg","Organization Product BreadcrumbList","23","no","no"
"/tienda/corpy/","producto","46947","Corpy Personalizado con Logo | Promocionales J&J | Promocionales J&J","Corpy","https://promocionalesjj.co/tienda/corpy/","","Corpy personalizado con tu logo en Colombia. Ideal para regalos corporativos con entrega en Bogotá, Medellín, Cali, Barranquilla y Bucaramanga. Cotiza al por mayor.","https://promocionalesjj.co/img/productos/corpy.jpg","Organization Product BreadcrumbList","22","si","no"
"/tienda/cosmetirquera-terra/","producto","47254","Cosmetirquera Terra Personalizado con Logo | Promocionales J&J | Promocionales J&J","Cosmetirquera Terra","https://promocionalesjj.co/tienda/cosmetirquera-terra/","","Cosmetirquera Terra personalizado con tu logo en Colombia. Ideal para regalos corporativos con entrega en Bogotá, Medellín, Cali, Barranquilla y Bucaramanga. Cotiza","https://promocionalesjj.co/img/productos/cosmetirquera-terra.jpg","Organization Product BreadcrumbList","23","no","no"
"/tienda/cosmo-borrable/","producto","47070","Cosmo Borrable - Personalizado con Logo | Promocionales J&J | Promocionales J&J","Cosmo Borrable -","https://promocionalesjj.co/tienda/cosmo-borrable/","","Cosmo Borrable - personalizado con tu logo en Colombia. Ideal para regalos corporativos con entrega en Bogotá, Medellín, Cali, Barranquilla y Bucaramanga. Cotiza al","https://promocionalesjj.co/img/productos/cosmo-borrable.jpg","Organization Product BreadcrumbList","22","si","no"
"/tienda/cubo-pop-it/","producto","46636","Cubo Pop It Personalizado con Logo | Promocionales J&J | Promocionales J&J","Cubo Pop It","https://promocionalesjj.co/tienda/cubo-pop-it/","","Cubo Pop It personalizado con tu logo en Colombia. Ideal para regalos corporativos con entrega en Bogotá, Medellín, Cali, Barranquilla y Bucaramanga. Cotiza al por","https://promocionalesjj.co/img/productos/cubo-pop-it.jpg","Organization Product BreadcrumbList","23","si","no"
"/tienda/cubre-camara-eco-clip/","producto","47676","Cubre Camara Eco Clip Personalizado con Logo | Promocionales J&J | Promocionales J&J","Cubre Camara Eco Clip","https://promocionalesjj.co/tienda/cubre-camara-eco-clip/","","Cubre Camara Eco Clip personalizado con tu logo en Colombia. Ideal para regalos corporativos con entrega en Bogotá, Medellín, Cali, Barranquilla y Bucaramanga","https://promocionalesjj.co/img/productos/cubre-camara-eco-clip.jpg","Organization Product BreadcrumbList","23","no","no"
"/tienda/cuello-multifuncional-para-sublimacion/","producto","47907","Cuello Multifuncional Para Sublimacion Personalizado con Logo | Promocionales J&J","Cuello Multifuncional Para Sublimacion","https://promocionalesjj.co/tienda/cuello-multifuncional-para-sublimacion/","","Cuello Multifuncional Para Sublimacion personalizado con tu logo en Colombia. Ideal para regalos corporativos con entrega en Bogotá, Medellín, Cali, Barranquilla y","https://promocionalesjj.co/img/productos/cuello-multifuncional-para-sublimacion.jpg","Organization Product BreadcrumbList","23","si","no"
"/tienda/cuerpo-en-madera-para-abanico/","producto","47661","Cuerpo En Madera Para Abanico Personalizado con Logo | Promocionales J&J","Cuerpo En Madera Para Abanico","https://promocionalesjj.co/tienda/cuerpo-en-madera-para-abanico/","","Cuerpo En Madera Para Abanico personalizado con tu logo en Colombia. Ideal para regalos corporativos con entrega en Bogotá, Medellín, Cali, Barranquilla y","https://promocionalesjj.co/img/productos/cuerpo-en-madera-para-abanico.jpg","Organization Product BreadcrumbList","23","no","no"
"/tienda/descorchador-de-dos-tiempos-kiblack/","producto","47407","Descorchador De Dos Tiempos Kiblack Personalizado con Logo | Promocionales J&J","Descorchador De Dos Tiempos Kiblack","https://promocionalesjj.co/tienda/descorchador-de-dos-tiempos-kiblack/","","Descorchador De Dos Tiempos Kiblack personalizado con tu logo en Colombia. Ideal para regalos corporativos con entrega en Bogotá, Medellín, Cali, Barranquilla y","https://promocionalesjj.co/img/productos/descorchador-de-dos-tiempos-kiblack.jpg","Organization Product BreadcrumbList","23","no","no"
"/tienda/destapador-bamboo/","producto","47276","Destapador Bamboo Personalizado con Logo | Promocionales J&J | Promocionales J&J","Destapador Bamboo","https://promocionalesjj.co/tienda/destapador-bamboo/","","Destapador Bamboo personalizado con tu logo en Colombia. Ideal para regalos corporativos con entrega en Bogotá, Medellín, Cali, Barranquilla y Bucaramanga. Cotiza","https://promocionalesjj.co/img/productos/destapador-bamboo.jpg","Organization Product BreadcrumbList","23","no","no"
"/tienda/destapador-bamboo-wine/","producto","47395","Destapador Bamboo Wine Personalizado con Logo | Promocionales J&J | Promocionales J&J","Destapador Bamboo Wine","https://promocionalesjj.co/tienda/destapador-bamboo-wine/","","Destapador Bamboo Wine personalizado con tu logo en Colombia. Ideal para regalos corporativos con entrega en Bogotá, Medellín, Cali, Barranquilla y Bucaramanga","https://promocionalesjj.co/img/productos/destapador-bamboo-wine.jpg","Organization Product BreadcrumbList","23","no","no"
"/tienda/destapador-con-navaja-eco/","producto","47528","Destapador Con Navaja Eco Personalizado con Logo | Promocionales J&J | Promocionales J&J","Destapador Con Navaja Eco","https://promocionalesjj.co/tienda/destapador-con-navaja-eco/","","Destapador Con Navaja Eco personalizado con tu logo en Colombia. Ideal para regalos corporativos con entrega en Bogotá, Medellín, Cali, Barranquilla y Bucaramanga","https://promocionalesjj.co/img/productos/destapador-con-navaja-eco.jpg","Organization Product BreadcrumbList","23","no","no"
"/tienda/destapador-eco-wine/","producto","47406","Destapador Eco Wine Personalizado con Logo | Promocionales J&J | Promocionales J&J","Destapador Eco Wine","https://promocionalesjj.co/tienda/destapador-eco-wine/","","Destapador Eco Wine personalizado con tu logo en Colombia. Ideal para regalos corporativos con entrega en Bogotá, Medellín, Cali, Barranquilla y Bucaramanga. Cotiza","https://promocionalesjj.co/img/productos/destapador-eco-wine.jpg","Organization Product BreadcrumbList","23","no","no"
"/tienda/destapador-electrico-para-vino/","producto","47184","Destapador Electrico Para Vino Personalizado con Logo | Promocionales J&J","Destapador Electrico Para Vino","https://promocionalesjj.co/tienda/destapador-electrico-para-vino/","","Destapador Electrico Para Vino personalizado con tu logo en Colombia. Ideal para regalos corporativos con entrega en Bogotá, Medellín, Cali, Barranquilla y","https://promocionalesjj.co/img/productos/destapador-electrico-para-vino.jpg","Organization Product BreadcrumbList","23","si","no"
"/tienda/destapador-house-bamboo/","producto","47406","Destapador House Bamboo Personalizado con Logo | Promocionales J&J | Promocionales J&J","Destapador House Bamboo","https://promocionalesjj.co/tienda/destapador-house-bamboo/","","Destapador House Bamboo personalizado con tu logo en Colombia. Ideal para regalos corporativos con entrega en Bogotá, Medellín, Cali, Barranquilla y Bucaramanga","https://promocionalesjj.co/img/productos/destapador-house-bamboo.jpg","Organization Product BreadcrumbList","23","no","no"
"/tienda/destapador-nacul/","producto","47383","Destapador Nacul Personalizado con Logo | Promocionales J&J | Promocionales J&J","Destapador Nacul","https://promocionalesjj.co/tienda/destapador-nacul/","","Destapador Nacul personalizado con tu logo en Colombia. Ideal para regalos corporativos con entrega en Bogotá, Medellín, Cali, Barranquilla y Bucaramanga. Cotiza al","https://promocionalesjj.co/img/productos/destapador-nacul.jpg","Organization Product BreadcrumbList","23","no","no"
"/tienda/dickens-metalico/","producto","47470","Dickens Metalico Personalizado con Logo | Promocionales J&J | Promocionales J&J","Dickens Metalico","https://promocionalesjj.co/tienda/dickens-metalico/","","Dickens Metalico personalizado con tu logo en Colombia. Ideal para regalos corporativos con entrega en Bogotá, Medellín, Cali, Barranquilla y Bucaramanga. Cotiza al","https://promocionalesjj.co/img/productos/dickens-metalico.jpg","Organization Product BreadcrumbList","22","si","no"
"/tienda/dispensador-de-bolsas-bone-material-antibacteriano/","producto","49217","Dispensador De Bolsas Bone Material Antibacteriano Personalizado con | Promocionales J&J","Dispensador De Bolsas Bone Material Antibacteriano","https://promocionalesjj.co/tienda/dispensador-de-bolsas-bone-material-antibacteriano/","","Dispensador De Bolsas Bone Material Antibacteriano personalizado con tu logo en Colombia. Ideal para regalos corporativos con entrega en Bogotá, Medellín, Cali","https://promocionalesjj.co/img/productos/dispensador-de-bolsas-bone-material-antibacteriano.jpg","Organization Product BreadcrumbList","23","si","no"
"/tienda/dispensador-de-bolsas-muller/","producto","40642","Dispensador De Bolsas Muller Personalizado con Logo | Promocionales J&J","Dispensador De Bolsas Muller","https://promocionalesjj.co/tienda/dispensador-de-bolsas-muller/","","Dispensador De Bolsas Muller personalizado con tu logo en Colombia. Ideal para regalos corporativos con entrega en Bogotá, Medellín, Cali, Barranquilla y","https://promocionalesjj.co/img/productos/dispensador-de-bolsas-muller.jpg","Organization Product BreadcrumbList","20","si","no"
"/tienda/domino-bamboo/","producto","47026","Domino Bamboo Personalizado con Logo | Promocionales J&J | Promocionales J&J","Domino Bamboo","https://promocionalesjj.co/tienda/domino-bamboo/","","Domino Bamboo personalizado con tu logo en Colombia. Ideal para regalos corporativos con entrega en Bogotá, Medellín, Cali, Barranquilla y Bucaramanga. Cotiza al","https://promocionalesjj.co/img/productos/domino-bamboo.jpg","Organization Product BreadcrumbList","23","no","no"
"/tienda/ducal-eco/","producto","46757","Ducal Eco Personalizado con Logo | Promocionales J&J | Promocionales J&J","Ducal Eco","https://promocionalesjj.co/tienda/ducal-eco/","","Ducal Eco personalizado con tu logo en Colombia. Ideal para regalos corporativos con entrega en Bogotá, Medellín, Cali, Barranquilla y Bucaramanga. Cotiza al por","https://promocionalesjj.co/img/productos/ducal-eco.jpg","Organization Product BreadcrumbList","22","no","no"
"/tienda/dwyn-metalico/","producto","47205","Dwyn Metalico Personalizado con Logo | Promocionales J&J | Promocionales J&J","Dwyn Metalico","https://promocionalesjj.co/tienda/dwyn-metalico/","","Dwyn Metalico personalizado con tu logo en Colombia. Ideal para regalos corporativos con entrega en Bogotá, Medellín, Cali, Barranquilla y Bucaramanga. Cotiza al","https://promocionalesjj.co/img/productos/dwyn-metalico.jpg","Organization Product BreadcrumbList","22","no","no"
"/tienda/eco-pet/","producto","46671","Eco Pet Personalizado con Logo | Promocionales J&J | Promocionales J&J","Eco Pet","https://promocionalesjj.co/tienda/eco-pet/","","Eco Pet personalizado con tu logo en Colombia. Ideal para regalos corporativos con entrega en Bogotá, Medellín, Cali, Barranquilla y Bucaramanga. Cotiza al por","https://promocionalesjj.co/img/productos/eco-pet.jpg","Organization Product BreadcrumbList","22","no","no"
"/tienda/ecologik/","producto","47118","Ecologik Personalizado con Logo | Promocionales J&J | Promocionales J&J","Ecologik","https://promocionalesjj.co/tienda/ecologik/","","Ecologik personalizado con tu logo en Colombia. Ideal para regalos corporativos con entrega en Bogotá, Medellín, Cali, Barranquilla y Bucaramanga. Cotiza al por","https://promocionalesjj.co/img/productos/ecologik.jpg","Organization Product BreadcrumbList","22","no","no"
"/tienda/ellison-solido/","producto","46961","Ellison Solido Personalizado con Logo | Promocionales J&J | Promocionales J&J","Ellison Solido","https://promocionalesjj.co/tienda/ellison-solido/","","Ellison Solido personalizado con tu logo en Colombia. Ideal para regalos corporativos con entrega en Bogotá, Medellín, Cali, Barranquilla y Bucaramanga. Cotiza al","https://promocionalesjj.co/img/productos/_placeholder-jj.svg","Organization Product BreadcrumbList","22","no","no"
"/tienda/emory-neon/","producto","46849","Emory Neon Personalizado con Logo | Promocionales J&J | Promocionales J&J","Emory Neon","https://promocionalesjj.co/tienda/emory-neon/","","Emory Neon personalizado con tu logo en Colombia. Ideal para regalos corporativos con entrega en Bogotá, Medellín, Cali, Barranquilla y Bucaramanga. Cotiza al por","https://promocionalesjj.co/img/productos/_placeholder-jj.svg","Organization Product BreadcrumbList","22","no","no"
"/tienda/espejo-bamboo/","producto","47190","Espejo Bamboo Personalizado con Logo | Promocionales J&J | Promocionales J&J","Espejo Bamboo","https://promocionalesjj.co/tienda/espejo-bamboo/","","Espejo Bamboo personalizado con tu logo en Colombia. Ideal para regalos corporativos con entrega en Bogotá, Medellín, Cali, Barranquilla y Bucaramanga. Cotiza al","https://promocionalesjj.co/img/productos/espejo-bamboo.jpg","Organization Product BreadcrumbList","23","no","no"
"/tienda/espejo-bamboo-max/","producto","47248","Espejo Bamboo Max Personalizado con Logo | Promocionales J&J | Promocionales J&J","Espejo Bamboo Max","https://promocionalesjj.co/tienda/espejo-bamboo-max/","","Espejo Bamboo Max personalizado con tu logo en Colombia. Ideal para regalos corporativos con entrega en Bogotá, Medellín, Cali, Barranquilla y Bucaramanga. Cotiza","https://promocionalesjj.co/img/productos/espejo-bamboo-max.jpg","Organization Product BreadcrumbList","23","no","no"
"/tienda/espejo-beauty-eco/","producto","47284","Espejo Beauty Eco Personalizado con Logo | Promocionales J&J | Promocionales J&J","Espejo Beauty Eco","https://promocionalesjj.co/tienda/espejo-beauty-eco/","","Espejo Beauty Eco personalizado con tu logo en Colombia. Ideal para regalos corporativos con entrega en Bogotá, Medellín, Cali, Barranquilla y Bucaramanga. Cotiza","https://promocionalesjj.co/img/productos/espejo-beauty-eco.jpg","Organization Product BreadcrumbList","23","no","no"
"/tienda/espejo-cork-ii/","producto","47065","Espejo Cork Ii Personalizado con Logo | Promocionales J&J | Promocionales J&J","Espejo Cork Ii","https://promocionalesjj.co/tienda/espejo-cork-ii/","","Espejo Cork Ii personalizado con tu logo en Colombia. Ideal para regalos corporativos con entrega en Bogotá, Medellín, Cali, Barranquilla y Bucaramanga. Cotiza al","https://promocionalesjj.co/img/productos/espejo-cork-ii.jpg","Organization Product BreadcrumbList","23","no","no"
"/tienda/espejo-doble-steffi/","producto","42465","Espejo Doble Steffi Personalizado con Logo | Promocionales J&J | Promocionales J&J","Espejo Doble Steffi","https://promocionalesjj.co/tienda/espejo-doble-steffi/","","Espejo Doble Steffi personalizado con tu logo en Colombia. Ideal para regalos corporativos con entrega en Bogotá, Medellín, Cali, Barranquilla y Bucaramanga. Cotiza","https://promocionalesjj.co/img/productos/espejo-doble-steffi.jpg","Organization Product BreadcrumbList","21","si","no"
"/tienda/espejo-doble-tod/","producto","42353","Espejo Doble Tod Personalizado con Logo | Promocionales J&J | Promocionales J&J","Espejo Doble Tod","https://promocionalesjj.co/tienda/espejo-doble-tod/","","Espejo Doble Tod personalizado con tu logo en Colombia. Ideal para regalos corporativos con entrega en Bogotá, Medellín, Cali, Barranquilla y Bucaramanga. Cotiza al","https://promocionalesjj.co/img/productos/espejo-doble-tod.jpg","Organization Product BreadcrumbList","21","si","no"
"/tienda/espejo-doble-zonder/","producto","42437","Espejo Doble Zonder Personalizado con Logo | Promocionales J&J | Promocionales J&J","Espejo Doble Zonder","https://promocionalesjj.co/tienda/espejo-doble-zonder/","","Espejo Doble Zonder personalizado con tu logo en Colombia. Ideal para regalos corporativos con entrega en Bogotá, Medellín, Cali, Barranquilla y Bucaramanga. Cotiza","https://promocionalesjj.co/img/productos/espejo-doble-zonder.jpg","Organization Product BreadcrumbList","21","si","no"
"/tienda/espejo-jordi-cork/","producto","47128","Espejo Jordi Cork Personalizado con Logo | Promocionales J&J | Promocionales J&J","Espejo Jordi Cork","https://promocionalesjj.co/tienda/espejo-jordi-cork/","","Espejo Jordi Cork personalizado con tu logo en Colombia. Ideal para regalos corporativos con entrega en Bogotá, Medellín, Cali, Barranquilla y Bucaramanga. Cotiza","https://promocionalesjj.co/img/productos/espejo-jordi-cork.jpg","Organization Product BreadcrumbList","23","no","no"
"/tienda/espejo-joyero-bamboo/","producto","47361","Espejo Joyero Bamboo Personalizado con Logo | Promocionales J&J | Promocionales J&J","Espejo Joyero Bamboo","https://promocionalesjj.co/tienda/espejo-joyero-bamboo/","","Espejo Joyero Bamboo personalizado con tu logo en Colombia. Ideal para regalos corporativos con entrega en Bogotá, Medellín, Cali, Barranquilla y Bucaramanga","https://promocionalesjj.co/img/productos/espejo-joyero-bamboo.jpg","Organization Product BreadcrumbList","23","no","no"
"/tienda/espejo-randy-eco/","producto","47147","Espejo Randy Eco Personalizado con Logo | Promocionales J&J | Promocionales J&J","Espejo Randy Eco","https://promocionalesjj.co/tienda/espejo-randy-eco/","","Espejo Randy Eco personalizado con tu logo en Colombia. Ideal para regalos corporativos con entrega en Bogotá, Medellín, Cali, Barranquilla y Bucaramanga. Cotiza al","https://promocionalesjj.co/img/productos/espejo-randy-eco.jpg","Organization Product BreadcrumbList","23","no","no"
"/tienda/esterilizador-con-luz-uv-led-klean-bamboo/","producto","48589","Esterilizador Con Luz Uv Led Klean Bamboo Personalizado con Logo | Promocionales J&J","Esterilizador Con Luz Uv Led Klean Bamboo","https://promocionalesjj.co/tienda/esterilizador-con-luz-uv-led-klean-bamboo/","","Esterilizador Con Luz Uv Led Klean Bamboo personalizado con tu logo en Colombia. Ideal para regalos corporativos con entrega en Bogotá, Medellín, Cali, Barranquilla","https://promocionalesjj.co/img/productos/esterilizador-con-luz-uv-led-klean-bamboo.jpg","Organization Product BreadcrumbList","23","si","no"
"/tienda/esterilizador-con-luz-uv-smart/","producto","47776","Esterilizador Con Luz Uv Smart Personalizado con Logo | Promocionales J&J","Esterilizador Con Luz Uv Smart","https://promocionalesjj.co/tienda/esterilizador-con-luz-uv-smart/","","Esterilizador Con Luz Uv Smart personalizado con tu logo en Colombia. Ideal para regalos corporativos con entrega en Bogotá, Medellín, Cali, Barranquilla y","https://promocionalesjj.co/img/productos/esterilizador-con-luz-uv-smart.jpg","Organization Product BreadcrumbList","23","si","no"
"/tienda/esterilizador-inalambrico-con-luz-uv-led-klean/","producto","48936","Esterilizador Inalambrico Con Luz Uv Led Klean Personalizado con Logo | Promocionales J&J","Esterilizador Inalambrico Con Luz Uv Led Klean","https://promocionalesjj.co/tienda/esterilizador-inalambrico-con-luz-uv-led-klean/","","Esterilizador Inalambrico Con Luz Uv Led Klean personalizado con tu logo en Colombia. Ideal para regalos corporativos con entrega en Bogotá, Medellín, Cali","https://promocionalesjj.co/img/productos/esterilizador-inalambrico-con-luz-uv-led-klean.jpg","Organization Product BreadcrumbList","23","si","no"
"/tienda/estuche-aluminio/","producto","47046","Estuche Aluminio Personalizado con Logo | Promocionales J&J | Promocionales J&J","Estuche Aluminio","https://promocionalesjj.co/tienda/estuche-aluminio/","","Estuche Aluminio personalizado con tu logo en Colombia. Ideal para regalos corporativos con entrega en Bogotá, Medellín, Cali, Barranquilla y Bucaramanga. Cotiza al","https://promocionalesjj.co/img/productos/estuche-aluminio.jpg","Organization Product BreadcrumbList","22","no","no"
"/tienda/estuche-ariston/","producto","47323","Estuche Ariston Personalizado con Logo | Promocionales J&J | Promocionales J&J","Estuche Ariston","https://promocionalesjj.co/tienda/estuche-ariston/","","Estuche Ariston personalizado con tu logo en Colombia. Ideal para regalos corporativos con entrega en Bogotá, Medellín, Cali, Barranquilla y Bucaramanga. Cotiza al","https://promocionalesjj.co/img/productos/estuche-ariston.jpg","Organization Product BreadcrumbList","22","no","no"
"/tienda/estuche-black-carton/","producto","47224","Estuche Black Carton Personalizado con Logo | Promocionales J&J | Promocionales J&J","Estuche Black Carton","https://promocionalesjj.co/tienda/estuche-black-carton/","","Estuche Black Carton personalizado con tu logo en Colombia. Ideal para regalos corporativos con entrega en Bogotá, Medellín, Cali, Barranquilla y Bucaramanga","https://promocionalesjj.co/img/productos/estuche-black-carton.jpg","Organization Product BreadcrumbList","22","no","no"
"/tienda/estuche-carton-box/","producto","47247","Estuche Cartón Box Personalizado con Logo | Promocionales J&J | Promocionales J&J","Estuche Cartón Box","https://promocionalesjj.co/tienda/estuche-carton-box/","","Estuche Cartón Box personalizado con tu logo en Colombia. Ideal para regalos corporativos con entrega en Bogotá, Medellín, Cali, Barranquilla y Bucaramanga. Cotiza","https://promocionalesjj.co/img/productos/estuche-carton-box.jpg","Organization Product BreadcrumbList","22","no","no"
"/tienda/estuche-carton-produccion-nacional/","producto","48009","Estuche Carton - Produccion Nacional Personalizado con Logo | Promocionales J&J","Estuche Carton - Produccion Nacional","https://promocionalesjj.co/tienda/estuche-carton-produccion-nacional/","","Estuche Carton - Produccion Nacional personalizado con tu logo en Colombia. Ideal para regalos corporativos con entrega en Bogotá, Medellín, Cali, Barranquilla y","https://promocionalesjj.co/img/productos/estuche-carton-produccion-nacional.jpg","Organization Product BreadcrumbList","22","no","no"
"/tienda/estuche-clear-produccion-nacional/","producto","47570","Estuche Clear - Produccion Nacional Personalizado con Logo | Promocionales J&J","Estuche Clear - Produccion Nacional","https://promocionalesjj.co/tienda/estuche-clear-produccion-nacional/","","Estuche Clear - Produccion Nacional personalizado con tu logo en Colombia. Ideal para regalos corporativos con entrega en Bogotá, Medellín, Cali, Barranquilla y","https://promocionalesjj.co/img/productos/estuche-clear-produccion-nacional.jpg","Organization Product BreadcrumbList","22","no","no"
"/tienda/estuche-con-portacelular-rpet/","producto","47793","Estuche Con Portacelular Rpet Personalizado con Logo | Promocionales J&J","Estuche Con Portacelular Rpet","https://promocionalesjj.co/tienda/estuche-con-portacelular-rpet/","","Estuche Con Portacelular Rpet personalizado con tu logo en Colombia. Ideal para regalos corporativos con entrega en Bogotá, Medellín, Cali, Barranquilla y","https://promocionalesjj.co/img/productos/estuche-con-portacelular-rpet.jpg","Organization Product BreadcrumbList","23","no","no"
"/tienda/estuche-doble-magnetic/","producto","47458","Estuche Doble Magnetic Personalizado con Logo | Promocionales J&J | Promocionales J&J","Estuche Doble Magnetic","https://promocionalesjj.co/tienda/estuche-doble-magnetic/","","Estuche Doble Magnetic personalizado con tu logo en Colombia. Ideal para regalos corporativos con entrega en Bogotá, Medellín, Cali, Barranquilla y Bucaramanga","https://promocionalesjj.co/img/productos/estuche-doble-magnetic.jpg","Organization Product BreadcrumbList","22","no","no"
"/tienda/estuche-jar-para-of-376-y-of-19/","producto","48150","Estuche Jar Para Of-376 Y Of-19 Personalizado con Logo | Promocionales J&J","Estuche Jar Para Of-376 Y Of-19","https://promocionalesjj.co/tienda/estuche-jar-para-of-376-y-of-19/","","Estuche Jar Para Of-376 Y Of-19 personalizado con tu logo en Colombia. Ideal para regalos corporativos con entrega en Bogotá, Medellín, Cali, Barranquilla y","https://promocionalesjj.co/img/productos/_placeholder-jj.svg","Organization Product BreadcrumbList","22","no","no"
"/tienda/estuche-metalico-avalon/","producto","47457","Estuche Metalico Avalon Personalizado con Logo | Promocionales J&J | Promocionales J&J","Estuche Metalico Avalon","https://promocionalesjj.co/tienda/estuche-metalico-avalon/","","Estuche Metalico Avalon personalizado con tu logo en Colombia. Ideal para regalos corporativos con entrega en Bogotá, Medellín, Cali, Barranquilla y Bucaramanga","https://promocionalesjj.co/img/productos/estuche-metalico-avalon.jpg","Organization Product BreadcrumbList","22","no","no"
"/tienda/estuche-para-2-resaltadores-en-cera-adam/","producto","47809","Estuche Para 2 Resaltadores En Cera Adam Personalizado con Logo | Promocionales J&J","Estuche Para 2 Resaltadores En Cera Adam","https://promocionalesjj.co/tienda/estuche-para-2-resaltadores-en-cera-adam/","","Estuche Para 2 Resaltadores En Cera Adam personalizado con tu logo en Colombia. Ideal para regalos corporativos con entrega en Bogotá, Medellín, Cali, Barranquilla","https://promocionalesjj.co/img/productos/estuche-para-2-resaltadores-en-cera-adam.jpg","Organization Product BreadcrumbList","22","no","no"
"/tienda/estuche-para-4-resaltadores-en-cera-adam/","producto","47809","Estuche Para 4 Resaltadores En Cera Adam Personalizado con Logo | Promocionales J&J","Estuche Para 4 Resaltadores En Cera Adam","https://promocionalesjj.co/tienda/estuche-para-4-resaltadores-en-cera-adam/","","Estuche Para 4 Resaltadores En Cera Adam personalizado con tu logo en Colombia. Ideal para regalos corporativos con entrega en Bogotá, Medellín, Cali, Barranquilla","https://promocionalesjj.co/img/productos/estuche-para-4-resaltadores-en-cera-adam.jpg","Organization Product BreadcrumbList","22","no","no"
"/tienda/estuche-para-resaltador-de-cera-fiona/","producto","47688","Estuche Para Resaltador De Cera Fiona Personalizado con Logo | Promocionales J&J","Estuche Para Resaltador De Cera Fiona","https://promocionalesjj.co/tienda/estuche-para-resaltador-de-cera-fiona/","","Estuche Para Resaltador De Cera Fiona personalizado con tu logo en Colombia. Ideal para regalos corporativos con entrega en Bogotá, Medellín, Cali, Barranquilla y","https://promocionalesjj.co/img/productos/estuche-para-resaltador-de-cera-fiona.jpg","Organization Product BreadcrumbList","22","no","no"
"/tienda/estuche-para-resaltador-magico-mega/","producto","48278","Estuche Para Resaltador Magico Mega Personalizado con Logo | Promocionales J&J","Estuche Para Resaltador Magico Mega","https://promocionalesjj.co/tienda/estuche-para-resaltador-magico-mega/","","Estuche Para Resaltador Magico Mega personalizado con tu logo en Colombia. Ideal para regalos corporativos con entrega en Bogotá, Medellín, Cali, Barranquilla y","https://promocionalesjj.co/img/productos/estuche-para-resaltador-magico-mega.jpg","Organization Product BreadcrumbList","22","no","no"
"/tienda/estuche-para-resaltador-magico-produccion-nacional/","producto","48151","Estuche Para Resaltador Magico - Produccion Nacional Personalizado | Promocionales J&J","Estuche Para Resaltador Magico - Produccion Nacional","https://promocionalesjj.co/tienda/estuche-para-resaltador-magico-produccion-nacional/","","Estuche Para Resaltador Magico - Produccion Nacional personalizado con tu logo en Colombia. Ideal para regalos corporativos con entrega en Bogotá, Medellín, Cali","https://promocionalesjj.co/img/productos/estuche-para-resaltador-magico-produccion-nacional.jpg","Organization Product BreadcrumbList","22","no","no"
"/tienda/estuche-rectangular-para-of-376/","producto","48094","Estuche Rectangular Para Of-376 Personalizado con Logo | Promocionales J&J","Estuche Rectangular Para Of-376","https://promocionalesjj.co/tienda/estuche-rectangular-para-of-376/","","Estuche Rectangular Para Of-376 personalizado con tu logo en Colombia. Ideal para regalos corporativos con entrega en Bogotá, Medellín, Cali, Barranquilla y","https://promocionalesjj.co/img/productos/_placeholder-jj.svg","Organization Product BreadcrumbList","22","no","no"
"/tienda/estuche-sencillo-magnetic/","producto","47583","Estuche Sencillo Magnetic Personalizado con Logo | Promocionales J&J | Promocionales J&J","Estuche Sencillo Magnetic","https://promocionalesjj.co/tienda/estuche-sencillo-magnetic/","","Estuche Sencillo Magnetic personalizado con tu logo en Colombia. Ideal para regalos corporativos con entrega en Bogotá, Medellín, Cali, Barranquilla y Bucaramanga","https://promocionalesjj.co/img/productos/estuche-sencillo-magnetic.jpg","Organization Product BreadcrumbList","22","no","no"
"/tienda/florero-inox-produccion-nacional/","producto","45467","Florero Inox - Produccion Nacional - Personalizado con Logo | Promocionales J&J","Florero Inox - Produccion Nacional -","https://promocionalesjj.co/tienda/florero-inox-produccion-nacional/","","Florero Inox - Produccion Nacional - personalizado con tu logo en Colombia. Ideal para regalos corporativos con entrega en Bogotá, Medellín, Cali, Barranquilla y","https://promocionalesjj.co/img/productos/florero-inox-produccion-nacional.jpg","Organization Product BreadcrumbList","22","si","no"
"/tienda/floyd-stylus/","producto","46934","Floyd Stylus Personalizado con Logo | Promocionales J&J | Promocionales J&J","Floyd Stylus","https://promocionalesjj.co/tienda/floyd-stylus/","","Floyd Stylus personalizado con tu logo en Colombia. Ideal para regalos corporativos con entrega en Bogotá, Medellín, Cali, Barranquilla y Bucaramanga. Cotiza al por","https://promocionalesjj.co/img/productos/floyd-stylus.jpg","Organization Product BreadcrumbList","22","no","no"
"/tienda/focus-ii-resaltador-de-cera/","producto","47361","Focus Ii Resaltador De Cera Personalizado con Logo | Promocionales J&J | Promocionales J&J","Focus Ii Resaltador De Cera","https://promocionalesjj.co/tienda/focus-ii-resaltador-de-cera/","","Focus Ii Resaltador De Cera personalizado con tu logo en Colombia. Ideal para regalos corporativos con entrega en Bogotá, Medellín, Cali, Barranquilla y","https://promocionalesjj.co/img/productos/_placeholder-jj.svg","Organization Product BreadcrumbList","22","no","no"
"/tienda/frisbee-pop/","producto","46560","Frisbee Pop Personalizado con Logo | Promocionales J&J | Promocionales J&J","Frisbee Pop","https://promocionalesjj.co/tienda/frisbee-pop/","","Frisbee Pop personalizado con tu logo en Colombia. Ideal para regalos corporativos con entrega en Bogotá, Medellín, Cali, Barranquilla y Bucaramanga. Cotiza al por","https://promocionalesjj.co/img/productos/frisbee-pop.jpg","Organization Product BreadcrumbList","23","si","no"
"/tienda/funda-para-boligrafos-rpet/","producto","47658","Funda Para Boligrafos Rpet Personalizado con Logo | Promocionales J&J | Promocionales J&J","Funda Para Boligrafos Rpet","https://promocionalesjj.co/tienda/funda-para-boligrafos-rpet/","","Funda Para Boligrafos Rpet personalizado con tu logo en Colombia. Ideal para regalos corporativos con entrega en Bogotá, Medellín, Cali, Barranquilla y Bucaramanga","https://promocionalesjj.co/img/productos/funda-para-boligrafos-rpet.jpg","Organization Product BreadcrumbList","22","no","no"
"/tienda/funda-portabotella-con-destapador/","producto","45493","Funda Portabotella Con Destapador Personalizado con Logo | Promocionales J&J","Funda Portabotella Con Destapador","https://promocionalesjj.co/tienda/funda-portabotella-con-destapador/","","Funda Portabotella Con Destapador personalizado con tu logo en Colombia. Ideal para regalos corporativos con entrega en Bogotá, Medellín, Cali, Barranquilla y","https://promocionalesjj.co/img/productos/funda-portabotella-con-destapador.jpg","Organization Product BreadcrumbList","22","si","no"
"/tienda/funda-portacelular-reflect-sport-rpet/","producto","48516","Funda Portacelular Reflect Sport Rpet Personalizado con Logo | Promocionales J&J","Funda Portacelular Reflect Sport Rpet","https://promocionalesjj.co/tienda/funda-portacelular-reflect-sport-rpet/","","Funda Portacelular Reflect Sport Rpet personalizado con tu logo en Colombia. Ideal para regalos corporativos con entrega en Bogotá, Medellín, Cali, Barranquilla y","https://promocionalesjj.co/img/productos/funda-portacelular-reflect-sport-rpet.jpg","Organization Product BreadcrumbList","23","si","no"
"/tienda/gafas-bamboo-eco/","producto","47199","Gafas Bamboo Eco Personalizado con Logo | Promocionales J&J | Promocionales J&J","Gafas Bamboo Eco","https://promocionalesjj.co/tienda/gafas-bamboo-eco/","","Gafas Bamboo Eco personalizado con tu logo en Colombia. Ideal para regalos corporativos con entrega en Bogotá, Medellín, Cali, Barranquilla y Bucaramanga. Cotiza al","https://promocionalesjj.co/img/productos/gafas-bamboo-eco.jpg","Organization Product BreadcrumbList","23","no","no"
"/tienda/gemini-roller/","producto","47005","Gemini Roller Personalizado con Logo | Promocionales J&J | Promocionales J&J","Gemini Roller","https://promocionalesjj.co/tienda/gemini-roller/","","Gemini Roller personalizado con tu logo en Colombia. Ideal para regalos corporativos con entrega en Bogotá, Medellín, Cali, Barranquilla y Bucaramanga. Cotiza al","https://promocionalesjj.co/img/productos/gemini-roller.jpg","Organization Product BreadcrumbList","22","no","no"
"/tienda/globo-terraqueo-antique/","producto","47612","Globo Terraqueo Antique - Personalizado con Logo | Promocionales J&J | Promocionales J&J","Globo Terraqueo Antique -","https://promocionalesjj.co/tienda/globo-terraqueo-antique/","","Globo Terraqueo Antique - personalizado con tu logo en Colombia. Ideal para regalos corporativos con entrega en Bogotá, Medellín, Cali, Barranquilla y Bucaramanga","https://promocionalesjj.co/img/productos/globo-terraqueo-antique.jpg","Organization Product BreadcrumbList","23","si","no"
"/tienda/gorra-emergency/","producto","47251","Gorra Emergency Personalizado con Logo | Promocionales J&J | Promocionales J&J","Gorra Emergency","https://promocionalesjj.co/tienda/gorra-emergency/","","Gorra Emergency personalizado con tu logo en Colombia. Ideal para regalos corporativos con entrega en Bogotá, Medellín, Cali, Barranquilla y Bucaramanga. Cotiza al","https://promocionalesjj.co/img/productos/gorra-emergency.jpg","Organization Product BreadcrumbList","23","si","no"
"/tienda/gorra-sport-en-microfibra-urban-travel/","producto","47999","Gorra Sport En Microfibra Urban Travel Personalizado con Logo | Promocionales J&J","Gorra Sport En Microfibra Urban Travel","https://promocionalesjj.co/tienda/gorra-sport-en-microfibra-urban-travel/","","Gorra Sport En Microfibra Urban Travel personalizado con tu logo en Colombia. Ideal para regalos corporativos con entrega en Bogotá, Medellín, Cali, Barranquilla y","https://promocionalesjj.co/img/productos/gorra-sport-en-microfibra-urban-travel.jpg","Organization Product BreadcrumbList","23","si","no"
"/tienda/gota-antiestres/","producto","46712","Gota Antiestres Personalizado con Logo | Promocionales J&J | Promocionales J&J","Gota Antiestres","https://promocionalesjj.co/tienda/gota-antiestres/","","Gota Antiestres personalizado con tu logo en Colombia. Ideal para regalos corporativos con entrega en Bogotá, Medellín, Cali, Barranquilla y Bucaramanga. Cotiza al","https://promocionalesjj.co/img/productos/gota-antiestres.jpg","Organization Product BreadcrumbList","23","si","no"
"/tienda/grayson-stylus/","producto","47532","Grayson Stylus Personalizado con Logo | Promocionales J&J | Promocionales J&J","Grayson Stylus","https://promocionalesjj.co/tienda/grayson-stylus/","","Grayson Stylus personalizado con tu logo en Colombia. Ideal para regalos corporativos con entrega en Bogotá, Medellín, Cali, Barranquilla y Bucaramanga. Cotiza al","https://promocionalesjj.co/img/productos/grayson-stylus.jpg","Organization Product BreadcrumbList","22","no","no"
"/tienda/grip-gyro/","producto","46714","Grip Gyro Personalizado con Logo | Promocionales J&J | Promocionales J&J","Grip Gyro","https://promocionalesjj.co/tienda/grip-gyro/","","Grip Gyro personalizado con tu logo en Colombia. Ideal para regalos corporativos con entrega en Bogotá, Medellín, Cali, Barranquilla y Bucaramanga. Cotiza al por","https://promocionalesjj.co/img/productos/grip-gyro.jpg","Organization Product BreadcrumbList","23","si","no"
"/tienda/hamond-stylus/","producto","46979","Hamond Stylus Personalizado con Logo | Promocionales J&J | Promocionales J&J","Hamond Stylus","https://promocionalesjj.co/tienda/hamond-stylus/","","Hamond Stylus personalizado con tu logo en Colombia. Ideal para regalos corporativos con entrega en Bogotá, Medellín, Cali, Barranquilla y Bucaramanga. Cotiza al","https://promocionalesjj.co/img/productos/_placeholder-jj.svg","Organization Product BreadcrumbList","22","no","no"
"/tienda/herramientero-bamboo-box/","producto","47537","Herramientero Bamboo Box Personalizado con Logo | Promocionales J&J | Promocionales J&J","Herramientero Bamboo Box","https://promocionalesjj.co/tienda/herramientero-bamboo-box/","","Herramientero Bamboo Box personalizado con tu logo en Colombia. Ideal para regalos corporativos con entrega en Bogotá, Medellín, Cali, Barranquilla y Bucaramanga","https://promocionalesjj.co/img/productos/herramientero-bamboo-box.jpg","Organization Product BreadcrumbList","23","no","no"
"/tienda/herramientero-denby/","producto","47430","Herramientero Denby Personalizado con Logo | Promocionales J&J | Promocionales J&J","Herramientero Denby","https://promocionalesjj.co/tienda/herramientero-denby/","","Herramientero Denby personalizado con tu logo en Colombia. Ideal para regalos corporativos con entrega en Bogotá, Medellín, Cali, Barranquilla y Bucaramanga. Cotiza","https://promocionalesjj.co/img/productos/herramientero-denby.jpg","Organization Product BreadcrumbList","23","si","no"
"/tienda/herramientero-orca/","producto","47343","Herramientero Orca Personalizado con Logo | Promocionales J&J | Promocionales J&J","Herramientero Orca","https://promocionalesjj.co/tienda/herramientero-orca/","","Herramientero Orca personalizado con tu logo en Colombia. Ideal para regalos corporativos con entrega en Bogotá, Medellín, Cali, Barranquilla y Bucaramanga. Cotiza","https://promocionalesjj.co/img/productos/herramientero-orca.jpg","Organization Product BreadcrumbList","23","si","no"
"/tienda/hielera-plastica-produccion-nacional/","producto","47780","Hielera Plastica - Produccion Nacional Personalizado con Logo | Promocionales J&J","Hielera Plastica - Produccion Nacional","https://promocionalesjj.co/tienda/hielera-plastica-produccion-nacional/","","Hielera Plastica - Produccion Nacional personalizado con tu logo en Colombia. Ideal para regalos corporativos con entrega en Bogotá, Medellín, Cali, Barranquilla y","https://promocionalesjj.co/img/productos/hielera-plastica-produccion-nacional.jpg","Organization Product BreadcrumbList","23","si","no"
"/tienda/identificador-de-maletas-cork/","producto","47493","Identificador De Maletas Cork Personalizado con Logo | Promocionales J&J","Identificador De Maletas Cork","https://promocionalesjj.co/tienda/identificador-de-maletas-cork/","","Identificador De Maletas Cork personalizado con tu logo en Colombia. Ideal para regalos corporativos con entrega en Bogotá, Medellín, Cali, Barranquilla y","https://promocionalesjj.co/img/productos/identificador-de-maletas-cork.jpg","Organization Product BreadcrumbList","23","no","no"
"/tienda/identificador-de-maletas-murdock/","producto","47954","Identificador De Maletas Murdock Personalizado con Logo | Promocionales J&J","Identificador De Maletas Murdock","https://promocionalesjj.co/tienda/identificador-de-maletas-murdock/","","Identificador De Maletas Murdock personalizado con tu logo en Colombia. Ideal para regalos corporativos con entrega en Bogotá, Medellín, Cali, Barranquilla y","https://promocionalesjj.co/img/productos/identificador-de-maletas-murdock.jpg","Organization Product BreadcrumbList","23","no","no"
"/tienda/identificador-de-maletas-pop/","producto","47362","Identificador De Maletas Pop Personalizado con Logo | Promocionales J&J","Identificador De Maletas Pop","https://promocionalesjj.co/tienda/identificador-de-maletas-pop/","","Identificador De Maletas Pop personalizado con tu logo en Colombia. Ideal para regalos corporativos con entrega en Bogotá, Medellín, Cali, Barranquilla y","https://promocionalesjj.co/img/productos/identificador-de-maletas-pop.jpg","Organization Product BreadcrumbList","23","si","no"
"/tienda/","tienda","950596","Catálogo de Productos Promocionales en Colombia | Promocionales J&J","Catálogo de Productos Promocionales","https://promocionalesjj.co/tienda/","","Explora nuestro catálogo completo de productos promocionales personalizables con logo para empresas en Colombia. Precio mayorista y envíos a todo el país.","","Organization BreadcrumbList","71","si","no"
"/tienda/joyero-eco-bamboo/","producto","47356","Joyero Eco Bamboo Personalizado con Logo | Promocionales J&J | Promocionales J&J","Joyero Eco Bamboo","https://promocionalesjj.co/tienda/joyero-eco-bamboo/","","Joyero Eco Bamboo personalizado con tu logo en Colombia. Ideal para regalos corporativos con entrega en Bogotá, Medellín, Cali, Barranquilla y Bucaramanga. Cotiza","https://promocionalesjj.co/img/productos/joyero-eco-bamboo.jpg","Organization Product BreadcrumbList","23","no","no"
"/tienda/joyero-en-algodon-200-gr/","producto","47711","Joyero En Algodón (200 Gr) Personalizado con Logo | Promocionales J&J | Promocionales J&J","Joyero En Algodón (200 Gr)","https://promocionalesjj.co/tienda/joyero-en-algodon-200-gr/","","Joyero En Algodón (200 Gr) personalizado con tu logo en Colombia. Ideal para regalos corporativos con entrega en Bogotá, Medellín, Cali, Barranquilla y Bucaramanga","https://promocionalesjj.co/img/productos/_placeholder-jj.svg","Organization Product BreadcrumbList","23","no","no"
"/tienda/juego-brain/","producto","47160","Juego Brain Personalizado con Logo | Promocionales J&J | Promocionales J&J","Juego Brain","https://promocionalesjj.co/tienda/juego-brain/","","Juego Brain personalizado con tu logo en Colombia. Ideal para regalos corporativos con entrega en Bogotá, Medellín, Cali, Barranquilla y Bucaramanga. Cotiza al por","https://promocionalesjj.co/img/productos/_placeholder-jj.svg","Organization Product BreadcrumbList","23","no","no"
"/tienda/juego-cartas-y-domino-eco/","producto","47609","Juego Cartas Y Dominó Eco Personalizado con Logo | Promocionales J&J | Promocionales J&J","Juego Cartas Y Dominó Eco","https://promocionalesjj.co/tienda/juego-cartas-y-domino-eco/","","Juego Cartas Y Dominó Eco personalizado con tu logo en Colombia. Ideal para regalos corporativos con entrega en Bogotá, Medellín, Cali, Barranquilla y Bucaramanga","https://promocionalesjj.co/img/productos/juego-cartas-y-domino-eco.jpg","Organization Product BreadcrumbList","23","no","no"
"/tienda/juego-de-dados/","producto","47290","Juego De Dados Personalizado con Logo | Promocionales J&J | Promocionales J&J","Juego De Dados","https://promocionalesjj.co/tienda/juego-de-dados/","","Juego De Dados personalizado con tu logo en Colombia. Ideal para regalos corporativos con entrega en Bogotá, Medellín, Cali, Barranquilla y Bucaramanga. Cotiza al","https://promocionalesjj.co/img/productos/_placeholder-jj.svg","Organization Product BreadcrumbList","23","no","no"
"/tienda/juego-de-letras/","producto","47328","Juego De Letras Personalizado con Logo | Promocionales J&J | Promocionales J&J","Juego De Letras","https://promocionalesjj.co/tienda/juego-de-letras/","","Juego De Letras personalizado con tu logo en Colombia. Ideal para regalos corporativos con entrega en Bogotá, Medellín, Cali, Barranquilla y Bucaramanga. Cotiza al","https://promocionalesjj.co/img/productos/_placeholder-jj.svg","Organization Product BreadcrumbList","23","no","no"
"/tienda/juego-de-madera-win/","producto","47298","Juego De Madera Win Personalizado con Logo | Promocionales J&J | Promocionales J&J","Juego De Madera Win","https://promocionalesjj.co/tienda/juego-de-madera-win/","","Juego De Madera Win personalizado con tu logo en Colombia. Ideal para regalos corporativos con entrega en Bogotá, Medellín, Cali, Barranquilla y Bucaramanga. Cotiza","https://promocionalesjj.co/img/productos/juego-de-madera-win.jpg","Organization Product BreadcrumbList","23","no","no"
"/tienda/juego-de-raquetas-board-game/","producto","47598","Juego De Raquetas Board Game Personalizado con Logo | Promocionales J&J","Juego De Raquetas Board Game","https://promocionalesjj.co/tienda/juego-de-raquetas-board-game/","","Juego De Raquetas Board Game personalizado con tu logo en Colombia. Ideal para regalos corporativos con entrega en Bogotá, Medellín, Cali, Barranquilla y","https://promocionalesjj.co/img/productos/juego-de-raquetas-board-game.jpg","Organization Product BreadcrumbList","23","no","no"
"/tienda/juego-de-raquetas-wood-beach/","producto","47490","Juego De Raquetas Wood Beach Personalizado con Logo | Promocionales J&J","Juego De Raquetas Wood Beach","https://promocionalesjj.co/tienda/juego-de-raquetas-wood-beach/","","Juego De Raquetas Wood Beach personalizado con tu logo en Colombia. Ideal para regalos corporativos con entrega en Bogotá, Medellín, Cali, Barranquilla y","https://promocionalesjj.co/img/productos/juego-de-raquetas-wood-beach.jpg","Organization Product BreadcrumbList","23","no","no"
"/tienda/juego-desestresante-con-clips/","producto","47331","Juego Desestresante Con Clips Personalizado con Logo | Promocionales J&J","Juego Desestresante Con Clips","https://promocionalesjj.co/tienda/juego-desestresante-con-clips/","","Juego Desestresante Con Clips personalizado con tu logo en Colombia. Ideal para regalos corporativos con entrega en Bogotá, Medellín, Cali, Barranquilla y","https://promocionalesjj.co/img/productos/juego-desestresante-con-clips.jpg","Organization Product BreadcrumbList","23","si","no"
"/tienda/juego-imantado-desestresante/","producto","47053","Juego Imantado Desestresante Personalizado con Logo | Promocionales J&J","Juego Imantado Desestresante","https://promocionalesjj.co/tienda/juego-imantado-desestresante/","","Juego Imantado Desestresante personalizado con tu logo en Colombia. Ideal para regalos corporativos con entrega en Bogotá, Medellín, Cali, Barranquilla y","https://promocionalesjj.co/img/productos/juego-imantado-desestresante.jpg","Organization Product BreadcrumbList","23","si","no"
"/tienda/juego-parchis-nuevo/","producto","47538","Juego Parchis Nuevo Personalizado con Logo | Promocionales J&J | Promocionales J&J","Juego Parchis Nuevo","https://promocionalesjj.co/tienda/juego-parchis-nuevo/","","Juego Parchis Nuevo personalizado con tu logo en Colombia. Ideal para regalos corporativos con entrega en Bogotá, Medellín, Cali, Barranquilla y Bucaramanga. Cotiza","https://promocionalesjj.co/img/productos/juego-parchis-nuevo.jpg","Organization Product BreadcrumbList","23","no","no"
"/tienda/juego-triqui/","producto","47419","Juego Triqui Personalizado con Logo | Promocionales J&J | Promocionales J&J","Juego Triqui","https://promocionalesjj.co/tienda/juego-triqui/","","Juego Triqui personalizado con tu logo en Colombia. Ideal para regalos corporativos con entrega en Bogotá, Medellín, Cali, Barranquilla y Bucaramanga. Cotiza al por","https://promocionalesjj.co/img/productos/juego-triqui.jpg","Organization Product BreadcrumbList","23","no","no"
"/tienda/juego-triqui-box-eco/","producto","47261","Juego Triqui Box Eco Personalizado con Logo | Promocionales J&J | Promocionales J&J","Juego Triqui Box Eco","https://promocionalesjj.co/tienda/juego-triqui-box-eco/","","Juego Triqui Box Eco personalizado con tu logo en Colombia. Ideal para regalos corporativos con entrega en Bogotá, Medellín, Cali, Barranquilla y Bucaramanga","https://promocionalesjj.co/img/productos/juego-triqui-box-eco.jpg","Organization Product BreadcrumbList","23","no","no"
"/tienda/juego-triqui-eco/","producto","47187","Juego Triqui Eco Personalizado con Logo | Promocionales J&J | Promocionales J&J","Juego Triqui Eco","https://promocionalesjj.co/tienda/juego-triqui-eco/","","Juego Triqui Eco personalizado con tu logo en Colombia. Ideal para regalos corporativos con entrega en Bogotá, Medellín, Cali, Barranquilla y Bucaramanga. Cotiza al","https://promocionalesjj.co/img/productos/juego-triqui-eco.jpg","Organization Product BreadcrumbList","23","no","no"
"/tienda/kaiser-stylus/","producto","47489","Kaiser Stylus Personalizado con Logo | Promocionales J&J | Promocionales J&J","Kaiser Stylus","https://promocionalesjj.co/tienda/kaiser-stylus/","","Kaiser Stylus personalizado con tu logo en Colombia. Ideal para regalos corporativos con entrega en Bogotá, Medellín, Cali, Barranquilla y Bucaramanga. Cotiza al","https://promocionalesjj.co/img/productos/kaiser-stylus.jpg","Organization Product BreadcrumbList","22","no","no"
"/tienda/kaiser-stylus-bamboo/","producto","47284","Kaiser Stylus Bamboo Personalizado con Logo | Promocionales J&J | Promocionales J&J","Kaiser Stylus Bamboo","https://promocionalesjj.co/tienda/kaiser-stylus-bamboo/","","Kaiser Stylus Bamboo personalizado con tu logo en Colombia. Ideal para regalos corporativos con entrega en Bogotá, Medellín, Cali, Barranquilla y Bucaramanga","https://promocionalesjj.co/img/productos/kaiser-stylus-bamboo.jpg","Organization Product BreadcrumbList","22","no","no"
"/tienda/kirk-eco/","producto","46714","Kirk Eco Personalizado con Logo | Promocionales J&J | Promocionales J&J","Kirk Eco","https://promocionalesjj.co/tienda/kirk-eco/","","Kirk Eco personalizado con tu logo en Colombia. Ideal para regalos corporativos con entrega en Bogotá, Medellín, Cali, Barranquilla y Bucaramanga. Cotiza al por","https://promocionalesjj.co/img/productos/kirk-eco.jpg","Organization Product BreadcrumbList","22","no","no"
"/tienda/klean-antibacteriano/","producto","48252","Klean Antibacteriano Personalizado con Logo | Promocionales J&J | Promocionales J&J","Klean Antibacteriano","https://promocionalesjj.co/tienda/klean-antibacteriano/","","Klean Antibacteriano personalizado con tu logo en Colombia. Ideal para regalos corporativos con entrega en Bogotá, Medellín, Cali, Barranquilla y Bucaramanga","https://promocionalesjj.co/img/productos/klean-antibacteriano.jpg","Organization Product BreadcrumbList","22","si","no"
"/tienda/korn-roller/","producto","47275","Korn Roller Personalizado con Logo | Promocionales J&J | Promocionales J&J","Korn Roller","https://promocionalesjj.co/tienda/korn-roller/","","Korn Roller personalizado con tu logo en Colombia. Ideal para regalos corporativos con entrega en Bogotá, Medellín, Cali, Barranquilla y Bucaramanga. Cotiza al por","https://promocionalesjj.co/img/productos/korn-roller.jpg","Organization Product BreadcrumbList","22","no","no"
"/tienda/lamont/","producto","46746","Lamont Personalizado con Logo | Promocionales J&J | Promocionales J&J","Lamont","https://promocionalesjj.co/tienda/lamont/","","Lamont personalizado con tu logo en Colombia. Ideal para regalos corporativos con entrega en Bogotá, Medellín, Cali, Barranquilla y Bucaramanga. Cotiza al por mayor.","https://promocionalesjj.co/img/productos/lamont.jpg","Organization Product BreadcrumbList","22","no","no"
"/tienda/lapiz-eco/","producto","47319","Lapiz Eco Personalizado con Logo | Promocionales J&J | Promocionales J&J","Lapiz Eco","https://promocionalesjj.co/tienda/lapiz-eco/","","Lapiz Eco personalizado con tu logo en Colombia. Ideal para regalos corporativos con entrega en Bogotá, Medellín, Cali, Barranquilla y Bucaramanga. Cotiza al por","https://promocionalesjj.co/img/productos/_placeholder-jj.svg","Organization Product BreadcrumbList","22","no","no"
"/tienda/lapiz-eco-natural/","producto","47111","Lapiz Eco Natural Personalizado con Logo | Promocionales J&J | Promocionales J&J","Lapiz Eco Natural","https://promocionalesjj.co/tienda/lapiz-eco-natural/","","Lapiz Eco Natural personalizado con tu logo en Colombia. Ideal para regalos corporativos con entrega en Bogotá, Medellín, Cali, Barranquilla y Bucaramanga. Cotiza","https://promocionalesjj.co/img/productos/lapiz-eco-natural.jpg","Organization Product BreadcrumbList","22","no","no"
"/tienda/lapiz-golf-pencil/","producto","47144","Lápiz Golf Pencil Personalizado con Logo | Promocionales J&J | Promocionales J&J","Lápiz Golf Pencil","https://promocionalesjj.co/tienda/lapiz-golf-pencil/","","Lápiz Golf Pencil personalizado con tu logo en Colombia. Ideal para regalos corporativos con entrega en Bogotá, Medellín, Cali, Barranquilla y Bucaramanga. Cotiza","https://promocionalesjj.co/img/productos/lapiz-golf-pencil.jpg","Organization Product BreadcrumbList","22","no","no"
"/tienda/lapiz-infinito-gemini/","producto","47494","Lápiz Infinito Gemini Personalizado con Logo | Promocionales J&J | Promocionales J&J","Lápiz Infinito Gemini","https://promocionalesjj.co/tienda/lapiz-infinito-gemini/","","Lápiz Infinito Gemini personalizado con tu logo en Colombia. Ideal para regalos corporativos con entrega en Bogotá, Medellín, Cali, Barranquilla y Bucaramanga","https://promocionalesjj.co/img/productos/_placeholder-jj.svg","Organization Product BreadcrumbList","22","no","no"
"/tienda/lapiz-infinity-con-borrador/","producto","48849","Lapiz Infinity Con Borrador Personalizado con Logo | Promocionales J&J | Promocionales J&J","Lapiz Infinity Con Borrador","https://promocionalesjj.co/tienda/lapiz-infinity-con-borrador/","","Lapiz Infinity Con Borrador personalizado con tu logo en Colombia. Ideal para regalos corporativos con entrega en Bogotá, Medellín, Cali, Barranquilla y","https://promocionalesjj.co/img/productos/lapiz-infinity-con-borrador.jpg","Organization Product BreadcrumbList","22","no","no"
"/tienda/lapiz-infinity-eco/","producto","48578","Lapiz Infinity Eco Personalizado con Logo | Promocionales J&J | Promocionales J&J","Lapiz Infinity Eco","https://promocionalesjj.co/tienda/lapiz-infinity-eco/","","Lapiz Infinity Eco personalizado con tu logo en Colombia. Ideal para regalos corporativos con entrega en Bogotá, Medellín, Cali, Barranquilla y Bucaramanga. Cotiza","https://promocionalesjj.co/img/productos/lapiz-infinity-eco.jpg","Organization Product BreadcrumbList","22","no","no"
"/tienda/lapiz-neon/","producto","46822","Lápiz Neón Personalizado con Logo | Promocionales J&J | Promocionales J&J","Lápiz Neón","https://promocionalesjj.co/tienda/lapiz-neon/","","Lápiz Neón personalizado con tu logo en Colombia. Ideal para regalos corporativos con entrega en Bogotá, Medellín, Cali, Barranquilla y Bucaramanga. Cotiza al por","https://promocionalesjj.co/img/productos/lapiz-neon.jpg","Organization Product BreadcrumbList","22","no","no"
"/tienda/lapiz-rojo-check-para-contabilidad/","producto","47806","Lápiz Rojo Check (Para Contabilidad) Personalizado con Logo | Promocionales J&J","Lápiz Rojo Check (Para Contabilidad)","https://promocionalesjj.co/tienda/lapiz-rojo-check-para-contabilidad/","","Lápiz Rojo Check (Para Contabilidad) personalizado con tu logo en Colombia. Ideal para regalos corporativos con entrega en Bogotá, Medellín, Cali, Barranquilla y","https://promocionalesjj.co/img/productos/lapiz-rojo-check-para-contabilidad.jpg","Organization Product BreadcrumbList","22","no","no"
"/tienda/lazo-jump/","producto","46992","Lazo Jump Personalizado con Logo | Promocionales J&J | Promocionales J&J","Lazo Jump","https://promocionalesjj.co/tienda/lazo-jump/","","Lazo Jump personalizado con tu logo en Colombia. Ideal para regalos corporativos con entrega en Bogotá, Medellín, Cali, Barranquilla y Bucaramanga. Cotiza al por","https://promocionalesjj.co/img/productos/_placeholder-jj.svg","Organization Product BreadcrumbList","23","no","no"
"/tienda/legox/","producto","46623","Legox Personalizado con Logo | Promocionales J&J | Promocionales J&J","Legox","https://promocionalesjj.co/tienda/legox/","","Legox personalizado con tu logo en Colombia. Ideal para regalos corporativos con entrega en Bogotá, Medellín, Cali, Barranquilla y Bucaramanga. Cotiza al por mayor.","https://promocionalesjj.co/img/productos/legox.jpg","Organization Product BreadcrumbList","22","no","no"
"/tienda/libreta-albus/","producto","47034","Libreta Albus Personalizado con Logo | Promocionales J&J | Promocionales J&J","Libreta Albus","https://promocionalesjj.co/tienda/libreta-albus/","","Libreta Albus personalizado con tu logo en Colombia. Ideal para regalos corporativos con entrega en Bogotá, Medellín, Cali, Barranquilla y Bucaramanga. Cotiza al","https://promocionalesjj.co/img/productos/libreta-albus.jpg","Organization Product BreadcrumbList","23","no","no"
"/tienda/libreta-astralis-cork/","producto","47424","Libreta Astralis Cork Personalizado con Logo | Promocionales J&J | Promocionales J&J","Libreta Astralis Cork","https://promocionalesjj.co/tienda/libreta-astralis-cork/","","Libreta Astralis Cork personalizado con tu logo en Colombia. Ideal para regalos corporativos con entrega en Bogotá, Medellín, Cali, Barranquilla y Bucaramanga","https://promocionalesjj.co/img/productos/libreta-astralis-cork.jpg","Organization Product BreadcrumbList","23","no","no"
"/tienda/libreta-century/","producto","47296","Libreta Century Personalizado con Logo | Promocionales J&J | Promocionales J&J","Libreta Century","https://promocionalesjj.co/tienda/libreta-century/","","Libreta Century personalizado con tu logo en Colombia. Ideal para regalos corporativos con entrega en Bogotá, Medellín, Cali, Barranquilla y Bucaramanga. Cotiza al","https://promocionalesjj.co/img/productos/libreta-century.jpg","Organization Product BreadcrumbList","23","no","no"
"/tienda/libreta-con-boligrafo-bamboo/","producto","47998","Libreta Con Boligrafo Bamboo Personalizado con Logo | Promocionales J&J","Libreta Con Boligrafo Bamboo","https://promocionalesjj.co/tienda/libreta-con-boligrafo-bamboo/","","Libreta Con Boligrafo Bamboo personalizado con tu logo en Colombia. Ideal para regalos corporativos con entrega en Bogotá, Medellín, Cali, Barranquilla y","https://promocionalesjj.co/img/productos/libreta-con-boligrafo-bamboo.jpg","Organization Product BreadcrumbList","23","no","no"
"/tienda/libreta-con-boligrafo-button-reciclable/","producto","48631","Libreta Con Boligrafo Button Reciclable Personalizado con Logo | Promocionales J&J","Libreta Con Boligrafo Button Reciclable","https://promocionalesjj.co/tienda/libreta-con-boligrafo-button-reciclable/","","Libreta Con Boligrafo Button Reciclable personalizado con tu logo en Colombia. Ideal para regalos corporativos con entrega en Bogotá, Medellín, Cali, Barranquilla y","https://promocionalesjj.co/img/productos/libreta-con-boligrafo-button-reciclable.jpg","Organization Product BreadcrumbList","23","no","no"
"/tienda/libreta-con-boligrafo-gulliver-eco/","producto","47644","Libreta Con Boligrafo Gulliver Eco Personalizado con Logo | Promocionales J&J","Libreta Con Boligrafo Gulliver Eco","https://promocionalesjj.co/tienda/libreta-con-boligrafo-gulliver-eco/","","Libreta Con Boligrafo Gulliver Eco personalizado con tu logo en Colombia. Ideal para regalos corporativos con entrega en Bogotá, Medellín, Cali, Barranquilla y","https://promocionalesjj.co/img/productos/libreta-con-boligrafo-gulliver-eco.jpg","Organization Product BreadcrumbList","23","no","no"
"/tienda/libreta-con-portalapices-produccion-nacional/","producto","48272","Libreta Con Portalapices - Produccion Nacional Personalizado con Logo | Promocionales J&J","Libreta Con Portalapices - Produccion Nacional","https://promocionalesjj.co/tienda/libreta-con-portalapices-produccion-nacional/","","Libreta Con Portalapices - Produccion Nacional personalizado con tu logo en Colombia. Ideal para regalos corporativos con entrega en Bogotá, Medellín, Cali","https://promocionalesjj.co/img/productos/libreta-con-portalapices-produccion-nacional.jpg","Organization Product BreadcrumbList","23","no","no"
"/tienda/libreta-cork/","producto","47086","Libreta Cork Personalizado con Logo | Promocionales J&J | Promocionales J&J","Libreta Cork","https://promocionalesjj.co/tienda/libreta-cork/","","Libreta Cork personalizado con tu logo en Colombia. Ideal para regalos corporativos con entrega en Bogotá, Medellín, Cali, Barranquilla y Bucaramanga. Cotiza al por","https://promocionalesjj.co/img/productos/_placeholder-jj.svg","Organization Product BreadcrumbList","23","no","no"
"/tienda/libreta-eco-milk-70-hojas/","producto","47668","Libreta Eco Milk 70 Hojas Personalizado con Logo | Promocionales J&J | Promocionales J&J","Libreta Eco Milk 70 Hojas","https://promocionalesjj.co/tienda/libreta-eco-milk-70-hojas/","","Libreta Eco Milk 70 Hojas personalizado con tu logo en Colombia. Ideal para regalos corporativos con entrega en Bogotá, Medellín, Cali, Barranquilla y Bucaramanga","https://promocionalesjj.co/img/productos/libreta-eco-milk-70-hojas.jpg","Organization Product BreadcrumbList","23","no","no"
"/tienda/libreta-futbol-produccion-nacional/","producto","47846","Libreta Futbol - Produccion Nacional Personalizado con Logo | Promocionales J&J","Libreta Futbol - Produccion Nacional","https://promocionalesjj.co/tienda/libreta-futbol-produccion-nacional/","","Libreta Futbol - Produccion Nacional personalizado con tu logo en Colombia. Ideal para regalos corporativos con entrega en Bogotá, Medellín, Cali, Barranquilla y","https://promocionalesjj.co/img/productos/libreta-futbol-produccion-nacional.jpg","Organization Product BreadcrumbList","23","no","no"
"/tienda/libreta-hakan-eco/","producto","47176","Libreta Hakan Eco Personalizado con Logo | Promocionales J&J | Promocionales J&J","Libreta Hakan Eco","https://promocionalesjj.co/tienda/libreta-hakan-eco/","","Libreta Hakan Eco personalizado con tu logo en Colombia. Ideal para regalos corporativos con entrega en Bogotá, Medellín, Cali, Barranquilla y Bucaramanga. Cotiza","https://promocionalesjj.co/img/productos/libreta-hakan-eco.jpg","Organization Product BreadcrumbList","23","no","no"
"/tienda/libreta-igor-bamboo/","producto","47262","Libreta Igor Bamboo Personalizado con Logo | Promocionales J&J | Promocionales J&J","Libreta Igor Bamboo","https://promocionalesjj.co/tienda/libreta-igor-bamboo/","","Libreta Igor Bamboo personalizado con tu logo en Colombia. Ideal para regalos corporativos con entrega en Bogotá, Medellín, Cali, Barranquilla y Bucaramanga. Cotiza","https://promocionalesjj.co/img/productos/libreta-igor-bamboo.jpg","Organization Product BreadcrumbList","23","no","no"
"/tienda/libreta-inker-rpet/","producto","47287","Libreta Inker Rpet Personalizado con Logo | Promocionales J&J | Promocionales J&J","Libreta Inker Rpet","https://promocionalesjj.co/tienda/libreta-inker-rpet/","","Libreta Inker Rpet personalizado con tu logo en Colombia. Ideal para regalos corporativos con entrega en Bogotá, Medellín, Cali, Barranquilla y Bucaramanga. Cotiza","https://promocionalesjj.co/img/productos/libreta-inker-rpet.jpg","Organization Product BreadcrumbList","23","no","no"
"/tienda/libreta-pollux-eco/","producto","47275","Libreta Pollux Eco Personalizado con Logo | Promocionales J&J | Promocionales J&J","Libreta Pollux Eco","https://promocionalesjj.co/tienda/libreta-pollux-eco/","","Libreta Pollux Eco personalizado con tu logo en Colombia. Ideal para regalos corporativos con entrega en Bogotá, Medellín, Cali, Barranquilla y Bucaramanga. Cotiza","https://promocionalesjj.co/img/productos/libreta-pollux-eco.jpg","Organization Product BreadcrumbList","23","no","no"
"/tienda/libreta-valdis-cork/","producto","47598","Libreta Valdis Cork Personalizado con Logo | Promocionales J&J | Promocionales J&J","Libreta Valdis Cork","https://promocionalesjj.co/tienda/libreta-valdis-cork/","","Libreta Valdis Cork personalizado con tu logo en Colombia. Ideal para regalos corporativos con entrega en Bogotá, Medellín, Cali, Barranquilla y Bucaramanga. Cotiza","https://promocionalesjj.co/img/productos/libreta-valdis-cork.jpg","Organization Product BreadcrumbList","23","no","no"
"/tienda/libreta-vincent/","producto","47396","Libreta Vincent Personalizado con Logo | Promocionales J&J | Promocionales J&J","Libreta Vincent","https://promocionalesjj.co/tienda/libreta-vincent/","","Libreta Vincent personalizado con tu logo en Colombia. Ideal para regalos corporativos con entrega en Bogotá, Medellín, Cali, Barranquilla y Bucaramanga. Cotiza al","https://promocionalesjj.co/img/productos/libreta-vincent.jpg","Organization Product BreadcrumbList","23","no","no"
"/tienda/libreta-woody-ecologica-produccion-nacional/","producto","48141","Libreta Woody Ecologica - Produccion Nacional Personalizado con Logo | Promocionales J&J","Libreta Woody Ecologica - Produccion Nacional","https://promocionalesjj.co/tienda/libreta-woody-ecologica-produccion-nacional/","","Libreta Woody Ecologica - Produccion Nacional personalizado con tu logo en Colombia. Ideal para regalos corporativos con entrega en Bogotá, Medellín, Cali","https://promocionalesjj.co/img/productos/libreta-woody-ecologica-produccion-nacional.jpg","Organization Product BreadcrumbList","23","no","no"
"/tienda/libreta-zipper/","producto","46627","Libreta Zipper Personalizado con Logo | Promocionales J&J | Promocionales J&J","Libreta Zipper","https://promocionalesjj.co/tienda/libreta-zipper/","","Libreta Zipper personalizado con tu logo en Colombia. Ideal para regalos corporativos con entrega en Bogotá, Medellín, Cali, Barranquilla y Bucaramanga. Cotiza al","https://promocionalesjj.co/img/productos/libreta-zipper.jpg","Organization Product BreadcrumbList","23","si","no"
"/tienda/linterna-carabinero-bamboo/","producto","47631","Linterna Carabinero Bamboo Personalizado con Logo | Promocionales J&J | Promocionales J&J","Linterna Carabinero Bamboo","https://promocionalesjj.co/tienda/linterna-carabinero-bamboo/","","Linterna Carabinero Bamboo personalizado con tu logo en Colombia. Ideal para regalos corporativos con entrega en Bogotá, Medellín, Cali, Barranquilla y Bucaramanga","https://promocionalesjj.co/img/productos/linterna-carabinero-bamboo.jpg","Organization Product BreadcrumbList","23","no","no"
"/tienda/linterna-para-bicicleta-snake-ii/","producto","47541","Linterna Para Bicicleta Snake Ii Personalizado con Logo | Promocionales J&J","Linterna Para Bicicleta Snake Ii","https://promocionalesjj.co/tienda/linterna-para-bicicleta-snake-ii/","","Linterna Para Bicicleta Snake Ii personalizado con tu logo en Colombia. Ideal para regalos corporativos con entrega en Bogotá, Medellín, Cali, Barranquilla y","https://promocionalesjj.co/img/productos/linterna-para-bicicleta-snake-ii.jpg","Organization Product BreadcrumbList","23","si","no"
"/tienda/linterna-recargable-head/","producto","47351","Linterna Recargable Head Personalizado con Logo | Promocionales J&J | Promocionales J&J","Linterna Recargable Head","https://promocionalesjj.co/tienda/linterna-recargable-head/","","Linterna Recargable Head personalizado con tu logo en Colombia. Ideal para regalos corporativos con entrega en Bogotá, Medellín, Cali, Barranquilla y Bucaramanga","https://promocionalesjj.co/img/productos/linterna-recargable-head.jpg","Organization Product BreadcrumbList","23","si","no"
"/tienda/lipsy/","producto","46627","Lipsy Personalizado con Logo | Promocionales J&J | Promocionales J&J","Lipsy","https://promocionalesjj.co/tienda/lipsy/","","Lipsy personalizado con tu logo en Colombia. Ideal para regalos corporativos con entrega en Bogotá, Medellín, Cali, Barranquilla y Bucaramanga. Cotiza al por mayor.","https://promocionalesjj.co/img/productos/lipsy.jpg","Organization Product BreadcrumbList","22","si","no"
"/tienda/llavero-antiestres-ball/","producto","47354","Llavero Antiestres Ball Personalizado con Logo | Promocionales J&J | Promocionales J&J","Llavero Antiestres Ball","https://promocionalesjj.co/tienda/llavero-antiestres-ball/","","Llavero Antiestres Ball personalizado con tu logo en Colombia. Ideal para regalos corporativos con entrega en Bogotá, Medellín, Cali, Barranquilla y Bucaramanga","https://promocionalesjj.co/img/productos/llavero-antiestres-ball.jpg","Organization Product BreadcrumbList","22","si","no"
"/tienda/llavero-bamboo-round/","producto","47229","Llavero Bamboo Round Personalizado con Logo | Promocionales J&J | Promocionales J&J","Llavero Bamboo Round","https://promocionalesjj.co/tienda/llavero-bamboo-round/","","Llavero Bamboo Round personalizado con tu logo en Colombia. Ideal para regalos corporativos con entrega en Bogotá, Medellín, Cali, Barranquilla y Bucaramanga","https://promocionalesjj.co/img/productos/llavero-bamboo-round.jpg","Organization Product BreadcrumbList","22","si","no"
"/tienda/llavero-bamboo-square/","producto","47272","Llavero Bamboo Square Personalizado con Logo | Promocionales J&J | Promocionales J&J","Llavero Bamboo Square","https://promocionalesjj.co/tienda/llavero-bamboo-square/","","Llavero Bamboo Square personalizado con tu logo en Colombia. Ideal para regalos corporativos con entrega en Bogotá, Medellín, Cali, Barranquilla y Bucaramanga","https://promocionalesjj.co/img/productos/llavero-bamboo-square.jpg","Organization Product BreadcrumbList","22","si","no"
"/tienda/llavero-bici/","producto","47267","Llavero Bici Personalizado con Logo | Promocionales J&J | Promocionales J&J","Llavero Bici","https://promocionalesjj.co/tienda/llavero-bici/","","Llavero Bici personalizado con tu logo en Colombia. Ideal para regalos corporativos con entrega en Bogotá, Medellín, Cali, Barranquilla y Bucaramanga. Cotiza al por","https://promocionalesjj.co/img/productos/llavero-bici.jpg","Organization Product BreadcrumbList","22","si","no"
"/tienda/llavero-con-nivelador-magnet/","producto","47506","Llavero Con Nivelador Magnet Personalizado con Logo | Promocionales J&J","Llavero Con Nivelador Magnet","https://promocionalesjj.co/tienda/llavero-con-nivelador-magnet/","","Llavero Con Nivelador Magnet personalizado con tu logo en Colombia. Ideal para regalos corporativos con entrega en Bogotá, Medellín, Cali, Barranquilla y","https://promocionalesjj.co/img/productos/llavero-con-nivelador-magnet.jpg","Organization Product BreadcrumbList","22","si","no"
"/tienda/llavero-corcho/","producto","47456","Llavero Corcho - Personalizado con Logo | Promocionales J&J | Promocionales J&J","Llavero Corcho -","https://promocionalesjj.co/tienda/llavero-corcho/","","Llavero Corcho - personalizado con tu logo en Colombia. Ideal para regalos corporativos con entrega en Bogotá, Medellín, Cali, Barranquilla y Bucaramanga. Cotiza al","https://promocionalesjj.co/img/productos/llavero-corcho.jpg","Organization Product BreadcrumbList","22","si","no"
"/tienda/llavero-metro-3-1/","producto","47392","Llavero Metro 3-1 Personalizado con Logo | Promocionales J&J | Promocionales J&J","Llavero Metro 3-1","https://promocionalesjj.co/tienda/llavero-metro-3-1/","","Llavero Metro 3-1 personalizado con tu logo en Colombia. Ideal para regalos corporativos con entrega en Bogotá, Medellín, Cali, Barranquilla y Bucaramanga. Cotiza","https://promocionalesjj.co/img/productos/llavero-metro-3-1.jpg","Organization Product BreadcrumbList","22","si","no"
"/tienda/llavero-metro-con-destapador-mimic/","producto","47928","Llavero Metro Con Destapador Mimic Personalizado con Logo | Promocionales J&J","Llavero Metro Con Destapador Mimic","https://promocionalesjj.co/tienda/llavero-metro-con-destapador-mimic/","","Llavero Metro Con Destapador Mimic personalizado con tu logo en Colombia. Ideal para regalos corporativos con entrega en Bogotá, Medellín, Cali, Barranquilla y","https://promocionalesjj.co/img/productos/llavero-metro-con-destapador-mimic.jpg","Organization Product BreadcrumbList","22","si","no"
"/tienda/llavero-metro-con-nivelador/","producto","47958","Llavero Metro Con Nivelador Personalizado con Logo | Promocionales J&J | Promocionales J&J","Llavero Metro Con Nivelador","https://promocionalesjj.co/tienda/llavero-metro-con-nivelador/","","Llavero Metro Con Nivelador personalizado con tu logo en Colombia. Ideal para regalos corporativos con entrega en Bogotá, Medellín, Cali, Barranquilla y","https://promocionalesjj.co/img/productos/llavero-metro-con-nivelador.jpg","Organization Product BreadcrumbList","22","no","no"
"/tienda/llavero-metro-con-nivelador-jazzy/","producto","47729","Llavero Metro Con Nivelador Jazzy Personalizado con Logo | Promocionales J&J","Llavero Metro Con Nivelador Jazzy","https://promocionalesjj.co/tienda/llavero-metro-con-nivelador-jazzy/","","Llavero Metro Con Nivelador Jazzy personalizado con tu logo en Colombia. Ideal para regalos corporativos con entrega en Bogotá, Medellín, Cali, Barranquilla y","https://promocionalesjj.co/img/productos/llavero-metro-con-nivelador-jazzy.jpg","Organization Product BreadcrumbList","22","no","no"
"/tienda/llavero-metro-light/","producto","47258","Llavero Metro Light Personalizado con Logo | Promocionales J&J | Promocionales J&J","Llavero Metro Light","https://promocionalesjj.co/tienda/llavero-metro-light/","","Llavero Metro Light personalizado con tu logo en Colombia. Ideal para regalos corporativos con entrega en Bogotá, Medellín, Cali, Barranquilla y Bucaramanga. Cotiza","https://promocionalesjj.co/img/productos/llavero-metro-light.jpg","Organization Product BreadcrumbList","22","si","no"
"/tienda/llavero-metro-tools/","producto","47334","Llavero Metro Tools Personalizado con Logo | Promocionales J&J | Promocionales J&J","Llavero Metro Tools","https://promocionalesjj.co/tienda/llavero-metro-tools/","","Llavero Metro Tools personalizado con tu logo en Colombia. Ideal para regalos corporativos con entrega en Bogotá, Medellín, Cali, Barranquilla y Bucaramanga. Cotiza","https://promocionalesjj.co/img/productos/llavero-metro-tools.jpg","Organization Product BreadcrumbList","22","si","no"
"/tienda/llavero-ml-393/","producto","47053","Llavero Ml-393 Personalizado con Logo | Promocionales J&J | Promocionales J&J","Llavero Ml-393","https://promocionalesjj.co/tienda/llavero-ml-393/","","Llavero Ml-393 personalizado con tu logo en Colombia. Ideal para regalos corporativos con entrega en Bogotá, Medellín, Cali, Barranquilla y Bucaramanga. Cotiza al","https://promocionalesjj.co/img/productos/llavero-ml-393.jpg","Organization Product BreadcrumbList","22","si","no"
"/tienda/llavero-ml-401/","producto","47053","Llavero Ml-401 Personalizado con Logo | Promocionales J&J | Promocionales J&J","Llavero Ml-401","https://promocionalesjj.co/tienda/llavero-ml-401/","","Llavero Ml-401 personalizado con tu logo en Colombia. Ideal para regalos corporativos con entrega en Bogotá, Medellín, Cali, Barranquilla y Bucaramanga. Cotiza al","https://promocionalesjj.co/img/productos/llavero-ml-401.jpg","Organization Product BreadcrumbList","22","si","no"
"/tienda/llavero-ml-402/","producto","47105","Llavero Ml-402 Personalizado con Logo | Promocionales J&J | Promocionales J&J","Llavero Ml-402","https://promocionalesjj.co/tienda/llavero-ml-402/","","Llavero Ml-402 personalizado con tu logo en Colombia. Ideal para regalos corporativos con entrega en Bogotá, Medellín, Cali, Barranquilla y Bucaramanga. Cotiza al","https://promocionalesjj.co/img/productos/llavero-ml-402.jpg","Organization Product BreadcrumbList","22","si","no"
"/tienda/llavero-ml-408/","producto","47033","Llavero Ml-408 Personalizado con Logo | Promocionales J&J | Promocionales J&J","Llavero Ml-408","https://promocionalesjj.co/tienda/llavero-ml-408/","","Llavero Ml-408 personalizado con tu logo en Colombia. Ideal para regalos corporativos con entrega en Bogotá, Medellín, Cali, Barranquilla y Bucaramanga. Cotiza al","https://promocionalesjj.co/img/productos/llavero-ml-408.jpg","Organization Product BreadcrumbList","22","si","no"
"/tienda/llavero-ml-416/","producto","47085","Llavero Ml-416 Personalizado con Logo | Promocionales J&J | Promocionales J&J","Llavero Ml-416","https://promocionalesjj.co/tienda/llavero-ml-416/","","Llavero Ml-416 personalizado con tu logo en Colombia. Ideal para regalos corporativos con entrega en Bogotá, Medellín, Cali, Barranquilla y Bucaramanga. Cotiza al","https://promocionalesjj.co/img/productos/llavero-ml-416.jpg","Organization Product BreadcrumbList","22","si","no"
"/tienda/llavero-ml-417/","producto","47033","Llavero Ml-417 Personalizado con Logo | Promocionales J&J | Promocionales J&J","Llavero Ml-417","https://promocionalesjj.co/tienda/llavero-ml-417/","","Llavero Ml-417 personalizado con tu logo en Colombia. Ideal para regalos corporativos con entrega en Bogotá, Medellín, Cali, Barranquilla y Bucaramanga. Cotiza al","https://promocionalesjj.co/img/productos/llavero-ml-417.jpg","Organization Product BreadcrumbList","22","si","no"
"/tienda/llavero-multiusos-metalico-touch-free-ml-386/","producto","48195","Llavero Multiusos Metalico Touch Free Ml-386 - Personalizado con Logo | Promocionales J&J","Llavero Multiusos Metalico Touch Free Ml-386 -","https://promocionalesjj.co/tienda/llavero-multiusos-metalico-touch-free-ml-386/","","Llavero Multiusos Metalico Touch Free Ml-386 - personalizado con tu logo en Colombia. Ideal para regalos corporativos con entrega en Bogotá, Medellín, Cali","https://promocionalesjj.co/img/productos/llavero-multiusos-metalico-touch-free-ml-386.jpg","Organization Product BreadcrumbList","22","si","no"
"/tienda/llavero-pop/","producto","47348","Llavero Pop Personalizado con Logo | Promocionales J&J | Promocionales J&J","Llavero Pop","https://promocionalesjj.co/tienda/llavero-pop/","","Llavero Pop personalizado con tu logo en Colombia. Ideal para regalos corporativos con entrega en Bogotá, Medellín, Cali, Barranquilla y Bucaramanga. Cotiza al por","https://promocionalesjj.co/img/productos/llavero-pop.jpg","Organization Product BreadcrumbList","22","si","no"
"/tienda/llavero-pop-it-bolt/","producto","47338","Llavero Pop It Bolt Personalizado con Logo | Promocionales J&J | Promocionales J&J","Llavero Pop It Bolt","https://promocionalesjj.co/tienda/llavero-pop-it-bolt/","","Llavero Pop It Bolt personalizado con tu logo en Colombia. Ideal para regalos corporativos con entrega en Bogotá, Medellín, Cali, Barranquilla y Bucaramanga. Cotiza","https://promocionalesjj.co/img/productos/llavero-pop-it-bolt.jpg","Organization Product BreadcrumbList","22","si","no"
"/tienda/loman-roller-pen-ver-mina-roller-europea-o-china/","producto","48412","Loman Roller Pen (Ver Mina Roller Europea O China) Personalizado con | Promocionales J&J","Loman Roller Pen (Ver Mina Roller Europea O China)","https://promocionalesjj.co/tienda/loman-roller-pen-ver-mina-roller-europea-o-china/","","Loman Roller Pen (Ver Mina Roller Europea O China) personalizado con tu logo en Colombia. Ideal para regalos corporativos con entrega en Bogotá, Medellín, Cali","https://promocionalesjj.co/img/productos/_placeholder-jj.svg","Organization Product BreadcrumbList","22","no","no"
"/tienda/luz-de-emergencia-v16-magnetica/","producto","47527","Luz De Emergencia V16 Magnetica Personalizado con Logo | Promocionales J&J","Luz De Emergencia V16 Magnetica","https://promocionalesjj.co/tienda/luz-de-emergencia-v16-magnetica/","","Luz De Emergencia V16 Magnetica personalizado con tu logo en Colombia. Ideal para regalos corporativos con entrega en Bogotá, Medellín, Cali, Barranquilla y","https://promocionalesjj.co/img/productos/luz-de-emergencia-v16-magnetica.jpg","Organization Product BreadcrumbList","23","si","no"
"/tienda/magno/","producto","47071","Magno Personalizado con Logo | Promocionales J&J | Promocionales J&J","Magno","https://promocionalesjj.co/tienda/magno/","","Magno personalizado con tu logo en Colombia. Ideal para regalos corporativos con entrega en Bogotá, Medellín, Cali, Barranquilla y Bucaramanga. Cotiza al por mayor.","https://promocionalesjj.co/img/productos/magno.jpg","Organization Product BreadcrumbList","22","no","no"
"/tienda/maletin-avenue/","producto","47001","Maletin Avenue - Personalizado con Logo | Promocionales J&J | Promocionales J&J","Maletin Avenue -","https://promocionalesjj.co/tienda/maletin-avenue/","","Maletin Avenue - personalizado con tu logo en Colombia. Ideal para regalos corporativos con entrega en Bogotá, Medellín, Cali, Barranquilla y Bucaramanga. Cotiza al","https://promocionalesjj.co/img/productos/maletin-avenue.jpg","Organization Product BreadcrumbList","22","si","no"
"/tienda/maletin-en-cambrel/","producto","47283","Maletin En Cambrel Personalizado con Logo | Promocionales J&J | Promocionales J&J","Maletin En Cambrel","https://promocionalesjj.co/tienda/maletin-en-cambrel/","","Maletin En Cambrel personalizado con tu logo en Colombia. Ideal para regalos corporativos con entrega en Bogotá, Medellín, Cali, Barranquilla y Bucaramanga. Cotiza","https://promocionalesjj.co/img/productos/maletin-en-cambrel.jpg","Organization Product BreadcrumbList","23","no","no"
"/tienda/maletin-harmony-rpet/","producto","47497","Maletin Harmony Rpet Personalizado con Logo | Promocionales J&J | Promocionales J&J","Maletin Harmony Rpet","https://promocionalesjj.co/tienda/maletin-harmony-rpet/","","Maletin Harmony Rpet personalizado con tu logo en Colombia. Ideal para regalos corporativos con entrega en Bogotá, Medellín, Cali, Barranquilla y Bucaramanga","https://promocionalesjj.co/img/productos/maletin-harmony-rpet.jpg","Organization Product BreadcrumbList","23","no","no"
"/tienda/maletin-trolley-bag-norris/","producto","47229","Maletin Trolley Bag Norris Personalizado con Logo | Promocionales J&J | Promocionales J&J","Maletin Trolley Bag Norris","https://promocionalesjj.co/tienda/maletin-trolley-bag-norris/","","Maletin Trolley Bag Norris personalizado con tu logo en Colombia. Ideal para regalos corporativos con entrega en Bogotá, Medellín, Cali, Barranquilla y Bucaramanga","https://promocionalesjj.co/img/productos/maletin-trolley-bag-norris.jpg","Organization Product BreadcrumbList","22","si","no"
"/tienda/marcador-borrable/","producto","47627","Marcador Borrable Personalizado con Logo | Promocionales J&J | Promocionales J&J","Marcador Borrable","https://promocionalesjj.co/tienda/marcador-borrable/","","Marcador Borrable personalizado con tu logo en Colombia. Ideal para regalos corporativos con entrega en Bogotá, Medellín, Cali, Barranquilla y Bucaramanga. Cotiza","https://promocionalesjj.co/img/productos/marcador-borrable.jpg","Organization Product BreadcrumbList","22","no","no"
"/tienda/martillo-con-navaja-eco/","producto","47370","Martillo Con Navaja Eco Personalizado con Logo | Promocionales J&J | Promocionales J&J","Martillo Con Navaja Eco","https://promocionalesjj.co/tienda/martillo-con-navaja-eco/","","Martillo Con Navaja Eco personalizado con tu logo en Colombia. Ideal para regalos corporativos con entrega en Bogotá, Medellín, Cali, Barranquilla y Bucaramanga","https://promocionalesjj.co/img/productos/martillo-con-navaja-eco.jpg","Organization Product BreadcrumbList","23","no","no"
"/tienda/marvel-stylus/","producto","47429","Marvel Stylus Personalizado con Logo | Promocionales J&J | Promocionales J&J","Marvel Stylus","https://promocionalesjj.co/tienda/marvel-stylus/","","Marvel Stylus personalizado con tu logo en Colombia. Ideal para regalos corporativos con entrega en Bogotá, Medellín, Cali, Barranquilla y Bucaramanga. Cotiza al","https://promocionalesjj.co/img/productos/marvel-stylus.jpg","Organization Product BreadcrumbList","22","no","no"
"/tienda/masajeador-bamboo/","producto","47124","Masajeador Bamboo Personalizado con Logo | Promocionales J&J | Promocionales J&J","Masajeador Bamboo","https://promocionalesjj.co/tienda/masajeador-bamboo/","","Masajeador Bamboo personalizado con tu logo en Colombia. Ideal para regalos corporativos con entrega en Bogotá, Medellín, Cali, Barranquilla y Bucaramanga. Cotiza","https://promocionalesjj.co/img/productos/masajeador-bamboo.jpg","Organization Product BreadcrumbList","23","no","no"
"/tienda/masajeador-brandon/","producto","47239","Masajeador Brandon Personalizado con Logo | Promocionales J&J | Promocionales J&J","Masajeador Brandon","https://promocionalesjj.co/tienda/masajeador-brandon/","","Masajeador Brandon personalizado con tu logo en Colombia. Ideal para regalos corporativos con entrega en Bogotá, Medellín, Cali, Barranquilla y Bucaramanga. Cotiza","https://promocionalesjj.co/img/productos/masajeador-brandon.jpg","Organization Product BreadcrumbList","23","no","no"
"/tienda/masajeador-hyper-eco/","producto","47289","Masajeador Hyper Eco Personalizado con Logo | Promocionales J&J | Promocionales J&J","Masajeador Hyper Eco","https://promocionalesjj.co/tienda/masajeador-hyper-eco/","","Masajeador Hyper Eco personalizado con tu logo en Colombia. Ideal para regalos corporativos con entrega en Bogotá, Medellín, Cali, Barranquilla y Bucaramanga","https://promocionalesjj.co/img/productos/masajeador-hyper-eco.jpg","Organization Product BreadcrumbList","23","no","no"
"/tienda/maui/","producto","47216","Maui Personalizado con Logo | Promocionales J&J | Promocionales J&J","Maui","https://promocionalesjj.co/tienda/maui/","","Maui personalizado con tu logo en Colombia. Ideal para regalos corporativos con entrega en Bogotá, Medellín, Cali, Barranquilla y Bucaramanga. Cotiza al por mayor.","https://promocionalesjj.co/img/productos/maui.jpg","Organization Product BreadcrumbList","22","no","no"
"/tienda/medidor-de-presion-atmo/","producto","47323","Medidor De Presión Atmo Personalizado con Logo | Promocionales J&J | Promocionales J&J","Medidor De Presión Atmo","https://promocionalesjj.co/tienda/medidor-de-presion-atmo/","","Medidor De Presión Atmo personalizado con tu logo en Colombia. Ideal para regalos corporativos con entrega en Bogotá, Medellín, Cali, Barranquilla y Bucaramanga","https://promocionalesjj.co/img/productos/_placeholder-jj.svg","Organization Product BreadcrumbList","23","no","no"
"/tienda/medidor-de-presion-twist/","producto","47337","Medidor De Presión Twist Personalizado con Logo | Promocionales J&J | Promocionales J&J","Medidor De Presión Twist","https://promocionalesjj.co/tienda/medidor-de-presion-twist/","","Medidor De Presión Twist personalizado con tu logo en Colombia. Ideal para regalos corporativos con entrega en Bogotá, Medellín, Cali, Barranquilla y Bucaramanga","https://promocionalesjj.co/img/productos/_placeholder-jj.svg","Organization Product BreadcrumbList","23","no","no"
"/tienda/medidor-digital-de-presion-para-neumaticos/","producto","48020","Medidor Digital De Presion Para Neumaticos Personalizado con Logo | Promocionales J&J","Medidor Digital De Presion Para Neumaticos","https://promocionalesjj.co/tienda/medidor-digital-de-presion-para-neumaticos/","","Medidor Digital De Presion Para Neumaticos personalizado con tu logo en Colombia. Ideal para regalos corporativos con entrega en Bogotá, Medellín, Cali","https://promocionalesjj.co/img/productos/medidor-digital-de-presion-para-neumaticos.jpg","Organization Product BreadcrumbList","23","si","no"
"/tienda/memo-clip-bamboo-ii/","producto","47662","Memo Clip Bamboo Ii Personalizado con Logo | Promocionales J&J | Promocionales J&J","Memo Clip Bamboo Ii","https://promocionalesjj.co/tienda/memo-clip-bamboo-ii/","","Memo Clip Bamboo Ii personalizado con tu logo en Colombia. Ideal para regalos corporativos con entrega en Bogotá, Medellín, Cali, Barranquilla y Bucaramanga. Cotiza","https://promocionalesjj.co/img/productos/memo-clip-bamboo-ii.jpg","Organization Product BreadcrumbList","23","no","no"
"/tienda/memo-pad-milk/","producto","47314","Memo Pad Milk Personalizado con Logo | Promocionales J&J | Promocionales J&J","Memo Pad Milk","https://promocionalesjj.co/tienda/memo-pad-milk/","","Memo Pad Milk personalizado con tu logo en Colombia. Ideal para regalos corporativos con entrega en Bogotá, Medellín, Cali, Barranquilla y Bucaramanga. Cotiza al","https://promocionalesjj.co/img/productos/memo-pad-milk.jpg","Organization Product BreadcrumbList","23","no","no"
"/tienda/memo-stickies-house/","producto","47562","Memo Stickies House Personalizado con Logo | Promocionales J&J | Promocionales J&J","Memo Stickies House","https://promocionalesjj.co/tienda/memo-stickies-house/","","Memo Stickies House personalizado con tu logo en Colombia. Ideal para regalos corporativos con entrega en Bogotá, Medellín, Cali, Barranquilla y Bucaramanga. Cotiza","https://promocionalesjj.co/img/productos/memo-stickies-house.jpg","Organization Product BreadcrumbList","23","no","no"
"/tienda/memo-sticky-set-bamboo/","producto","47571","Memo Sticky Set Bamboo Personalizado con Logo | Promocionales J&J | Promocionales J&J","Memo Sticky Set Bamboo","https://promocionalesjj.co/tienda/memo-sticky-set-bamboo/","","Memo Sticky Set Bamboo personalizado con tu logo en Colombia. Ideal para regalos corporativos con entrega en Bogotá, Medellín, Cali, Barranquilla y Bucaramanga","https://promocionalesjj.co/img/productos/memo-sticky-set-bamboo.jpg","Organization Product BreadcrumbList","23","no","no"
"/tienda/memo-sticky-set-clapton/","producto","47614","Memo Sticky Set Clapton Personalizado con Logo | Promocionales J&J | Promocionales J&J","Memo Sticky Set Clapton","https://promocionalesjj.co/tienda/memo-sticky-set-clapton/","","Memo Sticky Set Clapton personalizado con tu logo en Colombia. Ideal para regalos corporativos con entrega en Bogotá, Medellín, Cali, Barranquilla y Bucaramanga","https://promocionalesjj.co/img/productos/memo-sticky-set-clapton.jpg","Organization Product BreadcrumbList","23","no","no"
"/tienda/memo-sticky-set-ring/","producto","47397","Memo Sticky Set Ring Personalizado con Logo | Promocionales J&J | Promocionales J&J","Memo Sticky Set Ring","https://promocionalesjj.co/tienda/memo-sticky-set-ring/","","Memo Sticky Set Ring personalizado con tu logo en Colombia. Ideal para regalos corporativos con entrega en Bogotá, Medellín, Cali, Barranquilla y Bucaramanga","https://promocionalesjj.co/img/productos/memo-sticky-set-ring.jpg","Organization Product BreadcrumbList","23","no","no"
"/tienda/memoria-usb-boligrafo-king-precio-neto/","producto","47943","Memoria Usb Boligrafo King Precio Neto Personalizado con Logo | Promocionales J&J","Memoria Usb Boligrafo King Precio Neto","https://promocionalesjj.co/tienda/memoria-usb-boligrafo-king-precio-neto/","","Memoria Usb Boligrafo King Precio Neto personalizado con tu logo en Colombia. Ideal para regalos corporativos con entrega en Bogotá, Medellín, Cali, Barranquilla y","https://promocionalesjj.co/img/productos/memoria-usb-boligrafo-king-precio-neto.jpg","Organization Product BreadcrumbList","22","no","no"
"/tienda/memoria-usb-eco-precio-neto/","producto","48894","Memoria Usb Eco Precio Neto Personalizado con Logo | Promocionales J&J | Promocionales J&J","Memoria Usb Eco Precio Neto","https://promocionalesjj.co/tienda/memoria-usb-eco-precio-neto/","","Memoria Usb Eco Precio Neto personalizado con tu logo en Colombia. Ideal para regalos corporativos con entrega en Bogotá, Medellín, Cali, Barranquilla y","https://promocionalesjj.co/img/productos/memoria-usb-eco-precio-neto.jpg","Organization Product BreadcrumbList","23","no","no"
"/tienda/memoria-usb-mini-bamboo-precio-neto/","producto","48603","Memoria Usb Mini Bamboo Precio Neto Personalizado con Logo | Promocionales J&J","Memoria Usb Mini Bamboo Precio Neto","https://promocionalesjj.co/tienda/memoria-usb-mini-bamboo-precio-neto/","","Memoria Usb Mini Bamboo Precio Neto personalizado con tu logo en Colombia. Ideal para regalos corporativos con entrega en Bogotá, Medellín, Cali, Barranquilla y","https://promocionalesjj.co/img/productos/memoria-usb-mini-bamboo-precio-neto.jpg","Organization Product BreadcrumbList","23","no","no"
"/tienda/metro-arkitect/","producto","47269","Metro Arkitect Personalizado con Logo | Promocionales J&J | Promocionales J&J","Metro Arkitect","https://promocionalesjj.co/tienda/metro-arkitect/","","Metro Arkitect personalizado con tu logo en Colombia. Ideal para regalos corporativos con entrega en Bogotá, Medellín, Cali, Barranquilla y Bucaramanga. Cotiza al","https://promocionalesjj.co/img/productos/metro-arkitect.jpg","Organization Product BreadcrumbList","23","no","no"
"/tienda/metro-arkitect-con-destornilladores/","producto","47883","Metro Arkitect Con Destornilladores Personalizado con Logo | Promocionales J&J","Metro Arkitect Con Destornilladores","https://promocionalesjj.co/tienda/metro-arkitect-con-destornilladores/","","Metro Arkitect Con Destornilladores personalizado con tu logo en Colombia. Ideal para regalos corporativos con entrega en Bogotá, Medellín, Cali, Barranquilla y","https://promocionalesjj.co/img/productos/metro-arkitect-con-destornilladores.jpg","Organization Product BreadcrumbList","23","no","no"
"/tienda/metro-arkitect-eco/","producto","47427","Metro Arkitect Eco Personalizado con Logo | Promocionales J&J | Promocionales J&J","Metro Arkitect Eco","https://promocionalesjj.co/tienda/metro-arkitect-eco/","","Metro Arkitect Eco personalizado con tu logo en Colombia. Ideal para regalos corporativos con entrega en Bogotá, Medellín, Cali, Barranquilla y Bucaramanga. Cotiza","https://promocionalesjj.co/img/productos/metro-arkitect-eco.jpg","Organization Product BreadcrumbList","23","no","no"
"/tienda/metro-bamboo/","producto","47155","Metro Bamboo Personalizado con Logo | Promocionales J&J | Promocionales J&J","Metro Bamboo","https://promocionalesjj.co/tienda/metro-bamboo/","","Metro Bamboo personalizado con tu logo en Colombia. Ideal para regalos corporativos con entrega en Bogotá, Medellín, Cali, Barranquilla y Bucaramanga. Cotiza al por","https://promocionalesjj.co/img/productos/metro-bamboo.jpg","Organization Product BreadcrumbList","23","no","no"
"/tienda/metro-carabinero-stanley/","producto","47753","Metro Carabinero Stanley Personalizado con Logo | Promocionales J&J | Promocionales J&J","Metro Carabinero Stanley","https://promocionalesjj.co/tienda/metro-carabinero-stanley/","","Metro Carabinero Stanley personalizado con tu logo en Colombia. Ideal para regalos corporativos con entrega en Bogotá, Medellín, Cali, Barranquilla y Bucaramanga","https://promocionalesjj.co/img/productos/metro-carabinero-stanley.jpg","Organization Product BreadcrumbList","23","no","no"
"/tienda/metro-destapador-bamboo/","producto","47434","Metro Destapador Bamboo Personalizado con Logo | Promocionales J&J | Promocionales J&J","Metro Destapador Bamboo","https://promocionalesjj.co/tienda/metro-destapador-bamboo/","","Metro Destapador Bamboo personalizado con tu logo en Colombia. Ideal para regalos corporativos con entrega en Bogotá, Medellín, Cali, Barranquilla y Bucaramanga","https://promocionalesjj.co/img/productos/metro-destapador-bamboo.jpg","Organization Product BreadcrumbList","23","no","no"
"/tienda/metro-llavero-bone/","producto","47567","Metro Llavero Bone Personalizado con Logo | Promocionales J&J | Promocionales J&J","Metro Llavero Bone","https://promocionalesjj.co/tienda/metro-llavero-bone/","","Metro Llavero Bone personalizado con tu logo en Colombia. Ideal para regalos corporativos con entrega en Bogotá, Medellín, Cali, Barranquilla y Bucaramanga. Cotiza","https://promocionalesjj.co/img/productos/metro-llavero-bone.jpg","Organization Product BreadcrumbList","22","no","no"
"/tienda/metro-llavero-car/","producto","47596","Metro Llavero Car Personalizado con Logo | Promocionales J&J | Promocionales J&J","Metro Llavero Car","https://promocionalesjj.co/tienda/metro-llavero-car/","","Metro Llavero Car personalizado con tu logo en Colombia. Ideal para regalos corporativos con entrega en Bogotá, Medellín, Cali, Barranquilla y Bucaramanga. Cotiza","https://promocionalesjj.co/img/productos/metro-llavero-car.jpg","Organization Product BreadcrumbList","22","no","no"
"/tienda/metro-llavero-house/","producto","47662","Metro Llavero House Personalizado con Logo | Promocionales J&J | Promocionales J&J","Metro Llavero House","https://promocionalesjj.co/tienda/metro-llavero-house/","","Metro Llavero House personalizado con tu logo en Colombia. Ideal para regalos corporativos con entrega en Bogotá, Medellín, Cali, Barranquilla y Bucaramanga. Cotiza","https://promocionalesjj.co/img/productos/metro-llavero-house.jpg","Organization Product BreadcrumbList","22","no","no"
"/tienda/metro-llavero-kurtis/","producto","47561","Metro Llavero Kurtis Personalizado con Logo | Promocionales J&J | Promocionales J&J","Metro Llavero Kurtis","https://promocionalesjj.co/tienda/metro-llavero-kurtis/","","Metro Llavero Kurtis personalizado con tu logo en Colombia. Ideal para regalos corporativos con entrega en Bogotá, Medellín, Cali, Barranquilla y Bucaramanga","https://promocionalesjj.co/img/productos/metro-llavero-kurtis.jpg","Organization Product BreadcrumbList","22","no","no"
"/tienda/metro-llavero-nitto/","producto","47778","Metro Llavero Nitto Personalizado con Logo | Promocionales J&J | Promocionales J&J","Metro Llavero Nitto","https://promocionalesjj.co/tienda/metro-llavero-nitto/","","Metro Llavero Nitto personalizado con tu logo en Colombia. Ideal para regalos corporativos con entrega en Bogotá, Medellín, Cali, Barranquilla y Bucaramanga. Cotiza","https://promocionalesjj.co/img/productos/metro-llavero-nitto.jpg","Organization Product BreadcrumbList","22","si","no"
"/tienda/metro-llavero-saloon/","producto","47365","Metro Llavero Saloon Personalizado con Logo | Promocionales J&J | Promocionales J&J","Metro Llavero Saloon","https://promocionalesjj.co/tienda/metro-llavero-saloon/","","Metro Llavero Saloon personalizado con tu logo en Colombia. Ideal para regalos corporativos con entrega en Bogotá, Medellín, Cali, Barranquilla y Bucaramanga","https://promocionalesjj.co/img/productos/metro-llavero-saloon.jpg","Organization Product BreadcrumbList","22","si","no"
"/tienda/metro-llavero-truck/","producto","47770","Metro Llavero Truck Personalizado con Logo | Promocionales J&J | Promocionales J&J","Metro Llavero Truck","https://promocionalesjj.co/tienda/metro-llavero-truck/","","Metro Llavero Truck personalizado con tu logo en Colombia. Ideal para regalos corporativos con entrega en Bogotá, Medellín, Cali, Barranquilla y Bucaramanga. Cotiza","https://promocionalesjj.co/img/productos/metro-llavero-truck.jpg","Organization Product BreadcrumbList","22","no","no"
"/tienda/metro-neumatic/","producto","47665","Metro Neumatic Personalizado con Logo | Promocionales J&J | Promocionales J&J","Metro Neumatic","https://promocionalesjj.co/tienda/metro-neumatic/","","Metro Neumatic personalizado con tu logo en Colombia. Ideal para regalos corporativos con entrega en Bogotá, Medellín, Cali, Barranquilla y Bucaramanga. Cotiza al","https://promocionalesjj.co/img/productos/metro-neumatic.jpg","Organization Product BreadcrumbList","23","no","no"
"/tienda/metro-oliver/","producto","47071","Metro Oliver Personalizado con Logo | Promocionales J&J | Promocionales J&J","Metro Oliver","https://promocionalesjj.co/tienda/metro-oliver/","","Metro Oliver personalizado con tu logo en Colombia. Ideal para regalos corporativos con entrega en Bogotá, Medellín, Cali, Barranquilla y Bucaramanga. Cotiza al por","https://promocionalesjj.co/img/productos/metro-oliver.jpg","Organization Product BreadcrumbList","23","no","no"
"/tienda/metro-oval-eco/","producto","47113","Metro Oval Eco Personalizado con Logo | Promocionales J&J | Promocionales J&J","Metro Oval Eco","https://promocionalesjj.co/tienda/metro-oval-eco/","","Metro Oval Eco personalizado con tu logo en Colombia. Ideal para regalos corporativos con entrega en Bogotá, Medellín, Cali, Barranquilla y Bucaramanga. Cotiza al","https://promocionalesjj.co/img/productos/metro-oval-eco.jpg","Organization Product BreadcrumbList","23","no","no"
"/tienda/metro-paddy/","producto","47004","Metro Paddy Personalizado con Logo | Promocionales J&J | Promocionales J&J","Metro Paddy","https://promocionalesjj.co/tienda/metro-paddy/","","Metro Paddy personalizado con tu logo en Colombia. Ideal para regalos corporativos con entrega en Bogotá, Medellín, Cali, Barranquilla y Bucaramanga. Cotiza al por","https://promocionalesjj.co/img/productos/metro-paddy.jpg","Organization Product BreadcrumbList","23","no","no"
"/tienda/metro-retractil-button/","producto","47619","Metro Retractil Button Personalizado con Logo | Promocionales J&J | Promocionales J&J","Metro Retractil Button","https://promocionalesjj.co/tienda/metro-retractil-button/","","Metro Retractil Button personalizado con tu logo en Colombia. Ideal para regalos corporativos con entrega en Bogotá, Medellín, Cali, Barranquilla y Bucaramanga","https://promocionalesjj.co/img/productos/metro-retractil-button.jpg","Organization Product BreadcrumbList","23","no","no"
"/tienda/metro-retractil-kolors/","producto","47447","Metro Retractil Kolors Personalizado con Logo | Promocionales J&J | Promocionales J&J","Metro Retractil Kolors","https://promocionalesjj.co/tienda/metro-retractil-kolors/","","Metro Retractil Kolors personalizado con tu logo en Colombia. Ideal para regalos corporativos con entrega en Bogotá, Medellín, Cali, Barranquilla y Bucaramanga","https://promocionalesjj.co/img/productos/metro-retractil-kolors.jpg","Organization Product BreadcrumbList","23","no","no"
"/tienda/metro-square-bamboo/","producto","47626","Metro Square Bamboo Personalizado con Logo | Promocionales J&J | Promocionales J&J","Metro Square Bamboo","https://promocionalesjj.co/tienda/metro-square-bamboo/","","Metro Square Bamboo personalizado con tu logo en Colombia. Ideal para regalos corporativos con entrega en Bogotá, Medellín, Cali, Barranquilla y Bucaramanga. Cotiza","https://promocionalesjj.co/img/productos/metro-square-bamboo.jpg","Organization Product BreadcrumbList","23","no","no"
"/tienda/mezclador-en-madera/","producto","46870","Mezclador En Madera Personalizado con Logo | Promocionales J&J | Promocionales J&J","Mezclador En Madera","https://promocionalesjj.co/tienda/mezclador-en-madera/","","Mezclador En Madera personalizado con tu logo en Colombia. Ideal para regalos corporativos con entrega en Bogotá, Medellín, Cali, Barranquilla y Bucaramanga. Cotiza","https://promocionalesjj.co/img/productos/mezclador-en-madera.jpg","Organization Product BreadcrumbList","23","no","no"
"/tienda/milla-roller-stylus/","producto","47669","Milla Roller Stylus Personalizado con Logo | Promocionales J&J | Promocionales J&J","Milla Roller Stylus","https://promocionalesjj.co/tienda/milla-roller-stylus/","","Milla Roller Stylus personalizado con tu logo en Colombia. Ideal para regalos corporativos con entrega en Bogotá, Medellín, Cali, Barranquilla y Bucaramanga. Cotiza","https://promocionalesjj.co/img/productos/milla-roller-stylus.jpg","Organization Product BreadcrumbList","22","no","no"
"/tienda/mina-roller-europea/","producto","47131","Mina Roller - Europea Personalizado con Logo | Promocionales J&J | Promocionales J&J","Mina Roller - Europea","https://promocionalesjj.co/tienda/mina-roller-europea/","","Mina Roller - Europea personalizado con tu logo en Colombia. Ideal para regalos corporativos con entrega en Bogotá, Medellín, Cali, Barranquilla y Bucaramanga","https://promocionalesjj.co/img/productos/mina-roller-europea.jpg","Organization Product BreadcrumbList","22","no","no"
"/tienda/mini-bolsa-en-algodon-100gr/","producto","47703","Mini Bolsa En Algodón 100Gr Personalizado con Logo | Promocionales J&J | Promocionales J&J","Mini Bolsa En Algodón 100Gr","https://promocionalesjj.co/tienda/mini-bolsa-en-algodon-100gr/","","Mini Bolsa En Algodón 100Gr personalizado con tu logo en Colombia. Ideal para regalos corporativos con entrega en Bogotá, Medellín, Cali, Barranquilla y","https://promocionalesjj.co/img/productos/mini-bolsa-en-algodon-100gr.jpg","Organization Product BreadcrumbList","23","no","no"
"/tienda/mini-bolsa-en-cambrel/","producto","47496","Mini Bolsa En Cambrel Personalizado con Logo | Promocionales J&J | Promocionales J&J","Mini Bolsa En Cambrel","https://promocionalesjj.co/tienda/mini-bolsa-en-cambrel/","","Mini Bolsa En Cambrel personalizado con tu logo en Colombia. Ideal para regalos corporativos con entrega en Bogotá, Medellín, Cali, Barranquilla y Bucaramanga","https://promocionalesjj.co/img/productos/mini-bolsa-en-cambrel.jpg","Organization Product BreadcrumbList","23","no","no"
"/tienda/mini-destornilladores-con-soporte/","producto","47455","Mini Destornilladores Con Soporte Personalizado con Logo | Promocionales J&J","Mini Destornilladores Con Soporte","https://promocionalesjj.co/tienda/mini-destornilladores-con-soporte/","","Mini Destornilladores Con Soporte personalizado con tu logo en Colombia. Ideal para regalos corporativos con entrega en Bogotá, Medellín, Cali, Barranquilla y","https://promocionalesjj.co/img/productos/_placeholder-jj.svg","Organization Product BreadcrumbList","23","no","no"
"/tienda/mini-destornilladores-twist/","producto","47350","Mini Destornilladores Twist Personalizado con Logo | Promocionales J&J | Promocionales J&J","Mini Destornilladores Twist","https://promocionalesjj.co/tienda/mini-destornilladores-twist/","","Mini Destornilladores Twist personalizado con tu logo en Colombia. Ideal para regalos corporativos con entrega en Bogotá, Medellín, Cali, Barranquilla y","https://promocionalesjj.co/img/productos/_placeholder-jj.svg","Organization Product BreadcrumbList","23","no","no"
"/tienda/mini-herramientero-blazor/","producto","47760","Mini Herramientero Blazor Personalizado con Logo | Promocionales J&J | Promocionales J&J","Mini Herramientero Blazor","https://promocionalesjj.co/tienda/mini-herramientero-blazor/","","Mini Herramientero Blazor personalizado con tu logo en Colombia. Ideal para regalos corporativos con entrega en Bogotá, Medellín, Cali, Barranquilla y Bucaramanga","https://promocionalesjj.co/img/productos/mini-herramientero-blazor.jpg","Organization Product BreadcrumbList","23","no","no"
"/tienda/mini-herramientero-clipin/","producto","47456","Mini Herramientero Clipin Personalizado con Logo | Promocionales J&J | Promocionales J&J","Mini Herramientero Clipin","https://promocionalesjj.co/tienda/mini-herramientero-clipin/","","Mini Herramientero Clipin personalizado con tu logo en Colombia. Ideal para regalos corporativos con entrega en Bogotá, Medellín, Cali, Barranquilla y Bucaramanga","https://promocionalesjj.co/img/productos/mini-herramientero-clipin.jpg","Organization Product BreadcrumbList","23","no","no"
"/tienda/mini-herramientero-kronus/","producto","47620","Mini Herramientero Kronus Personalizado con Logo | Promocionales J&J | Promocionales J&J","Mini Herramientero Kronus","https://promocionalesjj.co/tienda/mini-herramientero-kronus/","","Mini Herramientero Kronus personalizado con tu logo en Colombia. Ideal para regalos corporativos con entrega en Bogotá, Medellín, Cali, Barranquilla y Bucaramanga","https://promocionalesjj.co/img/productos/mini-herramientero-kronus.jpg","Organization Product BreadcrumbList","23","no","no"
"/tienda/mini-libreta-bamboo-eco/","producto","47366","Mini Libreta Bamboo Eco Personalizado con Logo | Promocionales J&J | Promocionales J&J","Mini Libreta Bamboo Eco","https://promocionalesjj.co/tienda/mini-libreta-bamboo-eco/","","Mini Libreta Bamboo Eco personalizado con tu logo en Colombia. Ideal para regalos corporativos con entrega en Bogotá, Medellín, Cali, Barranquilla y Bucaramanga","https://promocionalesjj.co/img/productos/mini-libreta-bamboo-eco.jpg","Organization Product BreadcrumbList","23","no","no"
"/tienda/mini-libreta-cork/","producto","47218","Mini Libreta Cork Personalizado con Logo | Promocionales J&J | Promocionales J&J","Mini Libreta Cork","https://promocionalesjj.co/tienda/mini-libreta-cork/","","Mini Libreta Cork personalizado con tu logo en Colombia. Ideal para regalos corporativos con entrega en Bogotá, Medellín, Cali, Barranquilla y Bucaramanga. Cotiza","https://promocionalesjj.co/img/productos/_placeholder-jj.svg","Organization Product BreadcrumbList","23","no","no"
"/tienda/mini-libreta-forest/","producto","47778","Mini Libreta Forest Personalizado con Logo | Promocionales J&J | Promocionales J&J","Mini Libreta Forest","https://promocionalesjj.co/tienda/mini-libreta-forest/","","Mini Libreta Forest personalizado con tu logo en Colombia. Ideal para regalos corporativos con entrega en Bogotá, Medellín, Cali, Barranquilla y Bucaramanga. Cotiza","https://promocionalesjj.co/img/productos/mini-libreta-forest.jpg","Organization Product BreadcrumbList","23","no","no"
"/tienda/mini-licorera-6oz/","producto","46784","Mini Licorera 6Oz Personalizado con Logo | Promocionales J&J | Promocionales J&J","Mini Licorera 6Oz","https://promocionalesjj.co/tienda/mini-licorera-6oz/","","Mini Licorera 6Oz personalizado con tu logo en Colombia. Ideal para regalos corporativos con entrega en Bogotá, Medellín, Cali, Barranquilla y Bucaramanga. Cotiza","https://promocionalesjj.co/img/productos/mini-licorera-6oz.jpg","Organization Product BreadcrumbList","23","si","no"
"/tienda/mini-licorera-jacoby-6oz/","producto","47125","Mini Licorera Jacoby 6Oz Personalizado con Logo | Promocionales J&J | Promocionales J&J","Mini Licorera Jacoby 6Oz","https://promocionalesjj.co/tienda/mini-licorera-jacoby-6oz/","","Mini Licorera Jacoby 6Oz personalizado con tu logo en Colombia. Ideal para regalos corporativos con entrega en Bogotá, Medellín, Cali, Barranquilla y Bucaramanga","https://promocionalesjj.co/img/productos/mini-licorera-jacoby-6oz.jpg","Organization Product BreadcrumbList","23","si","no"
"/tienda/mini-linterna-bamboo/","producto","47345","Mini Linterna Bamboo Personalizado con Logo | Promocionales J&J | Promocionales J&J","Mini Linterna Bamboo","https://promocionalesjj.co/tienda/mini-linterna-bamboo/","","Mini Linterna Bamboo personalizado con tu logo en Colombia. Ideal para regalos corporativos con entrega en Bogotá, Medellín, Cali, Barranquilla y Bucaramanga","https://promocionalesjj.co/img/productos/mini-linterna-bamboo.jpg","Organization Product BreadcrumbList","23","no","no"
"/tienda/mini-linterna-ozen/","producto","47331","Mini Linterna Ozen Personalizado con Logo | Promocionales J&J | Promocionales J&J","Mini Linterna Ozen","https://promocionalesjj.co/tienda/mini-linterna-ozen/","","Mini Linterna Ozen personalizado con tu logo en Colombia. Ideal para regalos corporativos con entrega en Bogotá, Medellín, Cali, Barranquilla y Bucaramanga. Cotiza","https://promocionalesjj.co/img/productos/mini-linterna-ozen.jpg","Organization Product BreadcrumbList","23","no","no"
"/tienda/mini-resaltador-de-cera/","producto","47229","Mini Resaltador De Cera Personalizado con Logo | Promocionales J&J | Promocionales J&J","Mini Resaltador De Cera","https://promocionalesjj.co/tienda/mini-resaltador-de-cera/","","Mini Resaltador De Cera personalizado con tu logo en Colombia. Ideal para regalos corporativos con entrega en Bogotá, Medellín, Cali, Barranquilla y Bucaramanga","https://promocionalesjj.co/img/productos/mini-resaltador-de-cera.jpg","Organization Product BreadcrumbList","22","no","no"
"/tienda/mini-set-de-colores-baby/","producto","47728","Mini Set De Colores Baby Personalizado con Logo | Promocionales J&J | Promocionales J&J","Mini Set De Colores Baby","https://promocionalesjj.co/tienda/mini-set-de-colores-baby/","","Mini Set De Colores Baby personalizado con tu logo en Colombia. Ideal para regalos corporativos con entrega en Bogotá, Medellín, Cali, Barranquilla y Bucaramanga","https://promocionalesjj.co/img/productos/mini-set-de-colores-baby.jpg","Organization Product BreadcrumbList","22","no","no"
"/tienda/mini-set-de-colores-x-12-unidades/","producto","47897","Mini Set De Colores X 12 Unidades Personalizado con Logo | Promocionales J&J","Mini Set De Colores X 12 Unidades","https://promocionalesjj.co/tienda/mini-set-de-colores-x-12-unidades/","","Mini Set De Colores X 12 Unidades personalizado con tu logo en Colombia. Ideal para regalos corporativos con entrega en Bogotá, Medellín, Cali, Barranquilla y","https://promocionalesjj.co/img/productos/mini-set-de-colores-x-12-unidades.jpg","Organization Product BreadcrumbList","23","no","no"
"/tienda/mini-set-de-destornilladores-duck/","producto","47717","Mini Set De Destornilladores Duck Personalizado con Logo | Promocionales J&J","Mini Set De Destornilladores Duck","https://promocionalesjj.co/tienda/mini-set-de-destornilladores-duck/","","Mini Set De Destornilladores Duck personalizado con tu logo en Colombia. Ideal para regalos corporativos con entrega en Bogotá, Medellín, Cali, Barranquilla y","https://promocionalesjj.co/img/productos/mini-set-de-destornilladores-duck.jpg","Organization Product BreadcrumbList","23","no","no"
"/tienda/mini-set-de-destornilladores-koda/","producto","47989","Mini Set De Destornilladores Koda Personalizado con Logo | Promocionales J&J","Mini Set De Destornilladores Koda","https://promocionalesjj.co/tienda/mini-set-de-destornilladores-koda/","","Mini Set De Destornilladores Koda personalizado con tu logo en Colombia. Ideal para regalos corporativos con entrega en Bogotá, Medellín, Cali, Barranquilla y","https://promocionalesjj.co/img/productos/mini-set-de-destornilladores-koda.jpg","Organization Product BreadcrumbList","23","no","no"
"/tienda/mini-set-de-destornilladores-level/","producto","47808","Mini Set De Destornilladores Level Personalizado con Logo | Promocionales J&J","Mini Set De Destornilladores Level","https://promocionalesjj.co/tienda/mini-set-de-destornilladores-level/","","Mini Set De Destornilladores Level personalizado con tu logo en Colombia. Ideal para regalos corporativos con entrega en Bogotá, Medellín, Cali, Barranquilla y","https://promocionalesjj.co/img/productos/mini-set-de-destornilladores-level.jpg","Organization Product BreadcrumbList","23","no","no"
"/tienda/mini-set-de-herramientas-avante/","producto","47639","Mini Set De Herramientas Avante Personalizado con Logo | Promocionales J&J","Mini Set De Herramientas Avante","https://promocionalesjj.co/tienda/mini-set-de-herramientas-avante/","","Mini Set De Herramientas Avante personalizado con tu logo en Colombia. Ideal para regalos corporativos con entrega en Bogotá, Medellín, Cali, Barranquilla y","https://promocionalesjj.co/img/productos/mini-set-de-herramientas-avante.jpg","Organization Product BreadcrumbList","23","si","no"
"/tienda/mini-set-goblet-eco/","producto","47370","Mini Set Goblet Eco Personalizado con Logo | Promocionales J&J | Promocionales J&J","Mini Set Goblet Eco","https://promocionalesjj.co/tienda/mini-set-goblet-eco/","","Mini Set Goblet Eco personalizado con tu logo en Colombia. Ideal para regalos corporativos con entrega en Bogotá, Medellín, Cali, Barranquilla y Bucaramanga. Cotiza","https://promocionalesjj.co/img/productos/mini-set-goblet-eco.jpg","Organization Product BreadcrumbList","23","no","no"
"/tienda/molde-de-hielo-nook/","producto","47150","Molde De Hielo Nook Personalizado con Logo | Promocionales J&J | Promocionales J&J","Molde De Hielo Nook","https://promocionalesjj.co/tienda/molde-de-hielo-nook/","","Molde De Hielo Nook personalizado con tu logo en Colombia. Ideal para regalos corporativos con entrega en Bogotá, Medellín, Cali, Barranquilla y Bucaramanga. Cotiza","https://promocionalesjj.co/img/productos/molde-de-hielo-nook.jpg","Organization Product BreadcrumbList","23","si","no"
"/tienda/mop-bicolor/","producto","46963","Mop Bicolor Personalizado con Logo | Promocionales J&J | Promocionales J&J","Mop Bicolor","https://promocionalesjj.co/tienda/mop-bicolor/","","Mop Bicolor personalizado con tu logo en Colombia. Ideal para regalos corporativos con entrega en Bogotá, Medellín, Cali, Barranquilla y Bucaramanga. Cotiza al por","https://promocionalesjj.co/img/productos/mop-bicolor.jpg","Organization Product BreadcrumbList","22","no","no"
"/tienda/mop-medic-stylus/","producto","47690","Mop Medic Stylus Personalizado con Logo | Promocionales J&J | Promocionales J&J","Mop Medic Stylus","https://promocionalesjj.co/tienda/mop-medic-stylus/","","Mop Medic Stylus personalizado con tu logo en Colombia. Ideal para regalos corporativos con entrega en Bogotá, Medellín, Cali, Barranquilla y Bucaramanga. Cotiza al","https://promocionalesjj.co/img/productos/mop-medic-stylus.jpg","Organization Product BreadcrumbList","22","no","no"
"/tienda/mop-stylus/","producto","47452","Mop Stylus Personalizado con Logo | Promocionales J&J | Promocionales J&J","Mop Stylus","https://promocionalesjj.co/tienda/mop-stylus/","","Mop Stylus personalizado con tu logo en Colombia. Ideal para regalos corporativos con entrega en Bogotá, Medellín, Cali, Barranquilla y Bucaramanga. Cotiza al por","https://promocionalesjj.co/img/productos/mop-stylus.jpg","Organization Product BreadcrumbList","22","no","no"
"/tienda/morral-backpack-glow/","producto","47769","Morral Backpack Glow Personalizado con Logo | Promocionales J&J | Promocionales J&J","Morral Backpack Glow","https://promocionalesjj.co/tienda/morral-backpack-glow/","","Morral Backpack Glow personalizado con tu logo en Colombia. Ideal para regalos corporativos con entrega en Bogotá, Medellín, Cali, Barranquilla y Bucaramanga","https://promocionalesjj.co/img/productos/morral-backpack-glow.jpg","Organization Product BreadcrumbList","23","si","no"
"/tienda/morral-backpack-nordic/","producto","47045","Morral Backpack Nordic Personalizado con Logo | Promocionales J&J | Promocionales J&J","Morral Backpack Nordic","https://promocionalesjj.co/tienda/morral-backpack-nordic/","","Morral Backpack Nordic personalizado con tu logo en Colombia. Ideal para regalos corporativos con entrega en Bogotá, Medellín, Cali, Barranquilla y Bucaramanga","https://promocionalesjj.co/img/productos/morral-backpack-nordic.jpg","Organization Product BreadcrumbList","22","si","no"
"/tienda/morral-backpack-padrax/","producto","47057","Morral Backpack Padrax Personalizado con Logo | Promocionales J&J | Promocionales J&J","Morral Backpack Padrax","https://promocionalesjj.co/tienda/morral-backpack-padrax/","","Morral Backpack Padrax personalizado con tu logo en Colombia. Ideal para regalos corporativos con entrega en Bogotá, Medellín, Cali, Barranquilla y Bucaramanga","https://promocionalesjj.co/img/productos/morral-backpack-padrax.jpg","Organization Product BreadcrumbList","22","si","no"
"/tienda/morral-backpack-reflect/","producto","47963","Morral Backpack Reflect Personalizado con Logo | Promocionales J&J | Promocionales J&J","Morral Backpack Reflect","https://promocionalesjj.co/tienda/morral-backpack-reflect/","","Morral Backpack Reflect personalizado con tu logo en Colombia. Ideal para regalos corporativos con entrega en Bogotá, Medellín, Cali, Barranquilla y Bucaramanga","https://promocionalesjj.co/img/productos/morral-backpack-reflect.jpg","Organization Product BreadcrumbList","23","si","no"
"/tienda/morral-backpack-reflective/","producto","48001","Morral Backpack Reflective Personalizado con Logo | Promocionales J&J | Promocionales J&J","Morral Backpack Reflective","https://promocionalesjj.co/tienda/morral-backpack-reflective/","","Morral Backpack Reflective personalizado con tu logo en Colombia. Ideal para regalos corporativos con entrega en Bogotá, Medellín, Cali, Barranquilla y Bucaramanga","https://promocionalesjj.co/img/productos/morral-backpack-reflective.jpg","Organization Product BreadcrumbList","23","si","no"
"/tienda/mouse-bamboo/","producto","47195","Mouse Bamboo Personalizado con Logo | Promocionales J&J | Promocionales J&J","Mouse Bamboo","https://promocionalesjj.co/tienda/mouse-bamboo/","","Mouse Bamboo personalizado con tu logo en Colombia. Ideal para regalos corporativos con entrega en Bogotá, Medellín, Cali, Barranquilla y Bucaramanga. Cotiza al por","https://promocionalesjj.co/img/productos/mouse-bamboo.jpg","Organization Product BreadcrumbList","23","no","no"
"/tienda/mouse-inalambrico-zenith-eco/","producto","47590","Mouse Inalambrico Zenith Eco Personalizado con Logo | Promocionales J&J","Mouse Inalambrico Zenith Eco","https://promocionalesjj.co/tienda/mouse-inalambrico-zenith-eco/","","Mouse Inalambrico Zenith Eco personalizado con tu logo en Colombia. Ideal para regalos corporativos con entrega en Bogotá, Medellín, Cali, Barranquilla y","https://promocionalesjj.co/img/productos/mouse-inalambrico-zenith-eco.jpg","Organization Product BreadcrumbList","23","no","no"
"/tienda/mouse-pad-con-cargador-inalambrico-dexter/","producto","48173","Mouse Pad Con Cargador Inalambrico Dexter Personalizado con Logo | Promocionales J&J","Mouse Pad Con Cargador Inalambrico Dexter","https://promocionalesjj.co/tienda/mouse-pad-con-cargador-inalambrico-dexter/","","Mouse Pad Con Cargador Inalambrico Dexter personalizado con tu logo en Colombia. Ideal para regalos corporativos con entrega en Bogotá, Medellín, Cali, Barranquilla","https://promocionalesjj.co/img/productos/mouse-pad-con-cargador-inalambrico-dexter.jpg","Organization Product BreadcrumbList","23","no","no"
"/tienda/mouse-pad-cork/","producto","47265","Mouse Pad Cork Personalizado con Logo | Promocionales J&J | Promocionales J&J","Mouse Pad Cork","https://promocionalesjj.co/tienda/mouse-pad-cork/","","Mouse Pad Cork personalizado con tu logo en Colombia. Ideal para regalos corporativos con entrega en Bogotá, Medellín, Cali, Barranquilla y Bucaramanga. Cotiza al","https://promocionalesjj.co/img/productos/mouse-pad-cork.jpg","Organization Product BreadcrumbList","23","no","no"
"/tienda/mouse-pad-cork-con-apoya-munecas/","producto","47570","Mouse Pad Cork Con Apoya Munecas Personalizado con Logo | Promocionales J&J","Mouse Pad Cork Con Apoya Munecas","https://promocionalesjj.co/tienda/mouse-pad-cork-con-apoya-munecas/","","Mouse Pad Cork Con Apoya Munecas personalizado con tu logo en Colombia. Ideal para regalos corporativos con entrega en Bogotá, Medellín, Cali, Barranquilla y","https://promocionalesjj.co/img/productos/mouse-pad-cork-con-apoya-munecas.jpg","Organization Product BreadcrumbList","23","no","no"
"/tienda/mug-ceramica-neon-11oz/","producto","47351","Mug Ceramica Neon 11Oz - Personalizado con Logo | Promocionales J&J | Promocionales J&J","Mug Ceramica Neon 11Oz -","https://promocionalesjj.co/tienda/mug-ceramica-neon-11oz/","","Mug Ceramica Neon 11Oz - personalizado con tu logo en Colombia. Ideal para regalos corporativos con entrega en Bogotá, Medellín, Cali, Barranquilla y Bucaramanga","https://promocionalesjj.co/img/productos/mug-ceramica-neon-11oz.jpg","Organization Product BreadcrumbList","22","si","no"
"/tienda/mug-ceramica-ottis-11oz/","producto","47244","Mug Ceramica Ottis 11Oz Personalizado con Logo | Promocionales J&J | Promocionales J&J","Mug Ceramica Ottis 11Oz","https://promocionalesjj.co/tienda/mug-ceramica-ottis-11oz/","","Mug Ceramica Ottis 11Oz personalizado con tu logo en Colombia. Ideal para regalos corporativos con entrega en Bogotá, Medellín, Cali, Barranquilla y Bucaramanga","https://promocionalesjj.co/img/productos/mug-ceramica-ottis-11oz.jpg","Organization Product BreadcrumbList","22","si","no"
"/tienda/mug-ethio-coffee-473-ml/","producto","47640","Mug Ethio Coffee 473 Ml Personalizado con Logo | Promocionales J&J | Promocionales J&J","Mug Ethio Coffee 473 Ml","https://promocionalesjj.co/tienda/mug-ethio-coffee-473-ml/","","Mug Ethio Coffee 473 Ml personalizado con tu logo en Colombia. Ideal para regalos corporativos con entrega en Bogotá, Medellín, Cali, Barranquilla y Bucaramanga","https://promocionalesjj.co/img/productos/mug-ethio-coffee-473-ml.jpg","Organization Product BreadcrumbList","22","si","no"
"/tienda/mug-metalico-avenix-380-ml/","producto","47586","Mug Metalico Avenix 380 Ml Personalizado con Logo | Promocionales J&J | Promocionales J&J","Mug Metalico Avenix 380 Ml","https://promocionalesjj.co/tienda/mug-metalico-avenix-380-ml/","","Mug Metalico Avenix 380 Ml personalizado con tu logo en Colombia. Ideal para regalos corporativos con entrega en Bogotá, Medellín, Cali, Barranquilla y Bucaramanga","https://promocionalesjj.co/img/productos/_placeholder-jj.svg","Organization Product BreadcrumbList","22","si","no"
"/tienda/mug-metalico-bamboo-eco-350ml/","producto","47628","Mug Metálico Bamboo Eco 350Ml Personalizado con Logo | Promocionales J&J","Mug Metálico Bamboo Eco 350Ml","https://promocionalesjj.co/tienda/mug-metalico-bamboo-eco-350ml/","","Mug Metálico Bamboo Eco 350Ml personalizado con tu logo en Colombia. Ideal para regalos corporativos con entrega en Bogotá, Medellín, Cali, Barranquilla y","https://promocionalesjj.co/img/productos/mug-metalico-bamboo-eco-350ml.jpg","Organization Product BreadcrumbList","22","si","no"
"/tienda/mug-metalico-brumo-1200-ml/","producto","48097","Mug Metalico Brumo 1200 Ml Personalizado con Logo | Promocionales J&J | Promocionales J&J","Mug Metalico Brumo 1200 Ml","https://promocionalesjj.co/tienda/mug-metalico-brumo-1200-ml/","","Mug Metalico Brumo 1200 Ml personalizado con tu logo en Colombia. Ideal para regalos corporativos con entrega en Bogotá, Medellín, Cali, Barranquilla y Bucaramanga","https://promocionalesjj.co/img/productos/mug-metalico-brumo-1200-ml.jpg","Organization Product BreadcrumbList","22","si","no"
"/tienda/mug-metalico-con-bamboo-500ml/","producto","47635","Mug Metalico Con Bamboo 500Ml Personalizado con Logo | Promocionales J&J","Mug Metalico Con Bamboo 500Ml","https://promocionalesjj.co/tienda/mug-metalico-con-bamboo-500ml/","","Mug Metalico Con Bamboo 500Ml personalizado con tu logo en Colombia. Ideal para regalos corporativos con entrega en Bogotá, Medellín, Cali, Barranquilla y","https://promocionalesjj.co/img/productos/mug-metalico-con-bamboo-500ml.jpg","Organization Product BreadcrumbList","22","si","no"
"/tienda/mug-metalico-gillan-550-ml/","producto","47723","Mug Metálico Gillan 550 Ml Personalizado con Logo | Promocionales J&J | Promocionales J&J","Mug Metálico Gillan 550 Ml","https://promocionalesjj.co/tienda/mug-metalico-gillan-550-ml/","","Mug Metálico Gillan 550 Ml personalizado con tu logo en Colombia. Ideal para regalos corporativos con entrega en Bogotá, Medellín, Cali, Barranquilla y Bucaramanga","https://promocionalesjj.co/img/productos/_placeholder-jj.svg","Organization Product BreadcrumbList","22","si","no"
"/tienda/mug-metalico-lorenz-360ml/","producto","47779","Mug Metálico Lorenz 360Ml Personalizado con Logo | Promocionales J&J | Promocionales J&J","Mug Metálico Lorenz 360Ml","https://promocionalesjj.co/tienda/mug-metalico-lorenz-360ml/","","Mug Metálico Lorenz 360Ml personalizado con tu logo en Colombia. Ideal para regalos corporativos con entrega en Bogotá, Medellín, Cali, Barranquilla y Bucaramanga","https://promocionalesjj.co/img/productos/mug-metalico-lorenz-360ml.jpg","Organization Product BreadcrumbList","22","si","no"
"/tienda/mug-metalico-tasso-500-ml/","producto","47974","Mug Metalico Tasso 500 Ml Personalizado con Logo | Promocionales J&J | Promocionales J&J","Mug Metalico Tasso 500 Ml","https://promocionalesjj.co/tienda/mug-metalico-tasso-500-ml/","","Mug Metalico Tasso 500 Ml personalizado con tu logo en Colombia. Ideal para regalos corporativos con entrega en Bogotá, Medellín, Cali, Barranquilla y Bucaramanga","https://promocionalesjj.co/img/productos/mug-metalico-tasso-500-ml.jpg","Organization Product BreadcrumbList","22","si","no"
"/tienda/mug-plastico-atom-370-ml/","producto","47338","Mug Plastico Atom 370 Ml Personalizado con Logo | Promocionales J&J | Promocionales J&J","Mug Plastico Atom 370 Ml","https://promocionalesjj.co/tienda/mug-plastico-atom-370-ml/","","Mug Plastico Atom 370 Ml personalizado con tu logo en Colombia. Ideal para regalos corporativos con entrega en Bogotá, Medellín, Cali, Barranquilla y Bucaramanga","https://promocionalesjj.co/img/productos/_placeholder-jj.svg","Organization Product BreadcrumbList","22","si","no"
"/tienda/mug-plastico-con-corcho-16oz/","producto","47216","Mug Plastico Con Corcho 16Oz Personalizado con Logo | Promocionales J&J","Mug Plastico Con Corcho 16Oz","https://promocionalesjj.co/tienda/mug-plastico-con-corcho-16oz/","","Mug Plastico Con Corcho 16Oz personalizado con tu logo en Colombia. Ideal para regalos corporativos con entrega en Bogotá, Medellín, Cali, Barranquilla y","https://promocionalesjj.co/img/productos/mug-plastico-con-corcho-16oz.jpg","Organization Product BreadcrumbList","22","si","no"
"/tienda/mug-plastico-doble-pared-eco-350ml/","producto","47871","Mug Plástico Doble Pared Eco 350Ml Personalizado con Logo | Promocionales J&J","Mug Plástico Doble Pared Eco 350Ml","https://promocionalesjj.co/tienda/mug-plastico-doble-pared-eco-350ml/","","Mug Plástico Doble Pared Eco 350Ml personalizado con tu logo en Colombia. Ideal para regalos corporativos con entrega en Bogotá, Medellín, Cali, Barranquilla y","https://promocionalesjj.co/img/productos/mug-plastico-doble-pared-eco-350ml.jpg","Organization Product BreadcrumbList","22","si","no"
"/tienda/mug-plastico-glimm-eco-300-ml/","producto","47375","Mug Plastico Glimm Eco 300 Ml Personalizado con Logo | Promocionales J&J","Mug Plastico Glimm Eco 300 Ml","https://promocionalesjj.co/tienda/mug-plastico-glimm-eco-300-ml/","","Mug Plastico Glimm Eco 300 Ml personalizado con tu logo en Colombia. Ideal para regalos corporativos con entrega en Bogotá, Medellín, Cali, Barranquilla y","https://promocionalesjj.co/img/productos/mug-plastico-glimm-eco-300-ml.jpg","Organization Product BreadcrumbList","22","si","no"
"/tienda/mug-plastico-morning-320-ml-produccion-nacional/","producto","48047","Mug Plástico Morning 320 Ml - Producción Nacional Personalizado con | Promocionales J&J","Mug Plástico Morning 320 Ml - Producción Nacional","https://promocionalesjj.co/tienda/mug-plastico-morning-320-ml-produccion-nacional/","","Mug Plástico Morning 320 Ml - Producción Nacional personalizado con tu logo en Colombia. Ideal para regalos corporativos con entrega en Bogotá, Medellín, Cali","https://promocionalesjj.co/img/productos/mug-plastico-morning-320-ml-produccion-nacional.jpg","Organization Product BreadcrumbList","22","si","no"
"/tienda/mug-plastico-pacific-450ml/","producto","47741","Mug Plastico Pacific 450Ml Personalizado con Logo | Promocionales J&J | Promocionales J&J","Mug Plastico Pacific 450Ml","https://promocionalesjj.co/tienda/mug-plastico-pacific-450ml/","","Mug Plastico Pacific 450Ml personalizado con tu logo en Colombia. Ideal para regalos corporativos con entrega en Bogotá, Medellín, Cali, Barranquilla y Bucaramanga","https://promocionalesjj.co/img/productos/mug-plastico-pacific-450ml.jpg","Organization Product BreadcrumbList","22","si","no"
"/tienda/natura-eco/","producto","46800","Natura Eco Personalizado con Logo | Promocionales J&J | Promocionales J&J","Natura Eco","https://promocionalesjj.co/tienda/natura-eco/","","Natura Eco personalizado con tu logo en Colombia. Ideal para regalos corporativos con entrega en Bogotá, Medellín, Cali, Barranquilla y Bucaramanga. Cotiza al por","https://promocionalesjj.co/img/productos/natura-eco.jpg","Organization Product BreadcrumbList","22","no","no"
"/tienda/nevera-cooler-bag-ava/","producto","46883","Nevera Cooler Bag Ava Personalizado con Logo | Promocionales J&J | Promocionales J&J","Nevera Cooler Bag Ava","https://promocionalesjj.co/tienda/nevera-cooler-bag-ava/","","Nevera Cooler Bag Ava personalizado con tu logo en Colombia. Ideal para regalos corporativos con entrega en Bogotá, Medellín, Cali, Barranquilla y Bucaramanga","https://promocionalesjj.co/img/productos/nevera-cooler-bag-ava.jpg","Organization Product BreadcrumbList","22","si","no"
"/tienda/nevera-cooler-origin-rpet/","producto","47478","Nevera Cooler Origin Rpet Personalizado con Logo | Promocionales J&J | Promocionales J&J","Nevera Cooler Origin Rpet","https://promocionalesjj.co/tienda/nevera-cooler-origin-rpet/","","Nevera Cooler Origin Rpet personalizado con tu logo en Colombia. Ideal para regalos corporativos con entrega en Bogotá, Medellín, Cali, Barranquilla y Bucaramanga","https://promocionalesjj.co/img/productos/_placeholder-jj.svg","Organization Product BreadcrumbList","23","no","no"
"/tienda/nevera-wine-cooler-bag-produccion-nacional/","producto","47858","Nevera Wine Cooler Bag - Produccion Nacional Personalizado con Logo | Promocionales J&J","Nevera Wine Cooler Bag - Produccion Nacional","https://promocionalesjj.co/tienda/nevera-wine-cooler-bag-produccion-nacional/","","Nevera Wine Cooler Bag - Produccion Nacional personalizado con tu logo en Colombia. Ideal para regalos corporativos con entrega en Bogotá, Medellín, Cali","https://promocionalesjj.co/img/productos/nevera-wine-cooler-bag-produccion-nacional.jpg","Organization Product BreadcrumbList","23","si","no"
"/tienda/nivelador-con-iman/","producto","47204","Nivelador Con Imán Personalizado con Logo | Promocionales J&J | Promocionales J&J","Nivelador Con Imán","https://promocionalesjj.co/tienda/nivelador-con-iman/","","Nivelador Con Imán personalizado con tu logo en Colombia. Ideal para regalos corporativos con entrega en Bogotá, Medellín, Cali, Barranquilla y Bucaramanga. Cotiza","https://promocionalesjj.co/img/productos/nivelador-con-iman.jpg","Organization Product BreadcrumbList","23","no","no"
"/tienda/nolton/","producto","47078","Nolton Personalizado con Logo | Promocionales J&J | Promocionales J&J","Nolton","https://promocionalesjj.co/tienda/nolton/","","Nolton personalizado con tu logo en Colombia. Ideal para regalos corporativos con entrega en Bogotá, Medellín, Cali, Barranquilla y Bucaramanga. Cotiza al por mayor.","https://promocionalesjj.co/img/productos/nolton.jpg","Organization Product BreadcrumbList","22","no","no"
"/tienda/nolton-stylus/","producto","47371","Nolton Stylus Personalizado con Logo | Promocionales J&J | Promocionales J&J","Nolton Stylus","https://promocionalesjj.co/tienda/nolton-stylus/","","Nolton Stylus personalizado con tu logo en Colombia. Ideal para regalos corporativos con entrega en Bogotá, Medellín, Cali, Barranquilla y Bucaramanga. Cotiza al","https://promocionalesjj.co/img/productos/_placeholder-jj.svg","Organization Product BreadcrumbList","22","no","no"
"/tienda/opera-boligrafo/","producto","47447","Opera Boligrafo Personalizado con Logo | Promocionales J&J | Promocionales J&J","Opera Boligrafo","https://promocionalesjj.co/tienda/opera-boligrafo/","","Opera Boligrafo personalizado con tu logo en Colombia. Ideal para regalos corporativos con entrega en Bogotá, Medellín, Cali, Barranquilla y Bucaramanga. Cotiza al","https://promocionalesjj.co/img/productos/opera-boligrafo.jpg","Organization Product BreadcrumbList","22","no","no"
"/tienda/opera-roller/","producto","47282","Opera Roller Personalizado con Logo | Promocionales J&J | Promocionales J&J","Opera Roller","https://promocionalesjj.co/tienda/opera-roller/","","Opera Roller personalizado con tu logo en Colombia. Ideal para regalos corporativos con entrega en Bogotá, Medellín, Cali, Barranquilla y Bucaramanga. Cotiza al por","https://promocionalesjj.co/img/productos/opera-roller.jpg","Organization Product BreadcrumbList","22","no","no"
"/tienda/organiador-de-escritorio-bamboo/","producto","47527","Organiador De Escritorio Bamboo Personalizado con Logo | Promocionales J&J","Organiador De Escritorio Bamboo","https://promocionalesjj.co/tienda/organiador-de-escritorio-bamboo/","","Organiador De Escritorio Bamboo personalizado con tu logo en Colombia. Ideal para regalos corporativos con entrega en Bogotá, Medellín, Cali, Barranquilla y","https://promocionalesjj.co/img/productos/organiador-de-escritorio-bamboo.jpg","Organization Product BreadcrumbList","23","no","no"
"/tienda/organizador-de-cables-flex/","producto","47555","Organizador De Cables Flex Personalizado con Logo | Promocionales J&J | Promocionales J&J","Organizador De Cables Flex","https://promocionalesjj.co/tienda/organizador-de-cables-flex/","","Organizador De Cables Flex personalizado con tu logo en Colombia. Ideal para regalos corporativos con entrega en Bogotá, Medellín, Cali, Barranquilla y Bucaramanga","https://promocionalesjj.co/img/productos/organizador-de-cables-flex.jpg","Organization Product BreadcrumbList","23","no","no"
"/tienda/organizador-de-escritorio-bamboo-con-cargador/","producto","47945","Organizador De Escritorio Bamboo Con Cargador Personalizado con Logo | Promocionales J&J","Organizador De Escritorio Bamboo Con Cargador","https://promocionalesjj.co/tienda/organizador-de-escritorio-bamboo-con-cargador/","","Organizador De Escritorio Bamboo Con Cargador personalizado con tu logo en Colombia. Ideal para regalos corporativos con entrega en Bogotá, Medellín, Cali","https://promocionalesjj.co/img/productos/organizador-de-escritorio-bamboo-con-cargador.jpg","Organization Product BreadcrumbList","23","si","no"
"/tienda/organizador-de-viaje-cork/","producto","47720","Organizador De Viaje Cork Personalizado con Logo | Promocionales J&J | Promocionales J&J","Organizador De Viaje Cork","https://promocionalesjj.co/tienda/organizador-de-viaje-cork/","","Organizador De Viaje Cork personalizado con tu logo en Colombia. Ideal para regalos corporativos con entrega en Bogotá, Medellín, Cali, Barranquilla y Bucaramanga","https://promocionalesjj.co/img/productos/organizador-de-viaje-cork.jpg","Organization Product BreadcrumbList","23","no","no"
"/tienda/organizador-light-con-cargador-inalambrico/","producto","48232","Organizador Light Con Cargador Inalambrico Personalizado con Logo | Promocionales J&J","Organizador Light Con Cargador Inalambrico","https://promocionalesjj.co/tienda/organizador-light-con-cargador-inalambrico/","","Organizador Light Con Cargador Inalambrico personalizado con tu logo en Colombia. Ideal para regalos corporativos con entrega en Bogotá, Medellín, Cali","https://promocionalesjj.co/img/productos/organizador-light-con-cargador-inalambrico.jpg","Organization Product BreadcrumbList","23","si","no"
"/tienda/organizador-multiusos-con-esterilizador-uvc-led/","producto","49090","Organizador Multiusos Con Esterilizador Uvc Led Personalizado con Logo | Promocionales J&J","Organizador Multiusos Con Esterilizador Uvc Led","https://promocionalesjj.co/tienda/organizador-multiusos-con-esterilizador-uvc-led/","","Organizador Multiusos Con Esterilizador Uvc Led personalizado con tu logo en Colombia. Ideal para regalos corporativos con entrega en Bogotá, Medellín, Cali","https://promocionalesjj.co/img/productos/organizador-multiusos-con-esterilizador-uvc-led.jpg","Organization Product BreadcrumbList","23","si","no"
"/tienda/organizador-para-bicicleta/","producto","47526","Organizador Para Bicicleta Personalizado con Logo | Promocionales J&J | Promocionales J&J","Organizador Para Bicicleta","https://promocionalesjj.co/tienda/organizador-para-bicicleta/","","Organizador Para Bicicleta personalizado con tu logo en Colombia. Ideal para regalos corporativos con entrega en Bogotá, Medellín, Cali, Barranquilla y Bucaramanga","https://promocionalesjj.co/img/productos/organizador-para-bicicleta.jpg","Organization Product BreadcrumbList","23","si","no"
"/tienda/organizador-para-bicicleta-reflect/","producto","47740","Organizador Para Bicicleta Reflect Personalizado con Logo | Promocionales J&J","Organizador Para Bicicleta Reflect","https://promocionalesjj.co/tienda/organizador-para-bicicleta-reflect/","","Organizador Para Bicicleta Reflect personalizado con tu logo en Colombia. Ideal para regalos corporativos con entrega en Bogotá, Medellín, Cali, Barranquilla y","https://promocionalesjj.co/img/productos/organizador-para-bicicleta-reflect.jpg","Organization Product BreadcrumbList","23","si","no"
"/tienda/palmer-stylus/","producto","46953","Palmer Stylus Personalizado con Logo | Promocionales J&J | Promocionales J&J","Palmer Stylus","https://promocionalesjj.co/tienda/palmer-stylus/","","Palmer Stylus personalizado con tu logo en Colombia. Ideal para regalos corporativos con entrega en Bogotá, Medellín, Cali, Barranquilla y Bucaramanga. Cotiza al","https://promocionalesjj.co/img/productos/palmer-stylus.jpg","Organization Product BreadcrumbList","22","no","no"
"/tienda/paraguas-brook-ergo-27-reflectivo/","producto","47624","Paraguas Brook Ergo 27"" Reflectivo Personalizado con Logo | Promocionales J&J","Paraguas Brook Ergo 27"" Reflectivo","https://promocionalesjj.co/tienda/paraguas-brook-ergo-27-reflectivo/","","Paraguas Brook Ergo 27"" Reflectivo personalizado con tu logo en Colombia. Ideal para regalos corporativos con entrega en Bogotá, Medellín, Cali, Barranquilla y","https://promocionalesjj.co/img/productos/paraguas-brook-ergo-27-reflectivo.jpg","Organization Product BreadcrumbList","23","si","no"
"/tienda/paraguas-golf-cuadrado-30/","producto","35569","Paraguas Golf Cuadrado 30"" Personalizado con Logo | Promocionales J&J | Promocionales J&J","Paraguas Golf Cuadrado 30""","https://promocionalesjj.co/tienda/paraguas-golf-cuadrado-30/","","Paraguas Golf Cuadrado 30"" personalizado con tu logo en Colombia. Ideal para regalos corporativos con entrega en Bogotá, Medellín, Cali, Barranquilla y Bucaramanga","https://promocionalesjj.co/img/productos/paraguas-golf-cuadrado-30.jpg","Organization Product BreadcrumbList","19","si","no"
"/tienda/paraguas-lancelot-27/","producto","47651","Paraguas Lancelot 27"" Personalizado con Logo | Promocionales J&J | Promocionales J&J","Paraguas Lancelot 27""","https://promocionalesjj.co/tienda/paraguas-lancelot-27/","","Paraguas Lancelot 27"" personalizado con tu logo en Colombia. Ideal para regalos corporativos con entrega en Bogotá, Medellín, Cali, Barranquilla y Bucaramanga","https://promocionalesjj.co/img/productos/paraguas-lancelot-27.jpg","Organization Product BreadcrumbList","23","si","no"
"/tienda/parrot/","producto","46666","Parrot Personalizado con Logo | Promocionales J&J | Promocionales J&J","Parrot","https://promocionalesjj.co/tienda/parrot/","","Parrot personalizado con tu logo en Colombia. Ideal para regalos corporativos con entrega en Bogotá, Medellín, Cali, Barranquilla y Bucaramanga. Cotiza al por mayor.","https://promocionalesjj.co/img/productos/parrot.jpg","Organization Product BreadcrumbList","22","no","no"
"/tienda/pascal-stylus-neon-4-1/","producto","47826","Pascal Stylus Neon 4-1 Personalizado con Logo | Promocionales J&J | Promocionales J&J","Pascal Stylus Neon 4-1","https://promocionalesjj.co/tienda/pascal-stylus-neon-4-1/","","Pascal Stylus Neon 4-1 personalizado con tu logo en Colombia. Ideal para regalos corporativos con entrega en Bogotá, Medellín, Cali, Barranquilla y Bucaramanga","https://promocionalesjj.co/img/productos/pascal-stylus-neon-4-1.jpg","Organization Product BreadcrumbList","22","no","no"
"/tienda/pastillero-en-bambu/","producto","47427","Pastillero En Bambú Personalizado con Logo | Promocionales J&J | Promocionales J&J","Pastillero En Bambú","https://promocionalesjj.co/tienda/pastillero-en-bambu/","","Pastillero En Bambú personalizado con tu logo en Colombia. Ideal para regalos corporativos con entrega en Bogotá, Medellín, Cali, Barranquilla y Bucaramanga. Cotiza","https://promocionalesjj.co/img/productos/_placeholder-jj.svg","Organization Product BreadcrumbList","23","no","no"
"/tienda/petrus-boligrafo/","producto","47029","Petrus Boligrafo Personalizado con Logo | Promocionales J&J | Promocionales J&J","Petrus Boligrafo","https://promocionalesjj.co/tienda/petrus-boligrafo/","","Petrus Boligrafo personalizado con tu logo en Colombia. Ideal para regalos corporativos con entrega en Bogotá, Medellín, Cali, Barranquilla y Bucaramanga. Cotiza al","https://promocionalesjj.co/img/productos/_placeholder-jj.svg","Organization Product BreadcrumbList","22","no","no"
"/tienda/petrus-roller/","producto","46927","Petrus Roller Personalizado con Logo | Promocionales J&J | Promocionales J&J","Petrus Roller","https://promocionalesjj.co/tienda/petrus-roller/","","Petrus Roller personalizado con tu logo en Colombia. Ideal para regalos corporativos con entrega en Bogotá, Medellín, Cali, Barranquilla y Bucaramanga. Cotiza al","https://promocionalesjj.co/img/productos/_placeholder-jj.svg","Organization Product BreadcrumbList","22","no","no"
"/tienda/pila-recargable-en-bamboo-nipax-5000mah-ii/","producto","47912","Pila Recargable En Bamboo Nipax 5000Mah Ii Personalizado con Logo | Promocionales J&J","Pila Recargable En Bamboo Nipax 5000Mah Ii","https://promocionalesjj.co/tienda/pila-recargable-en-bamboo-nipax-5000mah-ii/","","Pila Recargable En Bamboo Nipax 5000Mah Ii personalizado con tu logo en Colombia. Ideal para regalos corporativos con entrega en Bogotá, Medellín, Cali","https://promocionalesjj.co/img/productos/pila-recargable-en-bamboo-nipax-5000mah-ii.jpg","Organization Product BreadcrumbList","23","no","no"
"/tienda/pila-recargable-kode-5000-mah-rpet/","producto","47649","Pila Recargable Kode 5000 Mah Rpet Personalizado con Logo | Promocionales J&J","Pila Recargable Kode 5000 Mah Rpet","https://promocionalesjj.co/tienda/pila-recargable-kode-5000-mah-rpet/","","Pila Recargable Kode 5000 Mah Rpet personalizado con tu logo en Colombia. Ideal para regalos corporativos con entrega en Bogotá, Medellín, Cali, Barranquilla y","https://promocionalesjj.co/img/productos/_placeholder-jj.svg","Organization Product BreadcrumbList","23","no","no"
"/tienda/pitillo-reutilizable-metalico/","producto","47717","Pitillo Reutilizable Metalico Personalizado con Logo | Promocionales J&J","Pitillo Reutilizable Metalico","https://promocionalesjj.co/tienda/pitillo-reutilizable-metalico/","","Pitillo Reutilizable Metalico personalizado con tu logo en Colombia. Ideal para regalos corporativos con entrega en Bogotá, Medellín, Cali, Barranquilla y","https://promocionalesjj.co/img/productos/pitillo-reutilizable-metalico.jpg","Organization Product BreadcrumbList","23","no","no"
"/tienda/pitillo-reutilizable-metalico-bamboo/","producto","48142","Pitillo Reutilizable Metalico Bamboo Personalizado con Logo | Promocionales J&J","Pitillo Reutilizable Metalico Bamboo","https://promocionalesjj.co/tienda/pitillo-reutilizable-metalico-bamboo/","","Pitillo Reutilizable Metalico Bamboo personalizado con tu logo en Colombia. Ideal para regalos corporativos con entrega en Bogotá, Medellín, Cali, Barranquilla y","https://promocionalesjj.co/img/productos/pitillo-reutilizable-metalico-bamboo.jpg","Organization Product BreadcrumbList","23","no","no"
"/tienda/pitillo-reutilizable-metalico-wheat/","producto","48383","Pitillo Reutilizable Metalico Wheat Personalizado con Logo | Promocionales J&J","Pitillo Reutilizable Metalico Wheat","https://promocionalesjj.co/tienda/pitillo-reutilizable-metalico-wheat/","","Pitillo Reutilizable Metalico Wheat personalizado con tu logo en Colombia. Ideal para regalos corporativos con entrega en Bogotá, Medellín, Cali, Barranquilla y","https://promocionalesjj.co/img/productos/pitillo-reutilizable-metalico-wheat.jpg","Organization Product BreadcrumbList","23","no","no"
"/tienda/planeador-semanal-cartoon/","producto","47592","Planeador Semanal Cartoon Personalizado con Logo | Promocionales J&J | Promocionales J&J","Planeador Semanal Cartoon","https://promocionalesjj.co/tienda/planeador-semanal-cartoon/","","Planeador Semanal Cartoon personalizado con tu logo en Colombia. Ideal para regalos corporativos con entrega en Bogotá, Medellín, Cali, Barranquilla y Bucaramanga","https://promocionalesjj.co/img/productos/planeador-semanal-cartoon.jpg","Organization Product BreadcrumbList","23","no","no"
"/tienda/planeador-semanal-ecologico/","producto","47466","Planeador Semanal Ecologico Personalizado con Logo | Promocionales J&J | Promocionales J&J","Planeador Semanal Ecologico","https://promocionalesjj.co/tienda/planeador-semanal-ecologico/","","Planeador Semanal Ecologico personalizado con tu logo en Colombia. Ideal para regalos corporativos con entrega en Bogotá, Medellín, Cali, Barranquilla y","https://promocionalesjj.co/img/productos/planeador-semanal-ecologico.jpg","Organization Product BreadcrumbList","23","no","no"
"/tienda/portaboligrafos-en-bamboo-360/","producto","47589","Portaboligrafos En Bamboo 360 Personalizado con Logo | Promocionales J&J","Portaboligrafos En Bamboo 360","https://promocionalesjj.co/tienda/portaboligrafos-en-bamboo-360/","","Portaboligrafos En Bamboo 360 personalizado con tu logo en Colombia. Ideal para regalos corporativos con entrega en Bogotá, Medellín, Cali, Barranquilla y","https://promocionalesjj.co/img/productos/portaboligrafos-en-bamboo-360.jpg","Organization Product BreadcrumbList","23","no","no"
"/tienda/portaboligrafos-konstantin-bamboo/","producto","47710","Portabolígrafos Konstantin Bamboo Personalizado con Logo | Promocionales J&J","Portabolígrafos Konstantin Bamboo","https://promocionalesjj.co/tienda/portaboligrafos-konstantin-bamboo/","","Portabolígrafos Konstantin Bamboo personalizado con tu logo en Colombia. Ideal para regalos corporativos con entrega en Bogotá, Medellín, Cali, Barranquilla y","https://promocionalesjj.co/img/productos/portaboligrafos-konstantin-bamboo.jpg","Organization Product BreadcrumbList","23","no","no"
"/tienda/portaboligrafos-lumi-rpet/","producto","47589","Portabolígrafos Lumi Rpet Personalizado con Logo | Promocionales J&J | Promocionales J&J","Portabolígrafos Lumi Rpet","https://promocionalesjj.co/tienda/portaboligrafos-lumi-rpet/","","Portabolígrafos Lumi Rpet personalizado con tu logo en Colombia. Ideal para regalos corporativos con entrega en Bogotá, Medellín, Cali, Barranquilla y Bucaramanga","https://promocionalesjj.co/img/productos/portaboligrafos-lumi-rpet.jpg","Organization Product BreadcrumbList","23","no","no"
"/tienda/portabotellas-en-madera/","producto","47326","Portabotellas En Madera Personalizado con Logo | Promocionales J&J | Promocionales J&J","Portabotellas En Madera","https://promocionalesjj.co/tienda/portabotellas-en-madera/","","Portabotellas En Madera personalizado con tu logo en Colombia. Ideal para regalos corporativos con entrega en Bogotá, Medellín, Cali, Barranquilla y Bucaramanga","https://promocionalesjj.co/img/productos/portabotellas-en-madera.jpg","Organization Product BreadcrumbList","23","si","no"
"/tienda/portacelular-2-1-eco/","producto","47389","Portacelular 2-1 Eco Personalizado con Logo | Promocionales J&J | Promocionales J&J","Portacelular 2-1 Eco","https://promocionalesjj.co/tienda/portacelular-2-1-eco/","","Portacelular 2-1 Eco personalizado con tu logo en Colombia. Ideal para regalos corporativos con entrega en Bogotá, Medellín, Cali, Barranquilla y Bucaramanga","https://promocionalesjj.co/img/productos/portacelular-2-1-eco.jpg","Organization Product BreadcrumbList","23","no","no"
"/tienda/portacomidas-albus-eco/","producto","47619","Portacomidas Albus Eco Personalizado con Logo | Promocionales J&J | Promocionales J&J","Portacomidas Albus Eco","https://promocionalesjj.co/tienda/portacomidas-albus-eco/","","Portacomidas Albus Eco personalizado con tu logo en Colombia. Ideal para regalos corporativos con entrega en Bogotá, Medellín, Cali, Barranquilla y Bucaramanga","https://promocionalesjj.co/img/productos/portacomidas-albus-eco.jpg","Organization Product BreadcrumbList","23","no","no"
"/tienda/portacomidas-anton-eco/","producto","47639","Portacomidas Anton Eco Personalizado con Logo | Promocionales J&J | Promocionales J&J","Portacomidas Anton Eco","https://promocionalesjj.co/tienda/portacomidas-anton-eco/","","Portacomidas Anton Eco personalizado con tu logo en Colombia. Ideal para regalos corporativos con entrega en Bogotá, Medellín, Cali, Barranquilla y Bucaramanga","https://promocionalesjj.co/img/productos/portacomidas-anton-eco.jpg","Organization Product BreadcrumbList","23","no","no"
"/tienda/portacomidas-con-cubiertos-eco-nature/","producto","48185","Portacomidas Con Cubiertos Eco Nature Personalizado con Logo | Promocionales J&J","Portacomidas Con Cubiertos Eco Nature","https://promocionalesjj.co/tienda/portacomidas-con-cubiertos-eco-nature/","","Portacomidas Con Cubiertos Eco Nature personalizado con tu logo en Colombia. Ideal para regalos corporativos con entrega en Bogotá, Medellín, Cali, Barranquilla y","https://promocionalesjj.co/img/productos/portacomidas-con-cubiertos-eco-nature.jpg","Organization Product BreadcrumbList","23","no","no"
"/tienda/portacomidas-eco-denver/","producto","47646","Portacomidas Eco Denver Personalizado con Logo | Promocionales J&J | Promocionales J&J","Portacomidas Eco Denver","https://promocionalesjj.co/tienda/portacomidas-eco-denver/","","Portacomidas Eco Denver personalizado con tu logo en Colombia. Ideal para regalos corporativos con entrega en Bogotá, Medellín, Cali, Barranquilla y Bucaramanga","https://promocionalesjj.co/img/productos/portacomidas-eco-denver.jpg","Organization Product BreadcrumbList","23","no","no"
"/tienda/portacomidas-eco-holder-antibacteriano/","producto","48531","Portacomidas Eco Holder Antibacteriano Personalizado con Logo | Promocionales J&J","Portacomidas Eco Holder Antibacteriano","https://promocionalesjj.co/tienda/portacomidas-eco-holder-antibacteriano/","","Portacomidas Eco Holder Antibacteriano personalizado con tu logo en Colombia. Ideal para regalos corporativos con entrega en Bogotá, Medellín, Cali, Barranquilla y","https://promocionalesjj.co/img/productos/portacomidas-eco-holder-antibacteriano.jpg","Organization Product BreadcrumbList","23","si","no"
"/tienda/portacomidas-stora-eco/","producto","47603","Portacomidas Stora Eco Personalizado con Logo | Promocionales J&J | Promocionales J&J","Portacomidas Stora Eco","https://promocionalesjj.co/tienda/portacomidas-stora-eco/","","Portacomidas Stora Eco personalizado con tu logo en Colombia. Ideal para regalos corporativos con entrega en Bogotá, Medellín, Cali, Barranquilla y Bucaramanga","https://promocionalesjj.co/img/productos/portacomidas-stora-eco.jpg","Organization Product BreadcrumbList","23","no","no"
"/tienda/portacomidas-wing-eco/","producto","47504","Portacomidas Wing Eco Personalizado con Logo | Promocionales J&J | Promocionales J&J","Portacomidas Wing Eco","https://promocionalesjj.co/tienda/portacomidas-wing-eco/","","Portacomidas Wing Eco personalizado con tu logo en Colombia. Ideal para regalos corporativos con entrega en Bogotá, Medellín, Cali, Barranquilla y Bucaramanga","https://promocionalesjj.co/img/productos/portacomidas-wing-eco.jpg","Organization Product BreadcrumbList","23","no","no"
"/tienda/portadocumentos-de-viajes-y-cables-new-rpet/","producto","48127","Portadocumentos De Viajes Y Cables New Rpet Personalizado con Logo | Promocionales J&J","Portadocumentos De Viajes Y Cables New Rpet","https://promocionalesjj.co/tienda/portadocumentos-de-viajes-y-cables-new-rpet/","","Portadocumentos De Viajes Y Cables New Rpet personalizado con tu logo en Colombia. Ideal para regalos corporativos con entrega en Bogotá, Medellín, Cali","https://promocionalesjj.co/img/productos/portadocumentos-de-viajes-y-cables-new-rpet.jpg","Organization Product BreadcrumbList","23","no","no"
"/tienda/portaidentificador-de-carnet-con-metro/","producto","47968","Portaidentificador De Carnet Con Metro Personalizado con Logo | Promocionales J&J","Portaidentificador De Carnet Con Metro","https://promocionalesjj.co/tienda/portaidentificador-de-carnet-con-metro/","","Portaidentificador De Carnet Con Metro personalizado con tu logo en Colombia. Ideal para regalos corporativos con entrega en Bogotá, Medellín, Cali, Barranquilla y","https://promocionalesjj.co/img/productos/portaidentificador-de-carnet-con-metro.jpg","Organization Product BreadcrumbList","23","no","no"
"/tienda/portaliquido-metalico-chunky-420ml/","producto","48054","Portalíquido Metálico Chunky 420Ml Personalizado con Logo | Promocionales J&J","Portalíquido Metálico Chunky 420Ml","https://promocionalesjj.co/tienda/portaliquido-metalico-chunky-420ml/","","Portalíquido Metálico Chunky 420Ml personalizado con tu logo en Colombia. Ideal para regalos corporativos con entrega en Bogotá, Medellín, Cali, Barranquilla y","https://promocionalesjj.co/img/productos/portaliquido-metalico-chunky-420ml.jpg","Organization Product BreadcrumbList","23","no","no"
"/tienda/portaminas-jester-coffee/","producto","47448","Portaminas Jester Coffee Personalizado con Logo | Promocionales J&J | Promocionales J&J","Portaminas Jester Coffee","https://promocionalesjj.co/tienda/portaminas-jester-coffee/","","Portaminas Jester Coffee personalizado con tu logo en Colombia. Ideal para regalos corporativos con entrega en Bogotá, Medellín, Cali, Barranquilla y Bucaramanga","https://promocionalesjj.co/img/productos/portaminas-jester-coffee.jpg","Organization Product BreadcrumbList","22","no","no"
"/tienda/portanotas-yakari/","producto","47031","Portanotas Yakari Personalizado con Logo | Promocionales J&J | Promocionales J&J","Portanotas Yakari","https://promocionalesjj.co/tienda/portanotas-yakari/","","Portanotas Yakari personalizado con tu logo en Colombia. Ideal para regalos corporativos con entrega en Bogotá, Medellín, Cali, Barranquilla y Bucaramanga. Cotiza","https://promocionalesjj.co/img/productos/portanotas-yakari.jpg","Organization Product BreadcrumbList","23","si","no"
"/tienda/portapapel-car/","producto","44572","Portapapel Car - Personalizado con Logo | Promocionales J&J | Promocionales J&J","Portapapel Car -","https://promocionalesjj.co/tienda/portapapel-car/","","Portapapel Car - personalizado con tu logo en Colombia. Ideal para regalos corporativos con entrega en Bogotá, Medellín, Cali, Barranquilla y Bucaramanga. Cotiza al","https://promocionalesjj.co/img/productos/portapapel-car.jpg","Organization Product BreadcrumbList","22","si","no"
"/tienda/portaretrato-verena/","producto","47298","Portaretrato Verena Personalizado con Logo | Promocionales J&J | Promocionales J&J","Portaretrato Verena","https://promocionalesjj.co/tienda/portaretrato-verena/","","Portaretrato Verena personalizado con tu logo en Colombia. Ideal para regalos corporativos con entrega en Bogotá, Medellín, Cali, Barranquilla y Bucaramanga. Cotiza","https://promocionalesjj.co/img/productos/portaretrato-verena.jpg","Organization Product BreadcrumbList","23","no","no"
"/tienda/portarretrato-cork/","producto","47183","Portarretrato Cork Personalizado con Logo | Promocionales J&J | Promocionales J&J","Portarretrato Cork","https://promocionalesjj.co/tienda/portarretrato-cork/","","Portarretrato Cork personalizado con tu logo en Colombia. Ideal para regalos corporativos con entrega en Bogotá, Medellín, Cali, Barranquilla y Bucaramanga. Cotiza","https://promocionalesjj.co/img/productos/portarretrato-cork.jpg","Organization Product BreadcrumbList","23","no","no"
"/tienda/portarretratro-kids/","producto","47450","Portarretratro Kids Personalizado con Logo | Promocionales J&J | Promocionales J&J","Portarretratro Kids","https://promocionalesjj.co/tienda/portarretratro-kids/","","Portarretratro Kids personalizado con tu logo en Colombia. Ideal para regalos corporativos con entrega en Bogotá, Medellín, Cali, Barranquilla y Bucaramanga. Cotiza","https://promocionalesjj.co/img/productos/_placeholder-jj.svg","Organization Product BreadcrumbList","23","no","no"
"/tienda/portatarjetas-ml-275/","producto","44654","Portatarjetas Ml-275 - Personalizado con Logo | Promocionales J&J | Promocionales J&J","Portatarjetas Ml-275 -","https://promocionalesjj.co/tienda/portatarjetas-ml-275/","","Portatarjetas Ml-275 - personalizado con tu logo en Colombia. Ideal para regalos corporativos con entrega en Bogotá, Medellín, Cali, Barranquilla y Bucaramanga","https://promocionalesjj.co/img/productos/portatarjetas-ml-275.jpg","Organization Product BreadcrumbList","22","si","no"
"/tienda/portatarjetas-ml-384/","producto","44712","Portatarjetas Ml-384 Personalizado con Logo | Promocionales J&J | Promocionales J&J","Portatarjetas Ml-384","https://promocionalesjj.co/tienda/portatarjetas-ml-384/","","Portatarjetas Ml-384 personalizado con tu logo en Colombia. Ideal para regalos corporativos con entrega en Bogotá, Medellín, Cali, Barranquilla y Bucaramanga","https://promocionalesjj.co/img/productos/portatarjetas-ml-384.jpg","Organization Product BreadcrumbList","22","si","no"
"/tienda/portatarjetas-pop/","producto","47140","Portatarjetas Pop Personalizado con Logo | Promocionales J&J | Promocionales J&J","Portatarjetas Pop","https://promocionalesjj.co/tienda/portatarjetas-pop/","","Portatarjetas Pop personalizado con tu logo en Colombia. Ideal para regalos corporativos con entrega en Bogotá, Medellín, Cali, Barranquilla y Bucaramanga. Cotiza","https://promocionalesjj.co/img/productos/portatarjetas-pop.jpg","Organization Product BreadcrumbList","23","no","no"
"/tienda/portatarjetas-pump-bamboo/","producto","47832","Portatarjetas Pump Bamboo Personalizado con Logo | Promocionales J&J | Promocionales J&J","Portatarjetas Pump Bamboo","https://promocionalesjj.co/tienda/portatarjetas-pump-bamboo/","","Portatarjetas Pump Bamboo personalizado con tu logo en Colombia. Ideal para regalos corporativos con entrega en Bogotá, Medellín, Cali, Barranquilla y Bucaramanga","https://promocionalesjj.co/img/productos/portatarjetas-pump-bamboo.jpg","Organization Product BreadcrumbList","23","no","no"
"/tienda/portos/","producto","46666","Portos Personalizado con Logo | Promocionales J&J | Promocionales J&J","Portos","https://promocionalesjj.co/tienda/portos/","","Portos personalizado con tu logo en Colombia. Ideal para regalos corporativos con entrega en Bogotá, Medellín, Cali, Barranquilla y Bucaramanga. Cotiza al por mayor.","https://promocionalesjj.co/img/productos/portos.jpg","Organization Product BreadcrumbList","22","si","no"
"/tienda/puerto-usb-bamboo-spirit/","producto","47421","Puerto Usb Bamboo Spirit Personalizado con Logo | Promocionales J&J | Promocionales J&J","Puerto Usb Bamboo Spirit","https://promocionalesjj.co/tienda/puerto-usb-bamboo-spirit/","","Puerto Usb Bamboo Spirit personalizado con tu logo en Colombia. Ideal para regalos corporativos con entrega en Bogotá, Medellín, Cali, Barranquilla y Bucaramanga","https://promocionalesjj.co/img/productos/puerto-usb-bamboo-spirit.jpg","Organization Product BreadcrumbList","23","no","no"
"/tienda/puerto-usb-casiuss-eco/","producto","47455","Puerto Usb Casiuss Eco Personalizado con Logo | Promocionales J&J | Promocionales J&J","Puerto Usb Casiuss Eco","https://promocionalesjj.co/tienda/puerto-usb-casiuss-eco/","","Puerto Usb Casiuss Eco personalizado con tu logo en Colombia. Ideal para regalos corporativos con entrega en Bogotá, Medellín, Cali, Barranquilla y Bucaramanga","https://promocionalesjj.co/img/productos/puerto-usb-casiuss-eco.jpg","Organization Product BreadcrumbList","23","no","no"
"/tienda/puerto-usb-dante-eco/","producto","47441","Puerto Usb Dante Eco Personalizado con Logo | Promocionales J&J | Promocionales J&J","Puerto Usb Dante Eco","https://promocionalesjj.co/tienda/puerto-usb-dante-eco/","","Puerto Usb Dante Eco personalizado con tu logo en Colombia. Ideal para regalos corporativos con entrega en Bogotá, Medellín, Cali, Barranquilla y Bucaramanga","https://promocionalesjj.co/img/productos/puerto-usb-dante-eco.jpg","Organization Product BreadcrumbList","23","no","no"
"/tienda/puerto-usb-gyro/","producto","47092","Puerto Usb Gyro Personalizado con Logo | Promocionales J&J | Promocionales J&J","Puerto Usb Gyro","https://promocionalesjj.co/tienda/puerto-usb-gyro/","","Puerto Usb Gyro personalizado con tu logo en Colombia. Ideal para regalos corporativos con entrega en Bogotá, Medellín, Cali, Barranquilla y Bucaramanga. Cotiza al","https://promocionalesjj.co/img/productos/puerto-usb-gyro.jpg","Organization Product BreadcrumbList","23","si","no"
"/tienda/puerto-usb-hero/","producto","47252","Puerto Usb Hero Personalizado con Logo | Promocionales J&J | Promocionales J&J","Puerto Usb Hero","https://promocionalesjj.co/tienda/puerto-usb-hero/","","Puerto Usb Hero personalizado con tu logo en Colombia. Ideal para regalos corporativos con entrega en Bogotá, Medellín, Cali, Barranquilla y Bucaramanga. Cotiza al","https://promocionalesjj.co/img/productos/puerto-usb-hero.jpg","Organization Product BreadcrumbList","23","no","no"
"/tienda/puerto-usb-massimo-bamboo/","producto","47584","Puerto Usb Massimo Bamboo Personalizado con Logo | Promocionales J&J | Promocionales J&J","Puerto Usb Massimo Bamboo","https://promocionalesjj.co/tienda/puerto-usb-massimo-bamboo/","","Puerto Usb Massimo Bamboo personalizado con tu logo en Colombia. Ideal para regalos corporativos con entrega en Bogotá, Medellín, Cali, Barranquilla y Bucaramanga","https://promocionalesjj.co/img/productos/puerto-usb-massimo-bamboo.jpg","Organization Product BreadcrumbList","23","no","no"
"/tienda/puerto-usb-orion-eco/","producto","47285","Puerto Usb Orion Eco Personalizado con Logo | Promocionales J&J | Promocionales J&J","Puerto Usb Orion Eco","https://promocionalesjj.co/tienda/puerto-usb-orion-eco/","","Puerto Usb Orion Eco personalizado con tu logo en Colombia. Ideal para regalos corporativos con entrega en Bogotá, Medellín, Cali, Barranquilla y Bucaramanga","https://promocionalesjj.co/img/productos/puerto-usb-orion-eco.jpg","Organization Product BreadcrumbList","23","no","no"
"/tienda/puerto-usb-ruler-bamboo/","producto","47606","Puerto Usb Ruler Bamboo Personalizado con Logo | Promocionales J&J | Promocionales J&J","Puerto Usb Ruler Bamboo","https://promocionalesjj.co/tienda/puerto-usb-ruler-bamboo/","","Puerto Usb Ruler Bamboo personalizado con tu logo en Colombia. Ideal para regalos corporativos con entrega en Bogotá, Medellín, Cali, Barranquilla y Bucaramanga","https://promocionalesjj.co/img/productos/puerto-usb-ruler-bamboo.jpg","Organization Product BreadcrumbList","23","no","no"
"/tienda/pvc-memoria-usb-soccer-ver-of-228-ch/","producto","47784","Pvc Memoria Usb Soccer (Ver Of-228-Ch) Personalizado con Logo | Promocionales J&J","Pvc Memoria Usb Soccer (Ver Of-228-Ch)","https://promocionalesjj.co/tienda/pvc-memoria-usb-soccer-ver-of-228-ch/","","Pvc Memoria Usb Soccer (Ver Of-228-Ch) personalizado con tu logo en Colombia. Ideal para regalos corporativos con entrega en Bogotá, Medellín, Cali, Barranquilla y","https://promocionalesjj.co/img/productos/pvc-memoria-usb-soccer-ver-of-228-ch.jpg","Organization Product BreadcrumbList","23","si","no"
"/tienda/regla-con-aluminio-30cm/","producto","47414","Regla Con Aluminio 30Cm Personalizado con Logo | Promocionales J&J | Promocionales J&J","Regla Con Aluminio 30Cm","https://promocionalesjj.co/tienda/regla-con-aluminio-30cm/","","Regla Con Aluminio 30Cm personalizado con tu logo en Colombia. Ideal para regalos corporativos con entrega en Bogotá, Medellín, Cali, Barranquilla y Bucaramanga","https://promocionalesjj.co/img/productos/regla-con-aluminio-30cm.jpg","Organization Product BreadcrumbList","23","no","no"
"/tienda/regla-plegable-con-llavero/","producto","47495","Regla Plegable Con Llavero Personalizado con Logo | Promocionales J&J | Promocionales J&J","Regla Plegable Con Llavero","https://promocionalesjj.co/tienda/regla-plegable-con-llavero/","","Regla Plegable Con Llavero personalizado con tu logo en Colombia. Ideal para regalos corporativos con entrega en Bogotá, Medellín, Cali, Barranquilla y Bucaramanga","https://promocionalesjj.co/img/productos/regla-plegable-con-llavero.jpg","Organization Product BreadcrumbList","22","si","no"
"/tienda/regla-pop-it/","producto","46783","Regla Pop It Personalizado con Logo | Promocionales J&J | Promocionales J&J","Regla Pop It","https://promocionalesjj.co/tienda/regla-pop-it/","","Regla Pop It personalizado con tu logo en Colombia. Ideal para regalos corporativos con entrega en Bogotá, Medellín, Cali, Barranquilla y Bucaramanga. Cotiza al por","https://promocionalesjj.co/img/productos/regla-pop-it.jpg","Organization Product BreadcrumbList","23","si","no"
"/tienda/reloj-con-cargador-inalambrico-denver/","producto","47853","Reloj Con Cargador Inalambrico Denver Personalizado con Logo | Promocionales J&J","Reloj Con Cargador Inalambrico Denver","https://promocionalesjj.co/tienda/reloj-con-cargador-inalambrico-denver/","","Reloj Con Cargador Inalambrico Denver personalizado con tu logo en Colombia. Ideal para regalos corporativos con entrega en Bogotá, Medellín, Cali, Barranquilla y","https://promocionalesjj.co/img/productos/reloj-con-cargador-inalambrico-denver.jpg","Organization Product BreadcrumbList","23","no","no"
"/tienda/reloj-con-portaboligrafo-bamboo/","producto","47627","Reloj Con Portaboligrafo Bamboo Personalizado con Logo | Promocionales J&J","Reloj Con Portaboligrafo Bamboo","https://promocionalesjj.co/tienda/reloj-con-portaboligrafo-bamboo/","","Reloj Con Portaboligrafo Bamboo personalizado con tu logo en Colombia. Ideal para regalos corporativos con entrega en Bogotá, Medellín, Cali, Barranquilla y","https://promocionalesjj.co/img/productos/reloj-con-portaboligrafo-bamboo.jpg","Organization Product BreadcrumbList","23","no","no"
"/tienda/reloj-de-agua-power/","producto","47306","Reloj De Agua Power Personalizado con Logo | Promocionales J&J | Promocionales J&J","Reloj De Agua Power","https://promocionalesjj.co/tienda/reloj-de-agua-power/","","Reloj De Agua Power personalizado con tu logo en Colombia. Ideal para regalos corporativos con entrega en Bogotá, Medellín, Cali, Barranquilla y Bucaramanga. Cotiza","https://promocionalesjj.co/img/productos/reloj-de-agua-power.jpg","Organization Product BreadcrumbList","23","no","no"
"/tienda/reloj-de-arena-skai-eco/","producto","47462","Reloj De Arena Skai Eco Personalizado con Logo | Promocionales J&J | Promocionales J&J","Reloj De Arena Skai Eco","https://promocionalesjj.co/tienda/reloj-de-arena-skai-eco/","","Reloj De Arena Skai Eco personalizado con tu logo en Colombia. Ideal para regalos corporativos con entrega en Bogotá, Medellín, Cali, Barranquilla y Bucaramanga","https://promocionalesjj.co/img/productos/reloj-de-arena-skai-eco.jpg","Organization Product BreadcrumbList","23","no","no"
"/tienda/reloj-digital-bowen/","producto","47306","Reloj Digital Bowen Personalizado con Logo | Promocionales J&J | Promocionales J&J","Reloj Digital Bowen","https://promocionalesjj.co/tienda/reloj-digital-bowen/","","Reloj Digital Bowen personalizado con tu logo en Colombia. Ideal para regalos corporativos con entrega en Bogotá, Medellín, Cali, Barranquilla y Bucaramanga. Cotiza","https://promocionalesjj.co/img/productos/reloj-digital-bowen.jpg","Organization Product BreadcrumbList","23","si","no"
"/tienda/reloj-lcd-bamboo/","producto","47192","Reloj Lcd Bamboo Personalizado con Logo | Promocionales J&J | Promocionales J&J","Reloj Lcd Bamboo","https://promocionalesjj.co/tienda/reloj-lcd-bamboo/","","Reloj Lcd Bamboo personalizado con tu logo en Colombia. Ideal para regalos corporativos con entrega en Bogotá, Medellín, Cali, Barranquilla y Bucaramanga. Cotiza al","https://promocionalesjj.co/img/productos/reloj-lcd-bamboo.jpg","Organization Product BreadcrumbList","23","si","no"
"/tienda/reloj-portaboligrafo-crystal-bamboo/","producto","47835","Reloj Portaboligrafo Crystal Bamboo Personalizado con Logo | Promocionales J&J","Reloj Portaboligrafo Crystal Bamboo","https://promocionalesjj.co/tienda/reloj-portaboligrafo-crystal-bamboo/","","Reloj Portaboligrafo Crystal Bamboo personalizado con tu logo en Colombia. Ideal para regalos corporativos con entrega en Bogotá, Medellín, Cali, Barranquilla y","https://promocionalesjj.co/img/productos/reloj-portaboligrafo-crystal-bamboo.jpg","Organization Product BreadcrumbList","23","no","no"
"/tienda/reloj-portaboligrafos-cork/","producto","47627","Reloj Portaboligrafos Cork Personalizado con Logo | Promocionales J&J | Promocionales J&J","Reloj Portaboligrafos Cork","https://promocionalesjj.co/tienda/reloj-portaboligrafos-cork/","","Reloj Portaboligrafos Cork personalizado con tu logo en Colombia. Ideal para regalos corporativos con entrega en Bogotá, Medellín, Cali, Barranquilla y Bucaramanga","https://promocionalesjj.co/img/productos/reloj-portaboligrafos-cork.jpg","Organization Product BreadcrumbList","23","no","no"
"/tienda/reloj-wall-bamboo/","producto","47148","Reloj Wall Bamboo Personalizado con Logo | Promocionales J&J | Promocionales J&J","Reloj Wall Bamboo","https://promocionalesjj.co/tienda/reloj-wall-bamboo/","","Reloj Wall Bamboo personalizado con tu logo en Colombia. Ideal para regalos corporativos con entrega en Bogotá, Medellín, Cali, Barranquilla y Bucaramanga. Cotiza","https://promocionalesjj.co/img/productos/reloj-wall-bamboo.jpg","Organization Product BreadcrumbList","23","si","no"
"/tienda/resaltador-de-cera-fiona/","producto","47296","Resaltador De Cera Fiona Personalizado con Logo | Promocionales J&J | Promocionales J&J","Resaltador De Cera Fiona","https://promocionalesjj.co/tienda/resaltador-de-cera-fiona/","","Resaltador De Cera Fiona personalizado con tu logo en Colombia. Ideal para regalos corporativos con entrega en Bogotá, Medellín, Cali, Barranquilla y Bucaramanga","https://promocionalesjj.co/img/productos/resaltador-de-cera-fiona.jpg","Organization Product BreadcrumbList","22","no","no"
"/tienda/resaltador-de-cera-seren/","producto","47255","Resaltador De Cera Seren Personalizado con Logo | Promocionales J&J | Promocionales J&J","Resaltador De Cera Seren","https://promocionalesjj.co/tienda/resaltador-de-cera-seren/","","Resaltador De Cera Seren personalizado con tu logo en Colombia. Ideal para regalos corporativos con entrega en Bogotá, Medellín, Cali, Barranquilla y Bucaramanga","https://promocionalesjj.co/img/productos/_placeholder-jj.svg","Organization Product BreadcrumbList","22","no","no"
"/tienda/resaltador-en-cera-adam/","producto","47313","Resaltador En Cera Adam Personalizado con Logo | Promocionales J&J | Promocionales J&J","Resaltador En Cera Adam","https://promocionalesjj.co/tienda/resaltador-en-cera-adam/","","Resaltador En Cera Adam personalizado con tu logo en Colombia. Ideal para regalos corporativos con entrega en Bogotá, Medellín, Cali, Barranquilla y Bucaramanga","https://promocionalesjj.co/img/productos/resaltador-en-cera-adam.jpg","Organization Product BreadcrumbList","22","no","no"
"/tienda/resaltador-jeringa/","producto","47166","Resaltador Jeringa Personalizado con Logo | Promocionales J&J | Promocionales J&J","Resaltador Jeringa","https://promocionalesjj.co/tienda/resaltador-jeringa/","","Resaltador Jeringa personalizado con tu logo en Colombia. Ideal para regalos corporativos con entrega en Bogotá, Medellín, Cali, Barranquilla y Bucaramanga. Cotiza","https://promocionalesjj.co/img/productos/resaltador-jeringa.jpg","Organization Product BreadcrumbList","22","no","no"
"/tienda/resaltador-jeringa-of-739/","producto","47142","Resaltador Jeringa Personalizado con Logo | Promocionales J&J | Promocionales J&J","Resaltador Jeringa","https://promocionalesjj.co/tienda/resaltador-jeringa-of-739/","","Resaltador Jeringa personalizado con tu logo en Colombia. Ideal para regalos corporativos con entrega en Bogotá, Medellín, Cali, Barranquilla y Bucaramanga. Cotiza","https://promocionalesjj.co/img/productos/_placeholder-jj.svg","Organization Product BreadcrumbList","22","no","no"
"/tienda/resaltador-magico-de-cera-triangulo/","producto","47626","Resaltador Magico De Cera Triangulo Personalizado con Logo | Promocionales J&J","Resaltador Magico De Cera Triangulo","https://promocionalesjj.co/tienda/resaltador-magico-de-cera-triangulo/","","Resaltador Magico De Cera Triangulo personalizado con tu logo en Colombia. Ideal para regalos corporativos con entrega en Bogotá, Medellín, Cali, Barranquilla y","https://promocionalesjj.co/img/productos/resaltador-magico-de-cera-triangulo.jpg","Organization Product BreadcrumbList","22","no","no"
"/tienda/resaltador-magico-en-cera/","producto","47347","Resaltador Magico En Cera Personalizado con Logo | Promocionales J&J | Promocionales J&J","Resaltador Magico En Cera","https://promocionalesjj.co/tienda/resaltador-magico-en-cera/","","Resaltador Magico En Cera personalizado con tu logo en Colombia. Ideal para regalos corporativos con entrega en Bogotá, Medellín, Cali, Barranquilla y Bucaramanga","https://promocionalesjj.co/img/productos/resaltador-magico-en-cera.jpg","Organization Product BreadcrumbList","22","no","no"
"/tienda/resaltador-magico-en-cera-flower-4-colores/","producto","47949","Resaltador Magico En Cera Flower - 4 Colores Personalizado con Logo | Promocionales J&J","Resaltador Magico En Cera Flower - 4 Colores","https://promocionalesjj.co/tienda/resaltador-magico-en-cera-flower-4-colores/","","Resaltador Magico En Cera Flower - 4 Colores personalizado con tu logo en Colombia. Ideal para regalos corporativos con entrega en Bogotá, Medellín, Cali","https://promocionalesjj.co/img/productos/resaltador-magico-en-cera-flower-4-colores.jpg","Organization Product BreadcrumbList","22","no","no"
"/tienda/resaltador-raff-rpet/","producto","47340","Resaltador Raff Rpet Personalizado con Logo | Promocionales J&J | Promocionales J&J","Resaltador Raff Rpet","https://promocionalesjj.co/tienda/resaltador-raff-rpet/","","Resaltador Raff Rpet personalizado con tu logo en Colombia. Ideal para regalos corporativos con entrega en Bogotá, Medellín, Cali, Barranquilla y Bucaramanga","https://promocionalesjj.co/img/productos/resaltador-raff-rpet.jpg","Organization Product BreadcrumbList","22","no","no"
"/tienda/resaltador-raff-rpet-ii/","producto","47421","Resaltador Raff Rpet Ii Personalizado con Logo | Promocionales J&J | Promocionales J&J","Resaltador Raff Rpet Ii","https://promocionalesjj.co/tienda/resaltador-raff-rpet-ii/","","Resaltador Raff Rpet Ii personalizado con tu logo en Colombia. Ideal para regalos corporativos con entrega en Bogotá, Medellín, Cali, Barranquilla y Bucaramanga","https://promocionalesjj.co/img/productos/resaltador-raff-rpet-ii.jpg","Organization Product BreadcrumbList","22","no","no"
"/tienda/resaltador-relaxy/","producto","47211","Resaltador Relaxy Personalizado con Logo | Promocionales J&J | Promocionales J&J","Resaltador Relaxy","https://promocionalesjj.co/tienda/resaltador-relaxy/","","Resaltador Relaxy personalizado con tu logo en Colombia. Ideal para regalos corporativos con entrega en Bogotá, Medellín, Cali, Barranquilla y Bucaramanga. Cotiza","https://promocionalesjj.co/img/productos/resaltador-relaxy.jpg","Organization Product BreadcrumbList","22","no","no"
"/tienda/resaltador-round-eco/","producto","47256","Resaltador Round Eco Personalizado con Logo | Promocionales J&J | Promocionales J&J","Resaltador Round Eco","https://promocionalesjj.co/tienda/resaltador-round-eco/","","Resaltador Round Eco personalizado con tu logo en Colombia. Ideal para regalos corporativos con entrega en Bogotá, Medellín, Cali, Barranquilla y Bucaramanga","https://promocionalesjj.co/img/productos/resaltador-round-eco.jpg","Organization Product BreadcrumbList","22","no","no"
"/tienda/resaltador-triangulo-eco-nuevo/","producto","47731","Resaltador Triangulo Eco Nuevo Personalizado con Logo | Promocionales J&J","Resaltador Triangulo Eco Nuevo","https://promocionalesjj.co/tienda/resaltador-triangulo-eco-nuevo/","","Resaltador Triangulo Eco Nuevo personalizado con tu logo en Colombia. Ideal para regalos corporativos con entrega en Bogotá, Medellín, Cali, Barranquilla y","https://promocionalesjj.co/img/productos/resaltador-triangulo-eco-nuevo.jpg","Organization Product BreadcrumbList","22","no","no"
"/tienda/resaltador-triple/","producto","47163","Resaltador Triple Personalizado con Logo | Promocionales J&J | Promocionales J&J","Resaltador Triple","https://promocionalesjj.co/tienda/resaltador-triple/","","Resaltador Triple personalizado con tu logo en Colombia. Ideal para regalos corporativos con entrega en Bogotá, Medellín, Cali, Barranquilla y Bucaramanga. Cotiza","https://promocionalesjj.co/img/productos/resaltador-triple.jpg","Organization Product BreadcrumbList","22","no","no"
"/tienda/resaltador-winston/","producto","47638","Resaltador Winston Personalizado con Logo | Promocionales J&J | Promocionales J&J","Resaltador Winston","https://promocionalesjj.co/tienda/resaltador-winston/","","Resaltador Winston personalizado con tu logo en Colombia. Ideal para regalos corporativos con entrega en Bogotá, Medellín, Cali, Barranquilla y Bucaramanga. Cotiza","https://promocionalesjj.co/img/productos/resaltador-winston.jpg","Organization Product BreadcrumbList","22","no","no"
"/tienda/roller-nimbus/","producto","47023","Roller Nimbus Personalizado con Logo | Promocionales J&J | Promocionales J&J","Roller Nimbus","https://promocionalesjj.co/tienda/roller-nimbus/","","Roller Nimbus personalizado con tu logo en Colombia. Ideal para regalos corporativos con entrega en Bogotá, Medellín, Cali, Barranquilla y Bucaramanga. Cotiza al","https://promocionalesjj.co/img/productos/_placeholder-jj.svg","Organization Product BreadcrumbList","22","no","no"
"/tienda/set-alter-boligrafo-y-portaminas/","producto","47649","Set Alter Boligrafo Y Portaminas Personalizado con Logo | Promocionales J&J","Set Alter Boligrafo Y Portaminas","https://promocionalesjj.co/tienda/set-alter-boligrafo-y-portaminas/","","Set Alter Boligrafo Y Portaminas personalizado con tu logo en Colombia. Ideal para regalos corporativos con entrega en Bogotá, Medellín, Cali, Barranquilla y","https://promocionalesjj.co/img/productos/set-alter-boligrafo-y-portaminas.jpg","Organization Product BreadcrumbList","22","no","no"
"/tienda/set-bbq-bamboo/","producto","47257","Set Bbq Bamboo Personalizado con Logo | Promocionales J&J | Promocionales J&J","Set Bbq Bamboo","https://promocionalesjj.co/tienda/set-bbq-bamboo/","","Set Bbq Bamboo personalizado con tu logo en Colombia. Ideal para regalos corporativos con entrega en Bogotá, Medellín, Cali, Barranquilla y Bucaramanga. Cotiza al","https://promocionalesjj.co/img/productos/set-bbq-bamboo.jpg","Organization Product BreadcrumbList","23","si","no"
"/tienda/set-boligrafo-y-portaminas-bamboo/","producto","47768","Set Boligrafo Y Portaminas Bamboo Personalizado con Logo | Promocionales J&J","Set Boligrafo Y Portaminas Bamboo","https://promocionalesjj.co/tienda/set-boligrafo-y-portaminas-bamboo/","","Set Boligrafo Y Portaminas Bamboo personalizado con tu logo en Colombia. Ideal para regalos corporativos con entrega en Bogotá, Medellín, Cali, Barranquilla y","https://promocionalesjj.co/img/productos/set-boligrafo-y-portaminas-bamboo.jpg","Organization Product BreadcrumbList","22","no","no"
"/tienda/set-boligrafo-y-portaminas-dakota-eco/","producto","47824","Set Boligrafo Y Portaminas Dakota Eco Personalizado con Logo | Promocionales J&J","Set Boligrafo Y Portaminas Dakota Eco","https://promocionalesjj.co/tienda/set-boligrafo-y-portaminas-dakota-eco/","","Set Boligrafo Y Portaminas Dakota Eco personalizado con tu logo en Colombia. Ideal para regalos corporativos con entrega en Bogotá, Medellín, Cali, Barranquilla y","https://promocionalesjj.co/img/productos/set-boligrafo-y-portaminas-dakota-eco.jpg","Organization Product BreadcrumbList","22","no","no"
"/tienda/set-carlson-eco/","producto","47296","Set Carlson Eco Personalizado con Logo | Promocionales J&J | Promocionales J&J","Set Carlson Eco","https://promocionalesjj.co/tienda/set-carlson-eco/","","Set Carlson Eco personalizado con tu logo en Colombia. Ideal para regalos corporativos con entrega en Bogotá, Medellín, Cali, Barranquilla y Bucaramanga. Cotiza al","https://promocionalesjj.co/img/productos/set-carlson-eco.jpg","Organization Product BreadcrumbList","23","no","no"
"/tienda/set-cyrus-eco/","producto","47293","Set Cyrus Eco Personalizado con Logo | Promocionales J&J | Promocionales J&J","Set Cyrus Eco","https://promocionalesjj.co/tienda/set-cyrus-eco/","","Set Cyrus Eco personalizado con tu logo en Colombia. Ideal para regalos corporativos con entrega en Bogotá, Medellín, Cali, Barranquilla y Bucaramanga. Cotiza al","https://promocionalesjj.co/img/productos/set-cyrus-eco.jpg","Organization Product BreadcrumbList","22","no","no"
"/tienda/set-de-12-colores-eco-kraft/","producto","47594","Set De 12 Colores Eco Kraft Personalizado con Logo | Promocionales J&J | Promocionales J&J","Set De 12 Colores Eco Kraft","https://promocionalesjj.co/tienda/set-de-12-colores-eco-kraft/","","Set De 12 Colores Eco Kraft personalizado con tu logo en Colombia. Ideal para regalos corporativos con entrega en Bogotá, Medellín, Cali, Barranquilla y","https://promocionalesjj.co/img/productos/set-de-12-colores-eco-kraft.jpg","Organization Product BreadcrumbList","23","no","no"
"/tienda/set-de-2-utensilios-para-queso-book/","producto","45775","Set De 2 Utensilios Para Queso Book - Personalizado con Logo | Promocionales J&J","Set De 2 Utensilios Para Queso Book -","https://promocionalesjj.co/tienda/set-de-2-utensilios-para-queso-book/","","Set De 2 Utensilios Para Queso Book - personalizado con tu logo en Colombia. Ideal para regalos corporativos con entrega en Bogotá, Medellín, Cali, Barranquilla y","https://promocionalesjj.co/img/productos/set-de-2-utensilios-para-queso-book.jpg","Organization Product BreadcrumbList","22","si","no"
"/tienda/set-de-bandas-elasticas/","producto","47209","Set De Bandas Elasticas - Personalizado con Logo | Promocionales J&J | Promocionales J&J","Set De Bandas Elasticas -","https://promocionalesjj.co/tienda/set-de-bandas-elasticas/","","Set De Bandas Elasticas - personalizado con tu logo en Colombia. Ideal para regalos corporativos con entrega en Bogotá, Medellín, Cali, Barranquilla y Bucaramanga","https://promocionalesjj.co/img/productos/set-de-bandas-elasticas.jpg","Organization Product BreadcrumbList","23","si","no"
"/tienda/set-de-bar-benson/","producto","47198","Set De Bar Benson Personalizado con Logo | Promocionales J&J | Promocionales J&J","Set De Bar Benson","https://promocionalesjj.co/tienda/set-de-bar-benson/","","Set De Bar Benson personalizado con tu logo en Colombia. Ideal para regalos corporativos con entrega en Bogotá, Medellín, Cali, Barranquilla y Bucaramanga. Cotiza","https://promocionalesjj.co/img/productos/set-de-bar-benson.jpg","Organization Product BreadcrumbList","23","si","no"
"/tienda/set-de-bar-martini/","producto","47140","Set De Bar Martini Personalizado con Logo | Promocionales J&J | Promocionales J&J","Set De Bar Martini","https://promocionalesjj.co/tienda/set-de-bar-martini/","","Set De Bar Martini personalizado con tu logo en Colombia. Ideal para regalos corporativos con entrega en Bogotá, Medellín, Cali, Barranquilla y Bucaramanga. Cotiza","https://promocionalesjj.co/img/productos/set-de-bar-martini.jpg","Organization Product BreadcrumbList","23","si","no"
"/tienda/set-de-bar-y-portavino-cork/","producto","47418","Set De Bar Y Portavino Cork Personalizado con Logo | Promocionales J&J | Promocionales J&J","Set De Bar Y Portavino Cork","https://promocionalesjj.co/tienda/set-de-bar-y-portavino-cork/","","Set De Bar Y Portavino Cork personalizado con tu logo en Colombia. Ideal para regalos corporativos con entrega en Bogotá, Medellín, Cali, Barranquilla y","https://promocionalesjj.co/img/productos/set-de-bar-y-portavino-cork.jpg","Organization Product BreadcrumbList","23","si","no"
"/tienda/set-de-bar-y-portavino-ii/","producto","47488","Set De Bar Y Portavino Ii Personalizado con Logo | Promocionales J&J | Promocionales J&J","Set De Bar Y Portavino Ii","https://promocionalesjj.co/tienda/set-de-bar-y-portavino-ii/","","Set De Bar Y Portavino Ii personalizado con tu logo en Colombia. Ideal para regalos corporativos con entrega en Bogotá, Medellín, Cali, Barranquilla y Bucaramanga","https://promocionalesjj.co/img/productos/set-de-bar-y-portavino-ii.jpg","Organization Product BreadcrumbList","23","si","no"
"/tienda/set-de-boligrafo-y-portaminas-leland-cork/","producto","48137","Set De Bolígrafo Y Portaminas Leland Cork Personalizado con Logo | Promocionales J&J","Set De Bolígrafo Y Portaminas Leland Cork","https://promocionalesjj.co/tienda/set-de-boligrafo-y-portaminas-leland-cork/","","Set De Bolígrafo Y Portaminas Leland Cork personalizado con tu logo en Colombia. Ideal para regalos corporativos con entrega en Bogotá, Medellín, Cali, Barranquilla","https://promocionalesjj.co/img/productos/set-de-boligrafo-y-portaminas-leland-cork.jpg","Organization Product BreadcrumbList","22","no","no"
"/tienda/set-de-boligrafo-y-portaminas-stanley/","producto","47948","Set De Boligrafo Y Portaminas Stanley Personalizado con Logo | Promocionales J&J","Set De Boligrafo Y Portaminas Stanley","https://promocionalesjj.co/tienda/set-de-boligrafo-y-portaminas-stanley/","","Set De Boligrafo Y Portaminas Stanley personalizado con tu logo en Colombia. Ideal para regalos corporativos con entrega en Bogotá, Medellín, Cali, Barranquilla y","https://promocionalesjj.co/img/productos/set-de-boligrafo-y-portaminas-stanley.jpg","Organization Product BreadcrumbList","22","no","no"
"/tienda/set-de-boligrafos-baltimore-vinga-eco/","producto","47980","Set De Boligrafos Baltimore Vinga Eco Personalizado con Logo | Promocionales J&J","Set De Boligrafos Baltimore Vinga Eco","https://promocionalesjj.co/tienda/set-de-boligrafos-baltimore-vinga-eco/","","Set De Boligrafos Baltimore Vinga Eco personalizado con tu logo en Colombia. Ideal para regalos corporativos con entrega en Bogotá, Medellín, Cali, Barranquilla y","https://promocionalesjj.co/img/productos/set-de-boligrafos-baltimore-vinga-eco.jpg","Organization Product BreadcrumbList","22","si","no"
"/tienda/set-de-boligrafos-cork/","producto","47450","Set De Boligrafos Cork Personalizado con Logo | Promocionales J&J | Promocionales J&J","Set De Boligrafos Cork","https://promocionalesjj.co/tienda/set-de-boligrafos-cork/","","Set De Boligrafos Cork personalizado con tu logo en Colombia. Ideal para regalos corporativos con entrega en Bogotá, Medellín, Cali, Barranquilla y Bucaramanga","https://promocionalesjj.co/img/productos/set-de-boligrafos-cork.jpg","Organization Product BreadcrumbList","22","no","no"
"/tienda/set-de-boligrafos-emblem/","producto","47512","Set De Boligrafos Emblem Personalizado con Logo | Promocionales J&J | Promocionales J&J","Set De Boligrafos Emblem","https://promocionalesjj.co/tienda/set-de-boligrafos-emblem/","","Set De Boligrafos Emblem personalizado con tu logo en Colombia. Ideal para regalos corporativos con entrega en Bogotá, Medellín, Cali, Barranquilla y Bucaramanga","https://promocionalesjj.co/img/productos/set-de-boligrafos-emblem.jpg","Organization Product BreadcrumbList","22","no","no"
"/tienda/set-de-boligrafos-flock/","producto","47830","Set De Boligrafos Flock Personalizado con Logo | Promocionales J&J | Promocionales J&J","Set De Boligrafos Flock","https://promocionalesjj.co/tienda/set-de-boligrafos-flock/","","Set De Boligrafos Flock personalizado con tu logo en Colombia. Ideal para regalos corporativos con entrega en Bogotá, Medellín, Cali, Barranquilla y Bucaramanga","https://promocionalesjj.co/img/productos/set-de-boligrafos-flock.jpg","Organization Product BreadcrumbList","22","si","no"
"/tienda/set-de-boligrafos-swisspeak-luzern/","producto","47827","Set De Boligrafos Swisspeak Luzern Personalizado con Logo | Promocionales J&J","Set De Boligrafos Swisspeak Luzern","https://promocionalesjj.co/tienda/set-de-boligrafos-swisspeak-luzern/","","Set De Boligrafos Swisspeak Luzern personalizado con tu logo en Colombia. Ideal para regalos corporativos con entrega en Bogotá, Medellín, Cali, Barranquilla y","https://promocionalesjj.co/img/productos/set-de-boligrafos-swisspeak-luzern.jpg","Organization Product BreadcrumbList","22","no","no"
"/tienda/set-de-boligrafos-vector/","producto","47644","Set De Boligrafos Vector Personalizado con Logo | Promocionales J&J | Promocionales J&J","Set De Boligrafos Vector","https://promocionalesjj.co/tienda/set-de-boligrafos-vector/","","Set De Boligrafos Vector personalizado con tu logo en Colombia. Ideal para regalos corporativos con entrega en Bogotá, Medellín, Cali, Barranquilla y Bucaramanga","https://promocionalesjj.co/img/productos/set-de-boligrafos-vector.jpg","Organization Product BreadcrumbList","22","no","no"
"/tienda/set-de-bomba-de-vacio/","producto","47280","Set De Bomba De Vacio Personalizado con Logo | Promocionales J&J | Promocionales J&J","Set De Bomba De Vacio","https://promocionalesjj.co/tienda/set-de-bomba-de-vacio/","","Set De Bomba De Vacio personalizado con tu logo en Colombia. Ideal para regalos corporativos con entrega en Bogotá, Medellín, Cali, Barranquilla y Bucaramanga","https://promocionalesjj.co/img/productos/set-de-bomba-de-vacio.jpg","Organization Product BreadcrumbList","23","si","no"
"/tienda/set-de-brochas-cayden/","producto","47432","Set De Brochas Cayden Personalizado con Logo | Promocionales J&J | Promocionales J&J","Set De Brochas Cayden","https://promocionalesjj.co/tienda/set-de-brochas-cayden/","","Set De Brochas Cayden personalizado con tu logo en Colombia. Ideal para regalos corporativos con entrega en Bogotá, Medellín, Cali, Barranquilla y Bucaramanga","https://promocionalesjj.co/img/productos/set-de-brochas-cayden.jpg","Organization Product BreadcrumbList","23","no","no"
"/tienda/set-de-cafe-eco/","producto","47503","Set De Cafe Eco Personalizado con Logo | Promocionales J&J | Promocionales J&J","Set De Cafe Eco","https://promocionalesjj.co/tienda/set-de-cafe-eco/","","Set De Cafe Eco personalizado con tu logo en Colombia. Ideal para regalos corporativos con entrega en Bogotá, Medellín, Cali, Barranquilla y Bucaramanga. Cotiza al","https://promocionalesjj.co/img/productos/set-de-cafe-eco.jpg","Organization Product BreadcrumbList","22","no","no"
"/tienda/set-de-carro-universal-ii/","producto","35759","Set De Carro Universal Ii Personalizado con Logo | Promocionales J&J | Promocionales J&J","Set De Carro Universal Ii","https://promocionalesjj.co/tienda/set-de-carro-universal-ii/","","Set De Carro Universal Ii personalizado con tu logo en Colombia. Ideal para regalos corporativos con entrega en Bogotá, Medellín, Cali, Barranquilla y Bucaramanga","https://promocionalesjj.co/img/productos/set-de-carro-universal-ii.jpg","Organization Product BreadcrumbList","19","si","no"
"/tienda/set-de-cartas-eco/","producto","47300","Set De Cartas Eco Personalizado con Logo | Promocionales J&J | Promocionales J&J","Set De Cartas Eco","https://promocionalesjj.co/tienda/set-de-cartas-eco/","","Set De Cartas Eco personalizado con tu logo en Colombia. Ideal para regalos corporativos con entrega en Bogotá, Medellín, Cali, Barranquilla y Bucaramanga. Cotiza","https://promocionalesjj.co/img/productos/set-de-cartas-eco.jpg","Organization Product BreadcrumbList","23","no","no"
"/tienda/set-de-clips-cork/","producto","47404","Set De Clips Cork Personalizado con Logo | Promocionales J&J | Promocionales J&J","Set De Clips Cork","https://promocionalesjj.co/tienda/set-de-clips-cork/","","Set De Clips Cork personalizado con tu logo en Colombia. Ideal para regalos corporativos con entrega en Bogotá, Medellín, Cali, Barranquilla y Bucaramanga. Cotiza","https://promocionalesjj.co/img/productos/set-de-clips-cork.jpg","Organization Product BreadcrumbList","23","no","no"
"/tienda/set-de-cocina-trattoria/","producto","47678","Set De Cocina Trattoria Personalizado con Logo | Promocionales J&J | Promocionales J&J","Set De Cocina Trattoria","https://promocionalesjj.co/tienda/set-de-cocina-trattoria/","","Set De Cocina Trattoria personalizado con tu logo en Colombia. Ideal para regalos corporativos con entrega en Bogotá, Medellín, Cali, Barranquilla y Bucaramanga","https://promocionalesjj.co/img/productos/set-de-cocina-trattoria.jpg","Organization Product BreadcrumbList","23","no","no"
"/tienda/set-de-colores-cartoon/","producto","47700","Set De Colores Cartoon Personalizado con Logo | Promocionales J&J | Promocionales J&J","Set De Colores Cartoon","https://promocionalesjj.co/tienda/set-de-colores-cartoon/","","Set De Colores Cartoon personalizado con tu logo en Colombia. Ideal para regalos corporativos con entrega en Bogotá, Medellín, Cali, Barranquilla y Bucaramanga","https://promocionalesjj.co/img/productos/_placeholder-jj.svg","Organization Product BreadcrumbList","23","no","no"
"/tienda/set-de-colores-figgy/","producto","47428","Set De Colores Figgy Personalizado con Logo | Promocionales J&J | Promocionales J&J","Set De Colores Figgy","https://promocionalesjj.co/tienda/set-de-colores-figgy/","","Set De Colores Figgy personalizado con tu logo en Colombia. Ideal para regalos corporativos con entrega en Bogotá, Medellín, Cali, Barranquilla y Bucaramanga","https://promocionalesjj.co/img/productos/set-de-colores-figgy.jpg","Organization Product BreadcrumbList","22","no","no"
"/tienda/set-de-colores-smile/","producto","47375","Set De Colores Smile Personalizado con Logo | Promocionales J&J | Promocionales J&J","Set De Colores Smile","https://promocionalesjj.co/tienda/set-de-colores-smile/","","Set De Colores Smile personalizado con tu logo en Colombia. Ideal para regalos corporativos con entrega en Bogotá, Medellín, Cali, Barranquilla y Bucaramanga","https://promocionalesjj.co/img/productos/_placeholder-jj.svg","Organization Product BreadcrumbList","22","no","no"
"/tienda/set-de-colores-x-6/","producto","47556","Set De Colores X 6 Personalizado con Logo | Promocionales J&J | Promocionales J&J","Set De Colores X 6","https://promocionalesjj.co/tienda/set-de-colores-x-6/","","Set De Colores X 6 personalizado con tu logo en Colombia. Ideal para regalos corporativos con entrega en Bogotá, Medellín, Cali, Barranquilla y Bucaramanga. Cotiza","https://promocionalesjj.co/img/productos/_placeholder-jj.svg","Organization Product BreadcrumbList","23","no","no"
"/tienda/set-de-colores-y-crayolas-gavino/","producto","47674","Set De Colores Y Crayolas Gavino Personalizado con Logo | Promocionales J&J","Set De Colores Y Crayolas Gavino","https://promocionalesjj.co/tienda/set-de-colores-y-crayolas-gavino/","","Set De Colores Y Crayolas Gavino personalizado con tu logo en Colombia. Ideal para regalos corporativos con entrega en Bogotá, Medellín, Cali, Barranquilla y","https://promocionalesjj.co/img/productos/set-de-colores-y-crayolas-gavino.jpg","Organization Product BreadcrumbList","23","no","no"
"/tienda/set-de-crayolas-infant/","producto","47578","Set De Crayolas Infant Personalizado con Logo | Promocionales J&J | Promocionales J&J","Set De Crayolas Infant","https://promocionalesjj.co/tienda/set-de-crayolas-infant/","","Set De Crayolas Infant personalizado con tu logo en Colombia. Ideal para regalos corporativos con entrega en Bogotá, Medellín, Cali, Barranquilla y Bucaramanga","https://promocionalesjj.co/img/productos/set-de-crayolas-infant.jpg","Organization Product BreadcrumbList","22","no","no"
"/tienda/set-de-crayolas-x-6/","producto","47693","Set De Crayolas X 6 Personalizado con Logo | Promocionales J&J | Promocionales J&J","Set De Crayolas X 6","https://promocionalesjj.co/tienda/set-de-crayolas-x-6/","","Set De Crayolas X 6 personalizado con tu logo en Colombia. Ideal para regalos corporativos con entrega en Bogotá, Medellín, Cali, Barranquilla y Bucaramanga. Cotiza","https://promocionalesjj.co/img/productos/_placeholder-jj.svg","Organization Product BreadcrumbList","22","no","no"
"/tienda/set-de-cubiertos-bamboo/","producto","47654","Set De Cubiertos Bamboo Personalizado con Logo | Promocionales J&J | Promocionales J&J","Set De Cubiertos Bamboo","https://promocionalesjj.co/tienda/set-de-cubiertos-bamboo/","","Set De Cubiertos Bamboo personalizado con tu logo en Colombia. Ideal para regalos corporativos con entrega en Bogotá, Medellín, Cali, Barranquilla y Bucaramanga","https://promocionalesjj.co/img/productos/set-de-cubiertos-bamboo.jpg","Organization Product BreadcrumbList","23","no","no"
"/tienda/set-de-cubiertos-camping/","producto","47465","Set De Cubiertos Camping Personalizado con Logo | Promocionales J&J | Promocionales J&J","Set De Cubiertos Camping","https://promocionalesjj.co/tienda/set-de-cubiertos-camping/","","Set De Cubiertos Camping personalizado con tu logo en Colombia. Ideal para regalos corporativos con entrega en Bogotá, Medellín, Cali, Barranquilla y Bucaramanga","https://promocionalesjj.co/img/productos/set-de-cubiertos-camping.jpg","Organization Product BreadcrumbList","23","no","no"
"/tienda/set-de-cubiertos-craft/","producto","47620","Set De Cubiertos Craft Personalizado con Logo | Promocionales J&J | Promocionales J&J","Set De Cubiertos Craft","https://promocionalesjj.co/tienda/set-de-cubiertos-craft/","","Set De Cubiertos Craft personalizado con tu logo en Colombia. Ideal para regalos corporativos con entrega en Bogotá, Medellín, Cali, Barranquilla y Bucaramanga","https://promocionalesjj.co/img/productos/_placeholder-jj.svg","Organization Product BreadcrumbList","23","no","no"
"/tienda/set-de-cubiertos-dimitri/","producto","47457","Set De Cubiertos Dimitri Personalizado con Logo | Promocionales J&J | Promocionales J&J","Set De Cubiertos Dimitri","https://promocionalesjj.co/tienda/set-de-cubiertos-dimitri/","","Set De Cubiertos Dimitri personalizado con tu logo en Colombia. Ideal para regalos corporativos con entrega en Bogotá, Medellín, Cali, Barranquilla y Bucaramanga","https://promocionalesjj.co/img/productos/set-de-cubiertos-dimitri.jpg","Organization Product BreadcrumbList","23","no","no"
"/tienda/set-de-cubiertos-natura-eco/","producto","47758","Set De Cubiertos Natura Eco Personalizado con Logo | Promocionales J&J | Promocionales J&J","Set De Cubiertos Natura Eco","https://promocionalesjj.co/tienda/set-de-cubiertos-natura-eco/","","Set De Cubiertos Natura Eco personalizado con tu logo en Colombia. Ideal para regalos corporativos con entrega en Bogotá, Medellín, Cali, Barranquilla y","https://promocionalesjj.co/img/productos/set-de-cubiertos-natura-eco.jpg","Organization Product BreadcrumbList","23","no","no"
"/tienda/set-de-destornilladores-con-luz-car/","producto","47709","Set De Destornilladores Con Luz Car Personalizado con Logo | Promocionales J&J","Set De Destornilladores Con Luz Car","https://promocionalesjj.co/tienda/set-de-destornilladores-con-luz-car/","","Set De Destornilladores Con Luz Car personalizado con tu logo en Colombia. Ideal para regalos corporativos con entrega en Bogotá, Medellín, Cali, Barranquilla y","https://promocionalesjj.co/img/productos/set-de-destornilladores-con-luz-car.jpg","Organization Product BreadcrumbList","23","si","no"
"/tienda/set-de-destornilladores-diplo/","producto","47461","Set De Destornilladores Diplo Personalizado con Logo | Promocionales J&J","Set De Destornilladores Diplo","https://promocionalesjj.co/tienda/set-de-destornilladores-diplo/","","Set De Destornilladores Diplo personalizado con tu logo en Colombia. Ideal para regalos corporativos con entrega en Bogotá, Medellín, Cali, Barranquilla y","https://promocionalesjj.co/img/productos/set-de-destornilladores-diplo.jpg","Organization Product BreadcrumbList","23","no","no"
"/tienda/set-de-destornilladores-everest/","producto","47519","Set De Destornilladores Everest Personalizado con Logo | Promocionales J&J","Set De Destornilladores Everest","https://promocionalesjj.co/tienda/set-de-destornilladores-everest/","","Set De Destornilladores Everest personalizado con tu logo en Colombia. Ideal para regalos corporativos con entrega en Bogotá, Medellín, Cali, Barranquilla y","https://promocionalesjj.co/img/productos/set-de-destornilladores-everest.jpg","Organization Product BreadcrumbList","23","si","no"
"/tienda/set-de-destornilladores-home/","producto","47478","Set De Destornilladores Home Personalizado con Logo | Promocionales J&J","Set De Destornilladores Home","https://promocionalesjj.co/tienda/set-de-destornilladores-home/","","Set De Destornilladores Home personalizado con tu logo en Colombia. Ideal para regalos corporativos con entrega en Bogotá, Medellín, Cali, Barranquilla y","https://promocionalesjj.co/img/productos/set-de-destornilladores-home.jpg","Organization Product BreadcrumbList","23","no","no"
"/tienda/set-de-destornilladores-paddle/","producto","47476","Set De Destornilladores Paddle Personalizado con Logo | Promocionales J&J","Set De Destornilladores Paddle","https://promocionalesjj.co/tienda/set-de-destornilladores-paddle/","","Set De Destornilladores Paddle personalizado con tu logo en Colombia. Ideal para regalos corporativos con entrega en Bogotá, Medellín, Cali, Barranquilla y","https://promocionalesjj.co/img/productos/set-de-destornilladores-paddle.jpg","Organization Product BreadcrumbList","23","no","no"
"/tienda/set-de-destornilladores-pen-con-linterna-led/","producto","48070","Set De Destornilladores Pen Con Linterna Led Personalizado con Logo | Promocionales J&J","Set De Destornilladores Pen Con Linterna Led","https://promocionalesjj.co/tienda/set-de-destornilladores-pen-con-linterna-led/","","Set De Destornilladores Pen Con Linterna Led personalizado con tu logo en Colombia. Ideal para regalos corporativos con entrega en Bogotá, Medellín, Cali","https://promocionalesjj.co/img/productos/set-de-destornilladores-pen-con-linterna-led.jpg","Organization Product BreadcrumbList","23","no","no"
"/tienda/set-de-destornilladores-pistol/","producto","47576","Set De Destornilladores Pistol Personalizado con Logo | Promocionales J&J","Set De Destornilladores Pistol","https://promocionalesjj.co/tienda/set-de-destornilladores-pistol/","","Set De Destornilladores Pistol personalizado con tu logo en Colombia. Ideal para regalos corporativos con entrega en Bogotá, Medellín, Cali, Barranquilla y","https://promocionalesjj.co/img/productos/set-de-destornilladores-pistol.jpg","Organization Product BreadcrumbList","23","no","no"
"/tienda/set-de-destornilladores-triangular/","producto","47748","Set De Destornilladores Triangular Personalizado con Logo | Promocionales J&J","Set De Destornilladores Triangular","https://promocionalesjj.co/tienda/set-de-destornilladores-triangular/","","Set De Destornilladores Triangular personalizado con tu logo en Colombia. Ideal para regalos corporativos con entrega en Bogotá, Medellín, Cali, Barranquilla y","https://promocionalesjj.co/img/productos/set-de-destornilladores-triangular.jpg","Organization Product BreadcrumbList","23","no","no"
"/tienda/set-de-escritorio-cotton/","producto","47792","Set De Escritorio Cotton Personalizado con Logo | Promocionales J&J | Promocionales J&J","Set De Escritorio Cotton","https://promocionalesjj.co/tienda/set-de-escritorio-cotton/","","Set De Escritorio Cotton personalizado con tu logo en Colombia. Ideal para regalos corporativos con entrega en Bogotá, Medellín, Cali, Barranquilla y Bucaramanga","https://promocionalesjj.co/img/productos/set-de-escritorio-cotton.jpg","Organization Product BreadcrumbList","22","no","no"
"/tienda/set-de-escritorio-lynx-eco/","producto","47755","Set De Escritorio Lynx Eco Personalizado con Logo | Promocionales J&J | Promocionales J&J","Set De Escritorio Lynx Eco","https://promocionalesjj.co/tienda/set-de-escritorio-lynx-eco/","","Set De Escritorio Lynx Eco personalizado con tu logo en Colombia. Ideal para regalos corporativos con entrega en Bogotá, Medellín, Cali, Barranquilla y Bucaramanga","https://promocionalesjj.co/img/productos/set-de-escritorio-lynx-eco.jpg","Organization Product BreadcrumbList","23","no","no"
"/tienda/set-de-escritorio-sticky-calendar/","producto","48141","Set De Escritorio Sticky Calendar Personalizado con Logo | Promocionales J&J","Set De Escritorio Sticky Calendar","https://promocionalesjj.co/tienda/set-de-escritorio-sticky-calendar/","","Set De Escritorio Sticky Calendar personalizado con tu logo en Colombia. Ideal para regalos corporativos con entrega en Bogotá, Medellín, Cali, Barranquilla y","https://promocionalesjj.co/img/productos/set-de-escritorio-sticky-calendar.jpg","Organization Product BreadcrumbList","23","no","no"
"/tienda/set-de-herramientas-alutool/","producto","47454","Set De Herramientas Alutool Personalizado con Logo | Promocionales J&J | Promocionales J&J","Set De Herramientas Alutool","https://promocionalesjj.co/tienda/set-de-herramientas-alutool/","","Set De Herramientas Alutool personalizado con tu logo en Colombia. Ideal para regalos corporativos con entrega en Bogotá, Medellín, Cali, Barranquilla y","https://promocionalesjj.co/img/productos/set-de-herramientas-alutool.jpg","Organization Product BreadcrumbList","23","no","no"
"/tienda/set-de-herramientas-apache/","producto","47731","Set De Herramientas Apache Personalizado con Logo | Promocionales J&J | Promocionales J&J","Set De Herramientas Apache","https://promocionalesjj.co/tienda/set-de-herramientas-apache/","","Set De Herramientas Apache personalizado con tu logo en Colombia. Ideal para regalos corporativos con entrega en Bogotá, Medellín, Cali, Barranquilla y Bucaramanga","https://promocionalesjj.co/img/productos/set-de-herramientas-apache.jpg","Organization Product BreadcrumbList","23","si","no"
"/tienda/set-de-herramientas-bamboo/","producto","47631","Set De Herramientas Bamboo Personalizado con Logo | Promocionales J&J | Promocionales J&J","Set De Herramientas Bamboo","https://promocionalesjj.co/tienda/set-de-herramientas-bamboo/","","Set De Herramientas Bamboo personalizado con tu logo en Colombia. Ideal para regalos corporativos con entrega en Bogotá, Medellín, Cali, Barranquilla y Bucaramanga","https://promocionalesjj.co/img/productos/set-de-herramientas-bamboo.jpg","Organization Product BreadcrumbList","23","no","no"
"/tienda/set-de-herramientas-big-tire/","producto","47386","Set De Herramientas Big Tire Personalizado con Logo | Promocionales J&J","Set De Herramientas Big Tire","https://promocionalesjj.co/tienda/set-de-herramientas-big-tire/","","Set De Herramientas Big Tire personalizado con tu logo en Colombia. Ideal para regalos corporativos con entrega en Bogotá, Medellín, Cali, Barranquilla y","https://promocionalesjj.co/img/productos/set-de-herramientas-big-tire.jpg","Organization Product BreadcrumbList","23","si","no"
"/tienda/set-de-herramientas-blackburn-ii/","producto","47650","Set De Herramientas Blackburn Ii Personalizado con Logo | Promocionales J&J","Set De Herramientas Blackburn Ii","https://promocionalesjj.co/tienda/set-de-herramientas-blackburn-ii/","","Set De Herramientas Blackburn Ii personalizado con tu logo en Colombia. Ideal para regalos corporativos con entrega en Bogotá, Medellín, Cali, Barranquilla y","https://promocionalesjj.co/img/productos/set-de-herramientas-blackburn-ii.jpg","Organization Product BreadcrumbList","23","si","no"
"/tienda/set-de-herramientas-bottle-bike/","producto","47758","Set De Herramientas Bottle Bike Personalizado con Logo | Promocionales J&J","Set De Herramientas Bottle Bike","https://promocionalesjj.co/tienda/set-de-herramientas-bottle-bike/","","Set De Herramientas Bottle Bike personalizado con tu logo en Colombia. Ideal para regalos corporativos con entrega en Bogotá, Medellín, Cali, Barranquilla y","https://promocionalesjj.co/img/productos/set-de-herramientas-bottle-bike.jpg","Organization Product BreadcrumbList","23","si","no"
"/tienda/set-de-herramientas-con-lampara-led/","producto","47919","Set De Herramientas Con Lampara Led Personalizado con Logo | Promocionales J&J","Set De Herramientas Con Lampara Led","https://promocionalesjj.co/tienda/set-de-herramientas-con-lampara-led/","","Set De Herramientas Con Lampara Led personalizado con tu logo en Colombia. Ideal para regalos corporativos con entrega en Bogotá, Medellín, Cali, Barranquilla y","https://promocionalesjj.co/img/productos/set-de-herramientas-con-lampara-led.jpg","Organization Product BreadcrumbList","23","si","no"
"/tienda/set-de-herramientas-cork/","producto","47521","Set De Herramientas Cork Personalizado con Logo | Promocionales J&J | Promocionales J&J","Set De Herramientas Cork","https://promocionalesjj.co/tienda/set-de-herramientas-cork/","","Set De Herramientas Cork personalizado con tu logo en Colombia. Ideal para regalos corporativos con entrega en Bogotá, Medellín, Cali, Barranquilla y Bucaramanga","https://promocionalesjj.co/img/productos/set-de-herramientas-cork.jpg","Organization Product BreadcrumbList","23","no","no"
"/tienda/set-de-herramientas-en-madera/","producto","47633","Set De Herramientas En Madera Personalizado con Logo | Promocionales J&J","Set De Herramientas En Madera","https://promocionalesjj.co/tienda/set-de-herramientas-en-madera/","","Set De Herramientas En Madera personalizado con tu logo en Colombia. Ideal para regalos corporativos con entrega en Bogotá, Medellín, Cali, Barranquilla y","https://promocionalesjj.co/img/productos/set-de-herramientas-en-madera.jpg","Organization Product BreadcrumbList","23","si","no"
"/tienda/set-de-herramientas-hammer/","producto","47514","Set De Herramientas Hammer Personalizado con Logo | Promocionales J&J | Promocionales J&J","Set De Herramientas Hammer","https://promocionalesjj.co/tienda/set-de-herramientas-hammer/","","Set De Herramientas Hammer personalizado con tu logo en Colombia. Ideal para regalos corporativos con entrega en Bogotá, Medellín, Cali, Barranquilla y Bucaramanga","https://promocionalesjj.co/img/productos/set-de-herramientas-hammer.jpg","Organization Product BreadcrumbList","23","si","no"
"/tienda/set-de-herramientas-handle/","producto","47619","Set De Herramientas Handle Personalizado con Logo | Promocionales J&J | Promocionales J&J","Set De Herramientas Handle","https://promocionalesjj.co/tienda/set-de-herramientas-handle/","","Set De Herramientas Handle personalizado con tu logo en Colombia. Ideal para regalos corporativos con entrega en Bogotá, Medellín, Cali, Barranquilla y Bucaramanga","https://promocionalesjj.co/img/productos/set-de-herramientas-handle.jpg","Organization Product BreadcrumbList","23","si","no"
"/tienda/set-de-herramientas-lantern/","producto","47614","Set De Herramientas Lantern Personalizado con Logo | Promocionales J&J | Promocionales J&J","Set De Herramientas Lantern","https://promocionalesjj.co/tienda/set-de-herramientas-lantern/","","Set De Herramientas Lantern personalizado con tu logo en Colombia. Ideal para regalos corporativos con entrega en Bogotá, Medellín, Cali, Barranquilla y","https://promocionalesjj.co/img/productos/set-de-herramientas-lantern.jpg","Organization Product BreadcrumbList","23","si","no"
"/tienda/set-de-herramientas-maxton/","producto","47587","Set De Herramientas Maxton Personalizado con Logo | Promocionales J&J | Promocionales J&J","Set De Herramientas Maxton","https://promocionalesjj.co/tienda/set-de-herramientas-maxton/","","Set De Herramientas Maxton personalizado con tu logo en Colombia. Ideal para regalos corporativos con entrega en Bogotá, Medellín, Cali, Barranquilla y Bucaramanga","https://promocionalesjj.co/img/productos/set-de-herramientas-maxton.jpg","Organization Product BreadcrumbList","23","no","no"
"/tienda/set-de-herramientas-motobike/","producto","47490","Set De Herramientas Motobike Personalizado con Logo | Promocionales J&J","Set De Herramientas Motobike","https://promocionalesjj.co/tienda/set-de-herramientas-motobike/","","Set De Herramientas Motobike personalizado con tu logo en Colombia. Ideal para regalos corporativos con entrega en Bogotá, Medellín, Cali, Barranquilla y","https://promocionalesjj.co/img/productos/set-de-herramientas-motobike.jpg","Organization Product BreadcrumbList","23","si","no"
"/tienda/set-de-herramientas-mustang/","producto","47852","Set De Herramientas Mustang Personalizado con Logo | Promocionales J&J | Promocionales J&J","Set De Herramientas Mustang","https://promocionalesjj.co/tienda/set-de-herramientas-mustang/","","Set De Herramientas Mustang personalizado con tu logo en Colombia. Ideal para regalos corporativos con entrega en Bogotá, Medellín, Cali, Barranquilla y","https://promocionalesjj.co/img/productos/set-de-herramientas-mustang.jpg","Organization Product BreadcrumbList","23","si","no"
"/tienda/set-de-herramientas-neumatic/","producto","47382","Set De Herramientas Neumatic Personalizado con Logo | Promocionales J&J","Set De Herramientas Neumatic","https://promocionalesjj.co/tienda/set-de-herramientas-neumatic/","","Set De Herramientas Neumatic personalizado con tu logo en Colombia. Ideal para regalos corporativos con entrega en Bogotá, Medellín, Cali, Barranquilla y","https://promocionalesjj.co/img/productos/set-de-herramientas-neumatic.jpg","Organization Product BreadcrumbList","23","si","no"
"/tienda/set-de-herramientas-robust/","producto","47630","Set De Herramientas Robust Personalizado con Logo | Promocionales J&J | Promocionales J&J","Set De Herramientas Robust","https://promocionalesjj.co/tienda/set-de-herramientas-robust/","","Set De Herramientas Robust personalizado con tu logo en Colombia. Ideal para regalos corporativos con entrega en Bogotá, Medellín, Cali, Barranquilla y Bucaramanga","https://promocionalesjj.co/img/productos/set-de-herramientas-robust.jpg","Organization Product BreadcrumbList","23","si","no"
"/tienda/set-de-herramientas-saxon/","producto","47536","Set De Herramientas Saxon Personalizado con Logo | Promocionales J&J | Promocionales J&J","Set De Herramientas Saxon","https://promocionalesjj.co/tienda/set-de-herramientas-saxon/","","Set De Herramientas Saxon personalizado con tu logo en Colombia. Ideal para regalos corporativos con entrega en Bogotá, Medellín, Cali, Barranquilla y Bucaramanga","https://promocionalesjj.co/img/productos/set-de-herramientas-saxon.jpg","Organization Product BreadcrumbList","23","si","no"
"/tienda/set-de-herramientas-scout/","producto","47664","Set De Herramientas Scout Personalizado con Logo | Promocionales J&J | Promocionales J&J","Set De Herramientas Scout","https://promocionalesjj.co/tienda/set-de-herramientas-scout/","","Set De Herramientas Scout personalizado con tu logo en Colombia. Ideal para regalos corporativos con entrega en Bogotá, Medellín, Cali, Barranquilla y Bucaramanga","https://promocionalesjj.co/img/productos/set-de-herramientas-scout.jpg","Organization Product BreadcrumbList","23","si","no"
"/tienda/set-de-herramientas-speed/","producto","47516","Set De Herramientas Speed Personalizado con Logo | Promocionales J&J | Promocionales J&J","Set De Herramientas Speed","https://promocionalesjj.co/tienda/set-de-herramientas-speed/","","Set De Herramientas Speed personalizado con tu logo en Colombia. Ideal para regalos corporativos con entrega en Bogotá, Medellín, Cali, Barranquilla y Bucaramanga","https://promocionalesjj.co/img/productos/set-de-herramientas-speed.jpg","Organization Product BreadcrumbList","23","si","no"
"/tienda/set-de-herramientas-truck/","producto","47562","Set De Herramientas Truck Personalizado con Logo | Promocionales J&J | Promocionales J&J","Set De Herramientas Truck","https://promocionalesjj.co/tienda/set-de-herramientas-truck/","","Set De Herramientas Truck personalizado con tu logo en Colombia. Ideal para regalos corporativos con entrega en Bogotá, Medellín, Cali, Barranquilla y Bucaramanga","https://promocionalesjj.co/img/productos/_placeholder-jj.svg","Organization Product BreadcrumbList","23","si","no"
"/tienda/set-de-juego-chessman/","producto","47320","Set De Juego Chessman Personalizado con Logo | Promocionales J&J | Promocionales J&J","Set De Juego Chessman","https://promocionalesjj.co/tienda/set-de-juego-chessman/","","Set De Juego Chessman personalizado con tu logo en Colombia. Ideal para regalos corporativos con entrega en Bogotá, Medellín, Cali, Barranquilla y Bucaramanga","https://promocionalesjj.co/img/productos/set-de-juego-chessman.jpg","Organization Product BreadcrumbList","23","no","no"
"/tienda/set-de-juegos-genium/","producto","47533","Set De Juegos Genium Personalizado con Logo | Promocionales J&J | Promocionales J&J","Set De Juegos Genium","https://promocionalesjj.co/tienda/set-de-juegos-genium/","","Set De Juegos Genium personalizado con tu logo en Colombia. Ideal para regalos corporativos con entrega en Bogotá, Medellín, Cali, Barranquilla y Bucaramanga","https://promocionalesjj.co/img/productos/set-de-juegos-genium.jpg","Organization Product BreadcrumbList","23","no","no"
"/tienda/set-de-lapices-black/","producto","47297","Set De Lápices Black Personalizado con Logo | Promocionales J&J | Promocionales J&J","Set De Lápices Black","https://promocionalesjj.co/tienda/set-de-lapices-black/","","Set De Lápices Black personalizado con tu logo en Colombia. Ideal para regalos corporativos con entrega en Bogotá, Medellín, Cali, Barranquilla y Bucaramanga","https://promocionalesjj.co/img/productos/set-de-lapices-black.jpg","Organization Product BreadcrumbList","22","no","no"
"/tienda/set-de-licorera-con-juegos/","producto","47380","Set De Licorera Con Juegos Personalizado con Logo | Promocionales J&J | Promocionales J&J","Set De Licorera Con Juegos","https://promocionalesjj.co/tienda/set-de-licorera-con-juegos/","","Set De Licorera Con Juegos personalizado con tu logo en Colombia. Ideal para regalos corporativos con entrega en Bogotá, Medellín, Cali, Barranquilla y Bucaramanga","https://promocionalesjj.co/img/productos/set-de-licorera-con-juegos.jpg","Organization Product BreadcrumbList","23","si","no"
"/tienda/set-de-llavero-y-portatarjetas-ml-372/","producto","47581","Set De Llavero Y Portatarjetas Ml-372 - Personalizado con Logo | Promocionales J&J","Set De Llavero Y Portatarjetas Ml-372 -","https://promocionalesjj.co/tienda/set-de-llavero-y-portatarjetas-ml-372/","","Set De Llavero Y Portatarjetas Ml-372 - personalizado con tu logo en Colombia. Ideal para regalos corporativos con entrega en Bogotá, Medellín, Cali, Barranquilla y","https://promocionalesjj.co/img/productos/set-de-llavero-y-portatarjetas-ml-372.jpg","Organization Product BreadcrumbList","22","si","no"
"/tienda/set-de-manicure-zeldra/","producto","47419","Set De Manicure Zeldra Personalizado con Logo | Promocionales J&J | Promocionales J&J","Set De Manicure Zeldra","https://promocionalesjj.co/tienda/set-de-manicure-zeldra/","","Set De Manicure Zeldra personalizado con tu logo en Colombia. Ideal para regalos corporativos con entrega en Bogotá, Medellín, Cali, Barranquilla y Bucaramanga","https://promocionalesjj.co/img/productos/set-de-manicure-zeldra.jpg","Organization Product BreadcrumbList","23","no","no"
"/tienda/set-de-mini-destornilladores-con-nivelador/","producto","47956","Set De Mini Destornilladores Con Nivelador Personalizado con Logo | Promocionales J&J","Set De Mini Destornilladores Con Nivelador","https://promocionalesjj.co/tienda/set-de-mini-destornilladores-con-nivelador/","","Set De Mini Destornilladores Con Nivelador personalizado con tu logo en Colombia. Ideal para regalos corporativos con entrega en Bogotá, Medellín, Cali","https://promocionalesjj.co/img/productos/set-de-mini-destornilladores-con-nivelador.jpg","Organization Product BreadcrumbList","23","si","no"
"/tienda/set-de-portatarjetas-y-llavero-jack/","producto","47475","Set De Portatarjetas Y Llavero Jack Personalizado con Logo | Promocionales J&J","Set De Portatarjetas Y Llavero Jack","https://promocionalesjj.co/tienda/set-de-portatarjetas-y-llavero-jack/","","Set De Portatarjetas Y Llavero Jack personalizado con tu logo en Colombia. Ideal para regalos corporativos con entrega en Bogotá, Medellín, Cali, Barranquilla y","https://promocionalesjj.co/img/productos/set-de-portatarjetas-y-llavero-jack.jpg","Organization Product BreadcrumbList","22","si","no"
"/tienda/set-de-portavasos-cork/","producto","42812","Set De Portavasos Cork Personalizado con Logo | Promocionales J&J | Promocionales J&J","Set De Portavasos Cork","https://promocionalesjj.co/tienda/set-de-portavasos-cork/","","Set De Portavasos Cork personalizado con tu logo en Colombia. Ideal para regalos corporativos con entrega en Bogotá, Medellín, Cali, Barranquilla y Bucaramanga","https://promocionalesjj.co/img/productos/set-de-portavasos-cork.jpg","Organization Product BreadcrumbList","20","si","no"
"/tienda/set-de-queso-annika/","producto","47354","Set De Queso Annika Personalizado con Logo | Promocionales J&J | Promocionales J&J","Set De Queso Annika","https://promocionalesjj.co/tienda/set-de-queso-annika/","","Set De Queso Annika personalizado con tu logo en Colombia. Ideal para regalos corporativos con entrega en Bogotá, Medellín, Cali, Barranquilla y Bucaramanga. Cotiza","https://promocionalesjj.co/img/productos/set-de-queso-annika.jpg","Organization Product BreadcrumbList","23","no","no"
"/tienda/set-de-queso-beret/","producto","47407","Set De Queso Beret Personalizado con Logo | Promocionales J&J | Promocionales J&J","Set De Queso Beret","https://promocionalesjj.co/tienda/set-de-queso-beret/","","Set De Queso Beret personalizado con tu logo en Colombia. Ideal para regalos corporativos con entrega en Bogotá, Medellín, Cali, Barranquilla y Bucaramanga. Cotiza","https://promocionalesjj.co/img/productos/set-de-queso-beret.jpg","Organization Product BreadcrumbList","23","no","no"
"/tienda/set-de-queso-italy/","producto","47471","Set De Queso Italy Personalizado con Logo | Promocionales J&J | Promocionales J&J","Set De Queso Italy","https://promocionalesjj.co/tienda/set-de-queso-italy/","","Set De Queso Italy personalizado con tu logo en Colombia. Ideal para regalos corporativos con entrega en Bogotá, Medellín, Cali, Barranquilla y Bucaramanga. Cotiza","https://promocionalesjj.co/img/productos/set-de-queso-italy.jpg","Organization Product BreadcrumbList","23","no","no"
"/tienda/set-de-resaltadores-de-cera-trio/","producto","47581","Set De Resaltadores De Cera Trio Personalizado con Logo | Promocionales J&J","Set De Resaltadores De Cera Trio","https://promocionalesjj.co/tienda/set-de-resaltadores-de-cera-trio/","","Set De Resaltadores De Cera Trio personalizado con tu logo en Colombia. Ideal para regalos corporativos con entrega en Bogotá, Medellín, Cali, Barranquilla y","https://promocionalesjj.co/img/productos/set-de-resaltadores-de-cera-trio.jpg","Organization Product BreadcrumbList","22","no","no"
"/tienda/set-de-resaltadores-en-cera-quattro/","producto","47714","Set De Resaltadores En Cera Quattro Personalizado con Logo | Promocionales J&J","Set De Resaltadores En Cera Quattro","https://promocionalesjj.co/tienda/set-de-resaltadores-en-cera-quattro/","","Set De Resaltadores En Cera Quattro personalizado con tu logo en Colombia. Ideal para regalos corporativos con entrega en Bogotá, Medellín, Cali, Barranquilla y","https://promocionalesjj.co/img/productos/set-de-resaltadores-en-cera-quattro.jpg","Organization Product BreadcrumbList","22","no","no"
"/tienda/set-de-resaltadores-heart/","producto","47427","Set De Resaltadores Heart Personalizado con Logo | Promocionales J&J | Promocionales J&J","Set De Resaltadores Heart","https://promocionalesjj.co/tienda/set-de-resaltadores-heart/","","Set De Resaltadores Heart personalizado con tu logo en Colombia. Ideal para regalos corporativos con entrega en Bogotá, Medellín, Cali, Barranquilla y Bucaramanga","https://promocionalesjj.co/img/productos/set-de-resaltadores-heart.jpg","Organization Product BreadcrumbList","22","no","no"
"/tienda/set-de-resaltadores-luban/","producto","47439","Set De Resaltadores Luban Personalizado con Logo | Promocionales J&J | Promocionales J&J","Set De Resaltadores Luban","https://promocionalesjj.co/tienda/set-de-resaltadores-luban/","","Set De Resaltadores Luban personalizado con tu logo en Colombia. Ideal para regalos corporativos con entrega en Bogotá, Medellín, Cali, Barranquilla y Bucaramanga","https://promocionalesjj.co/img/productos/set-de-resaltadores-luban.jpg","Organization Product BreadcrumbList","22","no","no"
"/tienda/set-de-resaltadores-magicos-en-cera-flipper/","producto","48310","Set De Resaltadores Magicos En Cera Flipper Personalizado con Logo | Promocionales J&J","Set De Resaltadores Magicos En Cera Flipper","https://promocionalesjj.co/tienda/set-de-resaltadores-magicos-en-cera-flipper/","","Set De Resaltadores Magicos En Cera Flipper personalizado con tu logo en Colombia. Ideal para regalos corporativos con entrega en Bogotá, Medellín, Cali","https://promocionalesjj.co/img/productos/set-de-resaltadores-magicos-en-cera-flipper.jpg","Organization Product BreadcrumbList","22","no","no"
"/tienda/set-de-resaltadores-perseus/","producto","47537","Set De Resaltadores Perseus Personalizado con Logo | Promocionales J&J | Promocionales J&J","Set De Resaltadores Perseus","https://promocionalesjj.co/tienda/set-de-resaltadores-perseus/","","Set De Resaltadores Perseus personalizado con tu logo en Colombia. Ideal para regalos corporativos con entrega en Bogotá, Medellín, Cali, Barranquilla y","https://promocionalesjj.co/img/productos/set-de-resaltadores-perseus.jpg","Organization Product BreadcrumbList","22","no","no"
"/tienda/set-de-resaltadores-square/","producto","47390","Set De Resaltadores Square Personalizado con Logo | Promocionales J&J | Promocionales J&J","Set De Resaltadores Square","https://promocionalesjj.co/tienda/set-de-resaltadores-square/","","Set De Resaltadores Square personalizado con tu logo en Colombia. Ideal para regalos corporativos con entrega en Bogotá, Medellín, Cali, Barranquilla y Bucaramanga","https://promocionalesjj.co/img/productos/set-de-resaltadores-square.jpg","Organization Product BreadcrumbList","22","no","no"
"/tienda/set-de-resaltadores-trumix/","producto","47522","Set De Resaltadores Trumix Personalizado con Logo | Promocionales J&J | Promocionales J&J","Set De Resaltadores Trumix","https://promocionalesjj.co/tienda/set-de-resaltadores-trumix/","","Set De Resaltadores Trumix personalizado con tu logo en Colombia. Ideal para regalos corporativos con entrega en Bogotá, Medellín, Cali, Barranquilla y Bucaramanga","https://promocionalesjj.co/img/productos/set-de-resaltadores-trumix.jpg","Organization Product BreadcrumbList","22","no","no"
"/tienda/set-de-tablas-cuisine/","producto","45192","Set De Tablas Cuisine Personalizado con Logo | Promocionales J&J | Promocionales J&J","Set De Tablas Cuisine","https://promocionalesjj.co/tienda/set-de-tablas-cuisine/","","Set De Tablas Cuisine personalizado con tu logo en Colombia. Ideal para regalos corporativos con entrega en Bogotá, Medellín, Cali, Barranquilla y Bucaramanga","https://promocionalesjj.co/img/productos/set-de-tablas-cuisine.jpg","Organization Product BreadcrumbList","22","si","no"
"/tienda/set-de-trigo-eco/","producto","47550","Set De Trigo Eco Personalizado con Logo | Promocionales J&J | Promocionales J&J","Set De Trigo Eco","https://promocionalesjj.co/tienda/set-de-trigo-eco/","","Set De Trigo Eco personalizado con tu logo en Colombia. Ideal para regalos corporativos con entrega en Bogotá, Medellín, Cali, Barranquilla y Bucaramanga. Cotiza al","https://promocionalesjj.co/img/productos/set-de-trigo-eco.jpg","Organization Product BreadcrumbList","22","no","no"
"/tienda/set-de-vino-bonard/","producto","47427","Set De Vino Bonard Personalizado con Logo | Promocionales J&J | Promocionales J&J","Set De Vino Bonard","https://promocionalesjj.co/tienda/set-de-vino-bonard/","","Set De Vino Bonard personalizado con tu logo en Colombia. Ideal para regalos corporativos con entrega en Bogotá, Medellín, Cali, Barranquilla y Bucaramanga. Cotiza","https://promocionalesjj.co/img/productos/set-de-vino-bonard.jpg","Organization Product BreadcrumbList","23","si","no"
"/tienda/set-de-vino-bottle/","producto","47151","Set De Vino Bottle Personalizado con Logo | Promocionales J&J | Promocionales J&J","Set De Vino Bottle","https://promocionalesjj.co/tienda/set-de-vino-bottle/","","Set De Vino Bottle personalizado con tu logo en Colombia. Ideal para regalos corporativos con entrega en Bogotá, Medellín, Cali, Barranquilla y Bucaramanga. Cotiza","https://promocionalesjj.co/img/productos/set-de-vino-bottle.jpg","Organization Product BreadcrumbList","23","si","no"
"/tienda/set-de-vino-en-bambu-ii/","producto","47134","Set De Vino En Bambu Ii Personalizado con Logo | Promocionales J&J | Promocionales J&J","Set De Vino En Bambu Ii","https://promocionalesjj.co/tienda/set-de-vino-en-bambu-ii/","","Set De Vino En Bambu Ii personalizado con tu logo en Colombia. Ideal para regalos corporativos con entrega en Bogotá, Medellín, Cali, Barranquilla y Bucaramanga","https://promocionalesjj.co/img/productos/set-de-vino-en-bambu-ii.jpg","Organization Product BreadcrumbList","23","si","no"
"/tienda/set-de-vino-en-corcho-ii/","producto","47333","Set De Vino En Corcho Ii Personalizado con Logo | Promocionales J&J | Promocionales J&J","Set De Vino En Corcho Ii","https://promocionalesjj.co/tienda/set-de-vino-en-corcho-ii/","","Set De Vino En Corcho Ii personalizado con tu logo en Colombia. Ideal para regalos corporativos con entrega en Bogotá, Medellín, Cali, Barranquilla y Bucaramanga","https://promocionalesjj.co/img/productos/set-de-vino-en-corcho-ii.jpg","Organization Product BreadcrumbList","23","si","no"
"/tienda/set-de-vino-remy-ii/","producto","47150","Set De Vino Remy Ii Personalizado con Logo | Promocionales J&J | Promocionales J&J","Set De Vino Remy Ii","https://promocionalesjj.co/tienda/set-de-vino-remy-ii/","","Set De Vino Remy Ii personalizado con tu logo en Colombia. Ideal para regalos corporativos con entrega en Bogotá, Medellín, Cali, Barranquilla y Bucaramanga. Cotiza","https://promocionalesjj.co/img/productos/set-de-vino-remy-ii.jpg","Organization Product BreadcrumbList","23","si","no"
"/tienda/set-de-vino-sutton/","producto","47211","Set De Vino Sutton Personalizado con Logo | Promocionales J&J | Promocionales J&J","Set De Vino Sutton","https://promocionalesjj.co/tienda/set-de-vino-sutton/","","Set De Vino Sutton personalizado con tu logo en Colombia. Ideal para regalos corporativos con entrega en Bogotá, Medellín, Cali, Barranquilla y Bucaramanga. Cotiza","https://promocionalesjj.co/img/productos/set-de-vino-sutton.jpg","Organization Product BreadcrumbList","23","si","no"
"/tienda/set-dickens-boligrafo-y-portaminas/","producto","47421","Set Dickens Boligrafo Y Portaminas Personalizado con Logo | Promocionales J&J","Set Dickens Boligrafo Y Portaminas","https://promocionalesjj.co/tienda/set-dickens-boligrafo-y-portaminas/","","Set Dickens Boligrafo Y Portaminas personalizado con tu logo en Colombia. Ideal para regalos corporativos con entrega en Bogotá, Medellín, Cali, Barranquilla y","https://promocionalesjj.co/img/productos/set-dickens-boligrafo-y-portaminas.jpg","Organization Product BreadcrumbList","22","si","no"
"/tienda/set-dony/","producto","46909","Set Dony Personalizado con Logo | Promocionales J&J | Promocionales J&J","Set Dony","https://promocionalesjj.co/tienda/set-dony/","","Set Dony personalizado con tu logo en Colombia. Ideal para regalos corporativos con entrega en Bogotá, Medellín, Cali, Barranquilla y Bucaramanga. Cotiza al por","https://promocionalesjj.co/img/productos/_placeholder-jj.svg","Organization Product BreadcrumbList","22","no","no"
"/tienda/set-ecologico-denim/","producto","47606","Set Ecologico Denim Personalizado con Logo | Promocionales J&J | Promocionales J&J","Set Ecologico Denim","https://promocionalesjj.co/tienda/set-ecologico-denim/","","Set Ecologico Denim personalizado con tu logo en Colombia. Ideal para regalos corporativos con entrega en Bogotá, Medellín, Cali, Barranquilla y Bucaramanga. Cotiza","https://promocionalesjj.co/img/productos/set-ecologico-denim.jpg","Organization Product BreadcrumbList","23","no","no"
"/tienda/set-elegance-boligrafo-y-portaminas/","producto","47778","Set Elegance Boligrafo Y Portaminas Personalizado con Logo | Promocionales J&J","Set Elegance Boligrafo Y Portaminas","https://promocionalesjj.co/tienda/set-elegance-boligrafo-y-portaminas/","","Set Elegance Boligrafo Y Portaminas personalizado con tu logo en Colombia. Ideal para regalos corporativos con entrega en Bogotá, Medellín, Cali, Barranquilla y","https://promocionalesjj.co/img/productos/set-elegance-boligrafo-y-portaminas.jpg","Organization Product BreadcrumbList","22","no","no"
"/tienda/set-enfriador-de-vino-chill/","producto","47686","Set Enfriador De Vino Chill Personalizado con Logo | Promocionales J&J | Promocionales J&J","Set Enfriador De Vino Chill","https://promocionalesjj.co/tienda/set-enfriador-de-vino-chill/","","Set Enfriador De Vino Chill personalizado con tu logo en Colombia. Ideal para regalos corporativos con entrega en Bogotá, Medellín, Cali, Barranquilla y","https://promocionalesjj.co/img/productos/set-enfriador-de-vino-chill.jpg","Organization Product BreadcrumbList","23","si","no"
"/tienda/set-facial-wood-spa/","producto","47282","Set Facial Wood Spa Personalizado con Logo | Promocionales J&J | Promocionales J&J","Set Facial Wood Spa","https://promocionalesjj.co/tienda/set-facial-wood-spa/","","Set Facial Wood Spa personalizado con tu logo en Colombia. Ideal para regalos corporativos con entrega en Bogotá, Medellín, Cali, Barranquilla y Bucaramanga. Cotiza","https://promocionalesjj.co/img/productos/set-facial-wood-spa.jpg","Organization Product BreadcrumbList","23","no","no"
"/tienda/set-glim/","producto","46547","Set Glim Personalizado con Logo | Promocionales J&J | Promocionales J&J","Set Glim","https://promocionalesjj.co/tienda/set-glim/","","Set Glim personalizado con tu logo en Colombia. Ideal para regalos corporativos con entrega en Bogotá, Medellín, Cali, Barranquilla y Bucaramanga. Cotiza al por","https://promocionalesjj.co/img/productos/set-glim.jpg","Organization Product BreadcrumbList","23","si","no"
"/tienda/set-goblet-eco-nuevo/","producto","48329","Set Goblet Eco Nuevo Personalizado con Logo | Promocionales J&J | Promocionales J&J","Set Goblet Eco Nuevo","https://promocionalesjj.co/tienda/set-goblet-eco-nuevo/","","Set Goblet Eco Nuevo personalizado con tu logo en Colombia. Ideal para regalos corporativos con entrega en Bogotá, Medellín, Cali, Barranquilla y Bucaramanga","https://promocionalesjj.co/img/productos/set-goblet-eco-nuevo.jpg","Organization Product BreadcrumbList","23","no","no"
"/tienda/set-jersey-antibacteriano/","producto","48088","Set Jersey Antibacteriano Personalizado con Logo | Promocionales J&J | Promocionales J&J","Set Jersey Antibacteriano","https://promocionalesjj.co/tienda/set-jersey-antibacteriano/","","Set Jersey Antibacteriano personalizado con tu logo en Colombia. Ideal para regalos corporativos con entrega en Bogotá, Medellín, Cali, Barranquilla y Bucaramanga","https://promocionalesjj.co/img/productos/set-jersey-antibacteriano.jpg","Organization Product BreadcrumbList","23","si","no"
"/tienda/set-jolt/","producto","47174","Set Jolt Personalizado con Logo | Promocionales J&J | Promocionales J&J","Set Jolt","https://promocionalesjj.co/tienda/set-jolt/","","Set Jolt personalizado con tu logo en Colombia. Ideal para regalos corporativos con entrega en Bogotá, Medellín, Cali, Barranquilla y Bucaramanga. Cotiza al por","https://promocionalesjj.co/img/productos/set-jolt.jpg","Organization Product BreadcrumbList","22","no","no"
"/tienda/set-kramer/","producto","47050","Set Kramer Personalizado con Logo | Promocionales J&J | Promocionales J&J","Set Kramer","https://promocionalesjj.co/tienda/set-kramer/","","Set Kramer personalizado con tu logo en Colombia. Ideal para regalos corporativos con entrega en Bogotá, Medellín, Cali, Barranquilla y Bucaramanga. Cotiza al por","https://promocionalesjj.co/img/productos/_placeholder-jj.svg","Organization Product BreadcrumbList","23","no","no"
"/tienda/set-licorera-malt/","producto","47048","Set Licorera Malt Personalizado con Logo | Promocionales J&J | Promocionales J&J","Set Licorera Malt","https://promocionalesjj.co/tienda/set-licorera-malt/","","Set Licorera Malt personalizado con tu logo en Colombia. Ideal para regalos corporativos con entrega en Bogotá, Medellín, Cali, Barranquilla y Bucaramanga. Cotiza","https://promocionalesjj.co/img/productos/set-licorera-malt.jpg","Organization Product BreadcrumbList","23","si","no"
"/tienda/set-manicure-cork/","producto","47408","Set Manicure Cork Personalizado con Logo | Promocionales J&J | Promocionales J&J","Set Manicure Cork","https://promocionalesjj.co/tienda/set-manicure-cork/","","Set Manicure Cork personalizado con tu logo en Colombia. Ideal para regalos corporativos con entrega en Bogotá, Medellín, Cali, Barranquilla y Bucaramanga. Cotiza","https://promocionalesjj.co/img/productos/set-manicure-cork.jpg","Organization Product BreadcrumbList","23","no","no"
"/tienda/set-memo-pad-eco/","producto","47451","Set Memo Pad Eco Personalizado con Logo | Promocionales J&J | Promocionales J&J","Set Memo Pad Eco","https://promocionalesjj.co/tienda/set-memo-pad-eco/","","Set Memo Pad Eco personalizado con tu logo en Colombia. Ideal para regalos corporativos con entrega en Bogotá, Medellín, Cali, Barranquilla y Bucaramanga. Cotiza al","https://promocionalesjj.co/img/productos/set-memo-pad-eco.jpg","Organization Product BreadcrumbList","23","no","no"
"/tienda/set-midas/","producto","47078","Set Midas Personalizado con Logo | Promocionales J&J | Promocionales J&J","Set Midas","https://promocionalesjj.co/tienda/set-midas/","","Set Midas personalizado con tu logo en Colombia. Ideal para regalos corporativos con entrega en Bogotá, Medellín, Cali, Barranquilla y Bucaramanga. Cotiza al por","https://promocionalesjj.co/img/productos/set-midas.jpg","Organization Product BreadcrumbList","23","no","no"
"/tienda/set-mini-resaltador-de-tinta/","producto","47745","Set Mini Resaltador De Tinta Personalizado con Logo | Promocionales J&J","Set Mini Resaltador De Tinta","https://promocionalesjj.co/tienda/set-mini-resaltador-de-tinta/","","Set Mini Resaltador De Tinta personalizado con tu logo en Colombia. Ideal para regalos corporativos con entrega en Bogotá, Medellín, Cali, Barranquilla y","https://promocionalesjj.co/img/productos/set-mini-resaltador-de-tinta.jpg","Organization Product BreadcrumbList","22","no","no"
"/tienda/set-mirror-eco/","producto","47041","Set Mirror Eco Personalizado con Logo | Promocionales J&J | Promocionales J&J","Set Mirror Eco","https://promocionalesjj.co/tienda/set-mirror-eco/","","Set Mirror Eco personalizado con tu logo en Colombia. Ideal para regalos corporativos con entrega en Bogotá, Medellín, Cali, Barranquilla y Bucaramanga. Cotiza al","https://promocionalesjj.co/img/productos/set-mirror-eco.jpg","Organization Product BreadcrumbList","23","no","no"
"/tienda/set-ml-383/","producto","47220","Set Ml-383 Personalizado con Logo | Promocionales J&J | Promocionales J&J","Set Ml-383","https://promocionalesjj.co/tienda/set-ml-383/","","Set Ml-383 personalizado con tu logo en Colombia. Ideal para regalos corporativos con entrega en Bogotá, Medellín, Cali, Barranquilla y Bucaramanga. Cotiza al por","https://promocionalesjj.co/img/productos/set-ml-383.jpg","Organization Product BreadcrumbList","22","si","no"
"/tienda/set-ml-383-ii/","producto","47451","Set Ml-383 Ii Personalizado con Logo | Promocionales J&J | Promocionales J&J","Set Ml-383 Ii","https://promocionalesjj.co/tienda/set-ml-383-ii/","","Set Ml-383 Ii personalizado con tu logo en Colombia. Ideal para regalos corporativos con entrega en Bogotá, Medellín, Cali, Barranquilla y Bucaramanga. Cotiza al","https://promocionalesjj.co/img/productos/_placeholder-jj.svg","Organization Product BreadcrumbList","22","si","no"
"/tienda/set-ml-391/","producto","47256","Set Ml-391 Personalizado con Logo | Promocionales J&J | Promocionales J&J","Set Ml-391","https://promocionalesjj.co/tienda/set-ml-391/","","Set Ml-391 personalizado con tu logo en Colombia. Ideal para regalos corporativos con entrega en Bogotá, Medellín, Cali, Barranquilla y Bucaramanga. Cotiza al por","https://promocionalesjj.co/img/productos/set-ml-391.jpg","Organization Product BreadcrumbList","22","no","no"
"/tienda/set-ml-398/","producto","47204","Set Ml-398 Personalizado con Logo | Promocionales J&J | Promocionales J&J","Set Ml-398","https://promocionalesjj.co/tienda/set-ml-398/","","Set Ml-398 personalizado con tu logo en Colombia. Ideal para regalos corporativos con entrega en Bogotá, Medellín, Cali, Barranquilla y Bucaramanga. Cotiza al por","https://promocionalesjj.co/img/productos/set-ml-398.jpg","Organization Product BreadcrumbList","22","no","no"
"/tienda/set-ml-421-rpet/","producto","47548","Set Ml-421 Rpet Personalizado con Logo | Promocionales J&J | Promocionales J&J","Set Ml-421 Rpet","https://promocionalesjj.co/tienda/set-ml-421-rpet/","","Set Ml-421 Rpet personalizado con tu logo en Colombia. Ideal para regalos corporativos con entrega en Bogotá, Medellín, Cali, Barranquilla y Bucaramanga. Cotiza al","https://promocionalesjj.co/img/productos/_placeholder-jj.svg","Organization Product BreadcrumbList","23","no","no"
"/tienda/set-ml-422-rpet/","producto","47295","Set Ml-422 Rpet Personalizado con Logo | Promocionales J&J | Promocionales J&J","Set Ml-422 Rpet","https://promocionalesjj.co/tienda/set-ml-422-rpet/","","Set Ml-422 Rpet personalizado con tu logo en Colombia. Ideal para regalos corporativos con entrega en Bogotá, Medellín, Cali, Barranquilla y Bucaramanga. Cotiza al","https://promocionalesjj.co/img/productos/_placeholder-jj.svg","Organization Product BreadcrumbList","22","no","no"
"/tienda/set-monarch/","producto","47055","Set Monarch Personalizado con Logo | Promocionales J&J | Promocionales J&J","Set Monarch","https://promocionalesjj.co/tienda/set-monarch/","","Set Monarch personalizado con tu logo en Colombia. Ideal para regalos corporativos con entrega en Bogotá, Medellín, Cali, Barranquilla y Bucaramanga. Cotiza al por","https://promocionalesjj.co/img/productos/set-monarch.jpg","Organization Product BreadcrumbList","22","si","no"
"/tienda/set-montgomery-boligrafo-y-roller/","producto","47407","Set Montgomery Boligrafo Y Roller Personalizado con Logo | Promocionales J&J","Set Montgomery Boligrafo Y Roller","https://promocionalesjj.co/tienda/set-montgomery-boligrafo-y-roller/","","Set Montgomery Boligrafo Y Roller personalizado con tu logo en Colombia. Ideal para regalos corporativos con entrega en Bogotá, Medellín, Cali, Barranquilla y","https://promocionalesjj.co/img/productos/set-montgomery-boligrafo-y-roller.jpg","Organization Product BreadcrumbList","22","si","no"
"/tienda/set-nebula/","producto","47570","Set Nébula Personalizado con Logo | Promocionales J&J | Promocionales J&J","Set Nébula","https://promocionalesjj.co/tienda/set-nebula/","","Set Nébula personalizado con tu logo en Colombia. Ideal para regalos corporativos con entrega en Bogotá, Medellín, Cali, Barranquilla y Bucaramanga. Cotiza al por","https://promocionalesjj.co/img/productos/set-nebula.jpg","Organization Product BreadcrumbList","23","si","no"
"/tienda/set-portavasos-bamboo-puzzle/","producto","42781","Set Portavasos Bamboo Puzzle Personalizado con Logo | Promocionales J&J","Set Portavasos Bamboo Puzzle","https://promocionalesjj.co/tienda/set-portavasos-bamboo-puzzle/","","Set Portavasos Bamboo Puzzle personalizado con tu logo en Colombia. Ideal para regalos corporativos con entrega en Bogotá, Medellín, Cali, Barranquilla y","https://promocionalesjj.co/img/productos/set-portavasos-bamboo-puzzle.jpg","Organization Product BreadcrumbList","20","si","no"
"/tienda/set-resaltador-fingers/","producto","47442","Set Resaltador Fingers Personalizado con Logo | Promocionales J&J | Promocionales J&J","Set Resaltador Fingers","https://promocionalesjj.co/tienda/set-resaltador-fingers/","","Set Resaltador Fingers personalizado con tu logo en Colombia. Ideal para regalos corporativos con entrega en Bogotá, Medellín, Cali, Barranquilla y Bucaramanga","https://promocionalesjj.co/img/productos/set-resaltador-fingers.jpg","Organization Product BreadcrumbList","22","no","no"
"/tienda/set-resaltador-fingers-ii-eco/","producto","47560","Set Resaltador Fingers Ii Eco Personalizado con Logo | Promocionales J&J","Set Resaltador Fingers Ii Eco","https://promocionalesjj.co/tienda/set-resaltador-fingers-ii-eco/","","Set Resaltador Fingers Ii Eco personalizado con tu logo en Colombia. Ideal para regalos corporativos con entrega en Bogotá, Medellín, Cali, Barranquilla y","https://promocionalesjj.co/img/productos/set-resaltador-fingers-ii-eco.jpg","Organization Product BreadcrumbList","22","no","no"
"/tienda/set-swiss-peak-deluxe/","producto","47519","Set Swiss Peak Deluxe Personalizado con Logo | Promocionales J&J | Promocionales J&J","Set Swiss Peak Deluxe","https://promocionalesjj.co/tienda/set-swiss-peak-deluxe/","","Set Swiss Peak Deluxe personalizado con tu logo en Colombia. Ideal para regalos corporativos con entrega en Bogotá, Medellín, Cali, Barranquilla y Bucaramanga","https://promocionalesjj.co/img/productos/set-swiss-peak-deluxe.jpg","Organization Product BreadcrumbList","22","si","no"
"/tienda/set-vera/","producto","46922","Set Vera Personalizado con Logo | Promocionales J&J | Promocionales J&J","Set Vera","https://promocionalesjj.co/tienda/set-vera/","","Set Vera personalizado con tu logo en Colombia. Ideal para regalos corporativos con entrega en Bogotá, Medellín, Cali, Barranquilla y Bucaramanga. Cotiza al por","https://promocionalesjj.co/img/productos/_placeholder-jj.svg","Organization Product BreadcrumbList","23","no","no"
"/tienda/skil/","producto","46984","Skil Personalizado con Logo | Promocionales J&J | Promocionales J&J","Skil","https://promocionalesjj.co/tienda/skil/","","Skil personalizado con tu logo en Colombia. Ideal para regalos corporativos con entrega en Bogotá, Medellín, Cali, Barranquilla y Bucaramanga. Cotiza al por mayor.","https://promocionalesjj.co/img/productos/skil.jpg","Organization Product BreadcrumbList","22","si","no"
"/tienda/smith/","producto","46949","Smith Personalizado con Logo | Promocionales J&J | Promocionales J&J","Smith","https://promocionalesjj.co/tienda/smith/","","Smith personalizado con tu logo en Colombia. Ideal para regalos corporativos con entrega en Bogotá, Medellín, Cali, Barranquilla y Bucaramanga. Cotiza al por mayor.","https://promocionalesjj.co/img/productos/_placeholder-jj.svg","Organization Product BreadcrumbList","22","no","no"
"/tienda/soporte-magnetico-para-moviles-bamboo/","producto","47877","Soporte Magnetico Para Moviles Bamboo Personalizado con Logo | Promocionales J&J","Soporte Magnetico Para Moviles Bamboo","https://promocionalesjj.co/tienda/soporte-magnetico-para-moviles-bamboo/","","Soporte Magnetico Para Moviles Bamboo personalizado con tu logo en Colombia. Ideal para regalos corporativos con entrega en Bogotá, Medellín, Cali, Barranquilla y","https://promocionalesjj.co/img/productos/soporte-magnetico-para-moviles-bamboo.jpg","Organization Product BreadcrumbList","23","no","no"
"/tienda/soporte-para-celular-note/","producto","47552","Soporte Para Celular Note Personalizado con Logo | Promocionales J&J | Promocionales J&J","Soporte Para Celular Note","https://promocionalesjj.co/tienda/soporte-para-celular-note/","","Soporte Para Celular Note personalizado con tu logo en Colombia. Ideal para regalos corporativos con entrega en Bogotá, Medellín, Cali, Barranquilla y Bucaramanga","https://promocionalesjj.co/img/productos/soporte-para-celular-note.jpg","Organization Product BreadcrumbList","23","no","no"
"/tienda/soporte-para-celular-pop-it/","producto","47158","Soporte Para Celular Pop It Personalizado con Logo | Promocionales J&J | Promocionales J&J","Soporte Para Celular Pop It","https://promocionalesjj.co/tienda/soporte-para-celular-pop-it/","","Soporte Para Celular Pop It personalizado con tu logo en Colombia. Ideal para regalos corporativos con entrega en Bogotá, Medellín, Cali, Barranquilla y","https://promocionalesjj.co/img/productos/_placeholder-jj.svg","Organization Product BreadcrumbList","23","si","no"
"/tienda/soporte-para-moviles-2-1-bamboo/","producto","47739","Soporte Para Moviles 2-1 Bamboo Personalizado con Logo | Promocionales J&J","Soporte Para Moviles 2-1 Bamboo","https://promocionalesjj.co/tienda/soporte-para-moviles-2-1-bamboo/","","Soporte Para Moviles 2-1 Bamboo personalizado con tu logo en Colombia. Ideal para regalos corporativos con entrega en Bogotá, Medellín, Cali, Barranquilla y","https://promocionalesjj.co/img/productos/soporte-para-moviles-2-1-bamboo.jpg","Organization Product BreadcrumbList","23","no","no"
"/tienda/soporte-para-moviles-antiestres/","producto","47499","Soporte Para Moviles Antiestres Personalizado con Logo | Promocionales J&J","Soporte Para Moviles Antiestres","https://promocionalesjj.co/tienda/soporte-para-moviles-antiestres/","","Soporte Para Moviles Antiestres personalizado con tu logo en Colombia. Ideal para regalos corporativos con entrega en Bogotá, Medellín, Cali, Barranquilla y","https://promocionalesjj.co/img/productos/soporte-para-moviles-antiestres.jpg","Organization Product BreadcrumbList","23","si","no"
"/tienda/soporte-para-moviles-eco-bamboo/","producto","47747","Soporte Para Moviles Eco Bamboo Personalizado con Logo | Promocionales J&J","Soporte Para Moviles Eco Bamboo","https://promocionalesjj.co/tienda/soporte-para-moviles-eco-bamboo/","","Soporte Para Moviles Eco Bamboo personalizado con tu logo en Colombia. Ideal para regalos corporativos con entrega en Bogotá, Medellín, Cali, Barranquilla y","https://promocionalesjj.co/img/productos/soporte-para-moviles-eco-bamboo.jpg","Organization Product BreadcrumbList","23","no","no"
"/tienda/soporte-para-moviles-ml-382/","producto","47477","Soporte Para Moviles Ml-382 - Personalizado con Logo | Promocionales J&J","Soporte Para Moviles Ml-382 -","https://promocionalesjj.co/tienda/soporte-para-moviles-ml-382/","","Soporte Para Moviles Ml-382 - personalizado con tu logo en Colombia. Ideal para regalos corporativos con entrega en Bogotá, Medellín, Cali, Barranquilla y","https://promocionalesjj.co/img/productos/soporte-para-moviles-ml-382.jpg","Organization Product BreadcrumbList","23","si","no"
"/tienda/soporte-para-moviles-nixon-bamboo/","producto","47945","Soporte Para Moviles Nixon Bamboo Personalizado con Logo | Promocionales J&J","Soporte Para Moviles Nixon Bamboo","https://promocionalesjj.co/tienda/soporte-para-moviles-nixon-bamboo/","","Soporte Para Moviles Nixon Bamboo personalizado con tu logo en Colombia. Ideal para regalos corporativos con entrega en Bogotá, Medellín, Cali, Barranquilla y","https://promocionalesjj.co/img/productos/soporte-para-moviles-nixon-bamboo.jpg","Organization Product BreadcrumbList","23","no","no"
"/tienda/soporte-para-moviles-pop/","producto","47713","Soporte Para Moviles Pop Personalizado con Logo | Promocionales J&J | Promocionales J&J","Soporte Para Moviles Pop","https://promocionalesjj.co/tienda/soporte-para-moviles-pop/","","Soporte Para Moviles Pop personalizado con tu logo en Colombia. Ideal para regalos corporativos con entrega en Bogotá, Medellín, Cali, Barranquilla y Bucaramanga","https://promocionalesjj.co/img/productos/soporte-para-moviles-pop.jpg","Organization Product BreadcrumbList","23","si","no"
"/tienda/soporte-para-moviles-pump-bamboo/","producto","47806","Soporte Para Moviles Pump Bamboo Personalizado con Logo | Promocionales J&J","Soporte Para Moviles Pump Bamboo","https://promocionalesjj.co/tienda/soporte-para-moviles-pump-bamboo/","","Soporte Para Moviles Pump Bamboo personalizado con tu logo en Colombia. Ideal para regalos corporativos con entrega en Bogotá, Medellín, Cali, Barranquilla y","https://promocionalesjj.co/img/productos/soporte-para-moviles-pump-bamboo.jpg","Organization Product BreadcrumbList","23","no","no"
"/tienda/soporte-para-moviles-tropic-bamboo/","producto","47857","Soporte Para Moviles Tropic Bamboo Personalizado con Logo | Promocionales J&J","Soporte Para Moviles Tropic Bamboo","https://promocionalesjj.co/tienda/soporte-para-moviles-tropic-bamboo/","","Soporte Para Moviles Tropic Bamboo personalizado con tu logo en Colombia. Ideal para regalos corporativos con entrega en Bogotá, Medellín, Cali, Barranquilla y","https://promocionalesjj.co/img/productos/_placeholder-jj.svg","Organization Product BreadcrumbList","23","no","no"
"/tienda/soporte-para-moviles-y-tablets-bamboo/","producto","47986","Soporte Para Móviles Y Tablets Bamboo Personalizado con Logo | Promocionales J&J","Soporte Para Móviles Y Tablets Bamboo","https://promocionalesjj.co/tienda/soporte-para-moviles-y-tablets-bamboo/","","Soporte Para Móviles Y Tablets Bamboo personalizado con tu logo en Colombia. Ideal para regalos corporativos con entrega en Bogotá, Medellín, Cali, Barranquilla y","https://promocionalesjj.co/img/productos/soporte-para-moviles-y-tablets-bamboo.jpg","Organization Product BreadcrumbList","23","no","no"
"/tienda/speaker-bluetooth-alden-eco/","producto","47714","Speaker Bluetooth Alden Eco Personalizado con Logo | Promocionales J&J | Promocionales J&J","Speaker Bluetooth Alden Eco","https://promocionalesjj.co/tienda/speaker-bluetooth-alden-eco/","","Speaker Bluetooth Alden Eco personalizado con tu logo en Colombia. Ideal para regalos corporativos con entrega en Bogotá, Medellín, Cali, Barranquilla y","https://promocionalesjj.co/img/productos/speaker-bluetooth-alden-eco.jpg","Organization Product BreadcrumbList","23","no","no"
"/tienda/speaker-bluetooth-artix-bamboo/","producto","47532","Speaker Bluetooth Artix Bamboo Personalizado con Logo | Promocionales J&J","Speaker Bluetooth Artix Bamboo","https://promocionalesjj.co/tienda/speaker-bluetooth-artix-bamboo/","","Speaker Bluetooth Artix Bamboo personalizado con tu logo en Colombia. Ideal para regalos corporativos con entrega en Bogotá, Medellín, Cali, Barranquilla y","https://promocionalesjj.co/img/productos/speaker-bluetooth-artix-bamboo.jpg","Organization Product BreadcrumbList","23","no","no"
"/tienda/speaker-bluetooth-bamboo-3-1/","producto","47566","Speaker Bluetooth Bamboo 3-1 Personalizado con Logo | Promocionales J&J","Speaker Bluetooth Bamboo 3-1","https://promocionalesjj.co/tienda/speaker-bluetooth-bamboo-3-1/","","Speaker Bluetooth Bamboo 3-1 personalizado con tu logo en Colombia. Ideal para regalos corporativos con entrega en Bogotá, Medellín, Cali, Barranquilla y","https://promocionalesjj.co/img/productos/speaker-bluetooth-bamboo-3-1.jpg","Organization Product BreadcrumbList","23","si","no"
"/tienda/speaker-bluetooth-bamboo-eco/","producto","47326","Speaker Bluetooth Bamboo Eco Personalizado con Logo | Promocionales J&J","Speaker Bluetooth Bamboo Eco","https://promocionalesjj.co/tienda/speaker-bluetooth-bamboo-eco/","","Speaker Bluetooth Bamboo Eco personalizado con tu logo en Colombia. Ideal para regalos corporativos con entrega en Bogotá, Medellín, Cali, Barranquilla y","https://promocionalesjj.co/img/productos/speaker-bluetooth-bamboo-eco.jpg","Organization Product BreadcrumbList","23","no","no"
"/tienda/speaker-bluetooth-barack-bamboo/","producto","48019","Speaker Bluetooth Barack Bamboo Personalizado con Logo | Promocionales J&J","Speaker Bluetooth Barack Bamboo","https://promocionalesjj.co/tienda/speaker-bluetooth-barack-bamboo/","","Speaker Bluetooth Barack Bamboo personalizado con tu logo en Colombia. Ideal para regalos corporativos con entrega en Bogotá, Medellín, Cali, Barranquilla y","https://promocionalesjj.co/img/productos/speaker-bluetooth-barack-bamboo.jpg","Organization Product BreadcrumbList","23","no","no"
"/tienda/speaker-bluetooth-clock-eco/","producto","47440","Speaker Bluetooth Clock Eco Personalizado con Logo | Promocionales J&J | Promocionales J&J","Speaker Bluetooth Clock Eco","https://promocionalesjj.co/tienda/speaker-bluetooth-clock-eco/","","Speaker Bluetooth Clock Eco personalizado con tu logo en Colombia. Ideal para regalos corporativos con entrega en Bogotá, Medellín, Cali, Barranquilla y","https://promocionalesjj.co/img/productos/speaker-bluetooth-clock-eco.jpg","Organization Product BreadcrumbList","23","si","no"
"/tienda/speaker-bluetooth-con-lampara/","producto","47513","Speaker Bluetooth Con Lampara Personalizado con Logo | Promocionales J&J","Speaker Bluetooth Con Lampara","https://promocionalesjj.co/tienda/speaker-bluetooth-con-lampara/","","Speaker Bluetooth Con Lampara personalizado con tu logo en Colombia. Ideal para regalos corporativos con entrega en Bogotá, Medellín, Cali, Barranquilla y","https://promocionalesjj.co/img/productos/speaker-bluetooth-con-lampara.jpg","Organization Product BreadcrumbList","23","si","no"
"/tienda/speaker-bluetooth-con-luz-emergency/","producto","47815","Speaker Bluetooth Con Luz Emergency Personalizado con Logo | Promocionales J&J","Speaker Bluetooth Con Luz Emergency","https://promocionalesjj.co/tienda/speaker-bluetooth-con-luz-emergency/","","Speaker Bluetooth Con Luz Emergency personalizado con tu logo en Colombia. Ideal para regalos corporativos con entrega en Bogotá, Medellín, Cali, Barranquilla y","https://promocionalesjj.co/img/productos/speaker-bluetooth-con-luz-emergency.jpg","Organization Product BreadcrumbList","23","no","no"
"/tienda/speaker-bluetooth-cyrus-cork/","producto","47818","Speaker Bluetooth Cyrus Cork Personalizado con Logo | Promocionales J&J","Speaker Bluetooth Cyrus Cork","https://promocionalesjj.co/tienda/speaker-bluetooth-cyrus-cork/","","Speaker Bluetooth Cyrus Cork personalizado con tu logo en Colombia. Ideal para regalos corporativos con entrega en Bogotá, Medellín, Cali, Barranquilla y","https://promocionalesjj.co/img/productos/speaker-bluetooth-cyrus-cork.jpg","Organization Product BreadcrumbList","23","no","no"
"/tienda/speaker-bluetooth-eco-cork/","producto","47759","Speaker Bluetooth Eco Cork Personalizado con Logo | Promocionales J&J | Promocionales J&J","Speaker Bluetooth Eco Cork","https://promocionalesjj.co/tienda/speaker-bluetooth-eco-cork/","","Speaker Bluetooth Eco Cork personalizado con tu logo en Colombia. Ideal para regalos corporativos con entrega en Bogotá, Medellín, Cali, Barranquilla y Bucaramanga","https://promocionalesjj.co/img/productos/speaker-bluetooth-eco-cork.jpg","Organization Product BreadcrumbList","23","no","no"
"/tienda/speaker-bluetooth-mack/","producto","47407","Speaker Bluetooth Mack Personalizado con Logo | Promocionales J&J | Promocionales J&J","Speaker Bluetooth Mack","https://promocionalesjj.co/tienda/speaker-bluetooth-mack/","","Speaker Bluetooth Mack personalizado con tu logo en Colombia. Ideal para regalos corporativos con entrega en Bogotá, Medellín, Cali, Barranquilla y Bucaramanga","https://promocionalesjj.co/img/productos/speaker-bluetooth-mack.jpg","Organization Product BreadcrumbList","23","si","no"
"/tienda/speaker-bluetooth-novark/","producto","48109","Speaker Bluetooth Novark Personalizado con Logo | Promocionales J&J | Promocionales J&J","Speaker Bluetooth Novark","https://promocionalesjj.co/tienda/speaker-bluetooth-novark/","","Speaker Bluetooth Novark personalizado con tu logo en Colombia. Ideal para regalos corporativos con entrega en Bogotá, Medellín, Cali, Barranquilla y Bucaramanga","https://promocionalesjj.co/img/productos/speaker-bluetooth-novark.jpg","Organization Product BreadcrumbList","23","no","no"
"/tienda/speaker-bluetooth-retro-bamboo/","producto","47724","Speaker Bluetooth Retro Bamboo Personalizado con Logo | Promocionales J&J","Speaker Bluetooth Retro Bamboo","https://promocionalesjj.co/tienda/speaker-bluetooth-retro-bamboo/","","Speaker Bluetooth Retro Bamboo personalizado con tu logo en Colombia. Ideal para regalos corporativos con entrega en Bogotá, Medellín, Cali, Barranquilla y","https://promocionalesjj.co/img/productos/speaker-bluetooth-retro-bamboo.jpg","Organization Product BreadcrumbList","23","si","no"
"/tienda/speaker-bluetooth-ringo-bamboo/","producto","47636","Speaker Bluetooth Ringo Bamboo Personalizado con Logo | Promocionales J&J","Speaker Bluetooth Ringo Bamboo","https://promocionalesjj.co/tienda/speaker-bluetooth-ringo-bamboo/","","Speaker Bluetooth Ringo Bamboo personalizado con tu logo en Colombia. Ideal para regalos corporativos con entrega en Bogotá, Medellín, Cali, Barranquilla y","https://promocionalesjj.co/img/productos/speaker-bluetooth-ringo-bamboo.jpg","Organization Product BreadcrumbList","23","no","no"
"/tienda/speaker-bluetooth-tanner-rpet/","producto","47553","Speaker Bluetooth Tanner Rpet Personalizado con Logo | Promocionales J&J","Speaker Bluetooth Tanner Rpet","https://promocionalesjj.co/tienda/speaker-bluetooth-tanner-rpet/","","Speaker Bluetooth Tanner Rpet personalizado con tu logo en Colombia. Ideal para regalos corporativos con entrega en Bogotá, Medellín, Cali, Barranquilla y","https://promocionalesjj.co/img/productos/speaker-bluetooth-tanner-rpet.jpg","Organization Product BreadcrumbList","23","no","no"
"/tienda/speaker-bluetooth-zip-cork/","producto","47575","Speaker Bluetooth Zip Cork Personalizado con Logo | Promocionales J&J | Promocionales J&J","Speaker Bluetooth Zip Cork","https://promocionalesjj.co/tienda/speaker-bluetooth-zip-cork/","","Speaker Bluetooth Zip Cork personalizado con tu logo en Colombia. Ideal para regalos corporativos con entrega en Bogotá, Medellín, Cali, Barranquilla y Bucaramanga","https://promocionalesjj.co/img/productos/speaker-bluetooth-zip-cork.jpg","Organization Product BreadcrumbList","23","no","no"
"/tienda/speaker-de-induccion-bamboo/","producto","47850","Speaker De Induccion Bamboo Personalizado con Logo | Promocionales J&J | Promocionales J&J","Speaker De Induccion Bamboo","https://promocionalesjj.co/tienda/speaker-de-induccion-bamboo/","","Speaker De Induccion Bamboo personalizado con tu logo en Colombia. Ideal para regalos corporativos con entrega en Bogotá, Medellín, Cali, Barranquilla y","https://promocionalesjj.co/img/productos/speaker-de-induccion-bamboo.jpg","Organization Product BreadcrumbList","23","si","no"
"/tienda/sporty-bag-cotton-180gr-ii/","producto","47378","Sporty Bag Cotton (180Gr) Ii Personalizado con Logo | Promocionales J&J","Sporty Bag Cotton (180Gr) Ii","https://promocionalesjj.co/tienda/sporty-bag-cotton-180gr-ii/","","Sporty Bag Cotton (180Gr) Ii personalizado con tu logo en Colombia. Ideal para regalos corporativos con entrega en Bogotá, Medellín, Cali, Barranquilla y","https://promocionalesjj.co/img/productos/sporty-bag-cotton-180gr-ii.jpg","Organization Product BreadcrumbList","23","no","no"
"/tienda/sporty-bag-eco-yute-280gr/","producto","47914","Sporty Bag Eco Yute (280Gr) Personalizado con Logo | Promocionales J&J | Promocionales J&J","Sporty Bag Eco Yute (280Gr)","https://promocionalesjj.co/tienda/sporty-bag-eco-yute-280gr/","","Sporty Bag Eco Yute (280Gr) personalizado con tu logo en Colombia. Ideal para regalos corporativos con entrega en Bogotá, Medellín, Cali, Barranquilla y","https://promocionalesjj.co/img/productos/sporty-bag-eco-yute-280gr.jpg","Organization Product BreadcrumbList","23","no","no"
"/tienda/sporty-bag-en-algodon-zetta-100gr/","producto","47708","Sporty Bag En Algodón Zetta (100Gr) Personalizado con Logo | Promocionales J&J","Sporty Bag En Algodón Zetta (100Gr)","https://promocionalesjj.co/tienda/sporty-bag-en-algodon-zetta-100gr/","","Sporty Bag En Algodón Zetta (100Gr) personalizado con tu logo en Colombia. Ideal para regalos corporativos con entrega en Bogotá, Medellín, Cali, Barranquilla y","https://promocionalesjj.co/img/productos/sporty-bag-en-algodon-zetta-100gr.jpg","Organization Product BreadcrumbList","23","no","no"
"/tienda/sporty-bag-en-algodon-zetta-140gr/","producto","47536","Sporty Bag En Algodón Zetta 140Gr Personalizado con Logo | Promocionales J&J","Sporty Bag En Algodón Zetta 140Gr","https://promocionalesjj.co/tienda/sporty-bag-en-algodon-zetta-140gr/","","Sporty Bag En Algodón Zetta 140Gr personalizado con tu logo en Colombia. Ideal para regalos corporativos con entrega en Bogotá, Medellín, Cali, Barranquilla y","https://promocionalesjj.co/img/productos/_placeholder-jj.svg","Organization Product BreadcrumbList","23","no","no"
"/tienda/sporty-bag-en-cambrel-ewok/","producto","47487","Sporty Bag En Cambrel Ewok Personalizado con Logo | Promocionales J&J | Promocionales J&J","Sporty Bag En Cambrel Ewok","https://promocionalesjj.co/tienda/sporty-bag-en-cambrel-ewok/","","Sporty Bag En Cambrel Ewok personalizado con tu logo en Colombia. Ideal para regalos corporativos con entrega en Bogotá, Medellín, Cali, Barranquilla y Bucaramanga","https://promocionalesjj.co/img/productos/sporty-bag-en-cambrel-ewok.jpg","Organization Product BreadcrumbList","23","no","no"
"/tienda/sporty-bag-garda-rpet/","producto","47436","Sporty Bag Garda Rpet Personalizado con Logo | Promocionales J&J | Promocionales J&J","Sporty Bag Garda Rpet","https://promocionalesjj.co/tienda/sporty-bag-garda-rpet/","","Sporty Bag Garda Rpet personalizado con tu logo en Colombia. Ideal para regalos corporativos con entrega en Bogotá, Medellín, Cali, Barranquilla y Bucaramanga","https://promocionalesjj.co/img/productos/sporty-bag-garda-rpet.jpg","Organization Product BreadcrumbList","23","no","no"
"/tienda/sporty-bag-metallic/","producto","46963","Sporty Bag Metallic - Personalizado con Logo | Promocionales J&J | Promocionales J&J","Sporty Bag Metallic -","https://promocionalesjj.co/tienda/sporty-bag-metallic/","","Sporty Bag Metallic - personalizado con tu logo en Colombia. Ideal para regalos corporativos con entrega en Bogotá, Medellín, Cali, Barranquilla y Bucaramanga","https://promocionalesjj.co/img/productos/sporty-bag-metallic.jpg","Organization Product BreadcrumbList","22","si","no"
"/tienda/sporty-bag-reflectiva-security/","producto","47295","Sporty Bag Reflectiva Security Personalizado con Logo | Promocionales J&J","Sporty Bag Reflectiva Security","https://promocionalesjj.co/tienda/sporty-bag-reflectiva-security/","","Sporty Bag Reflectiva Security personalizado con tu logo en Colombia. Ideal para regalos corporativos con entrega en Bogotá, Medellín, Cali, Barranquilla y","https://promocionalesjj.co/img/productos/sporty-bag-reflectiva-security.jpg","Organization Product BreadcrumbList","23","si","no"
"/tienda/sporty-bag-reflective/","producto","47347","Sporty Bag Reflective Personalizado con Logo | Promocionales J&J | Promocionales J&J","Sporty Bag Reflective","https://promocionalesjj.co/tienda/sporty-bag-reflective/","","Sporty Bag Reflective personalizado con tu logo en Colombia. Ideal para regalos corporativos con entrega en Bogotá, Medellín, Cali, Barranquilla y Bucaramanga","https://promocionalesjj.co/img/productos/sporty-bag-reflective.jpg","Organization Product BreadcrumbList","23","si","no"
"/tienda/sticky-set-bamboo-eco/","producto","47796","Sticky Set Bamboo Eco Personalizado con Logo | Promocionales J&J | Promocionales J&J","Sticky Set Bamboo Eco","https://promocionalesjj.co/tienda/sticky-set-bamboo-eco/","","Sticky Set Bamboo Eco personalizado con tu logo en Colombia. Ideal para regalos corporativos con entrega en Bogotá, Medellín, Cali, Barranquilla y Bucaramanga","https://promocionalesjj.co/img/productos/sticky-set-bamboo-eco.jpg","Organization Product BreadcrumbList","23","no","no"
"/tienda/sticky-set-cubik/","producto","47447","Sticky Set Cubik Personalizado con Logo | Promocionales J&J | Promocionales J&J","Sticky Set Cubik","https://promocionalesjj.co/tienda/sticky-set-cubik/","","Sticky Set Cubik personalizado con tu logo en Colombia. Ideal para regalos corporativos con entrega en Bogotá, Medellín, Cali, Barranquilla y Bucaramanga. Cotiza al","https://promocionalesjj.co/img/productos/sticky-set-cubik.jpg","Organization Product BreadcrumbList","23","no","no"
"/tienda/sticky-set-eco/","producto","47537","Sticky Set Eco Personalizado con Logo | Promocionales J&J | Promocionales J&J","Sticky Set Eco","https://promocionalesjj.co/tienda/sticky-set-eco/","","Sticky Set Eco personalizado con tu logo en Colombia. Ideal para regalos corporativos con entrega en Bogotá, Medellín, Cali, Barranquilla y Bucaramanga. Cotiza al","https://promocionalesjj.co/img/productos/sticky-set-eco.jpg","Organization Product BreadcrumbList","23","no","no"
"/tienda/sticky-set-en-trigo-wheat-eco/","producto","48189","Sticky Set En Trigo Wheat Eco Personalizado con Logo | Promocionales J&J","Sticky Set En Trigo Wheat Eco","https://promocionalesjj.co/tienda/sticky-set-en-trigo-wheat-eco/","","Sticky Set En Trigo Wheat Eco personalizado con tu logo en Colombia. Ideal para regalos corporativos con entrega en Bogotá, Medellín, Cali, Barranquilla y","https://promocionalesjj.co/img/productos/sticky-set-en-trigo-wheat-eco.jpg","Organization Product BreadcrumbList","23","no","no"
"/tienda/sticky-set-flag/","producto","47417","Sticky Set Flag Personalizado con Logo | Promocionales J&J | Promocionales J&J","Sticky Set Flag","https://promocionalesjj.co/tienda/sticky-set-flag/","","Sticky Set Flag personalizado con tu logo en Colombia. Ideal para regalos corporativos con entrega en Bogotá, Medellín, Cali, Barranquilla y Bucaramanga. Cotiza al","https://promocionalesjj.co/img/productos/sticky-set-flag.jpg","Organization Product BreadcrumbList","23","si","no"
"/tienda/sticky-set-floppy/","producto","47440","Sticky Set Floppy Personalizado con Logo | Promocionales J&J | Promocionales J&J","Sticky Set Floppy","https://promocionalesjj.co/tienda/sticky-set-floppy/","","Sticky Set Floppy personalizado con tu logo en Colombia. Ideal para regalos corporativos con entrega en Bogotá, Medellín, Cali, Barranquilla y Bucaramanga. Cotiza","https://promocionalesjj.co/img/productos/sticky-set-floppy.jpg","Organization Product BreadcrumbList","23","no","no"
"/tienda/sticky-set-kerry/","producto","47231","Sticky Set Kerry Personalizado con Logo | Promocionales J&J | Promocionales J&J","Sticky Set Kerry","https://promocionalesjj.co/tienda/sticky-set-kerry/","","Sticky Set Kerry personalizado con tu logo en Colombia. Ideal para regalos corporativos con entrega en Bogotá, Medellín, Cali, Barranquilla y Bucaramanga. Cotiza al","https://promocionalesjj.co/img/productos/sticky-set-kerry.jpg","Organization Product BreadcrumbList","23","no","no"
"/tienda/sticky-set-leader-eco/","producto","47764","Sticky Set Leader Eco Personalizado con Logo | Promocionales J&J | Promocionales J&J","Sticky Set Leader Eco","https://promocionalesjj.co/tienda/sticky-set-leader-eco/","","Sticky Set Leader Eco personalizado con tu logo en Colombia. Ideal para regalos corporativos con entrega en Bogotá, Medellín, Cali, Barranquilla y Bucaramanga","https://promocionalesjj.co/img/productos/sticky-set-leader-eco.jpg","Organization Product BreadcrumbList","23","no","no"
"/tienda/sticky-set-micron/","producto","47352","Sticky Set Micron Personalizado con Logo | Promocionales J&J | Promocionales J&J","Sticky Set Micron","https://promocionalesjj.co/tienda/sticky-set-micron/","","Sticky Set Micron personalizado con tu logo en Colombia. Ideal para regalos corporativos con entrega en Bogotá, Medellín, Cali, Barranquilla y Bucaramanga. Cotiza","https://promocionalesjj.co/img/productos/sticky-set-micron.jpg","Organization Product BreadcrumbList","23","no","no"
"/tienda/sticky-set-milk/","producto","47260","Sticky Set Milk Personalizado con Logo | Promocionales J&J | Promocionales J&J","Sticky Set Milk","https://promocionalesjj.co/tienda/sticky-set-milk/","","Sticky Set Milk personalizado con tu logo en Colombia. Ideal para regalos corporativos con entrega en Bogotá, Medellín, Cali, Barranquilla y Bucaramanga. Cotiza al","https://promocionalesjj.co/img/productos/sticky-set-milk.jpg","Organization Product BreadcrumbList","23","no","no"
"/tienda/sticky-set-milla/","producto","47687","Sticky Set Milla Personalizado con Logo | Promocionales J&J | Promocionales J&J","Sticky Set Milla","https://promocionalesjj.co/tienda/sticky-set-milla/","","Sticky Set Milla personalizado con tu logo en Colombia. Ideal para regalos corporativos con entrega en Bogotá, Medellín, Cali, Barranquilla y Bucaramanga. Cotiza al","https://promocionalesjj.co/img/productos/sticky-set-milla.jpg","Organization Product BreadcrumbList","23","no","no"
"/tienda/sticky-set-oval-milk/","producto","47525","Sticky Set Oval Milk Personalizado con Logo | Promocionales J&J | Promocionales J&J","Sticky Set Oval Milk","https://promocionalesjj.co/tienda/sticky-set-oval-milk/","","Sticky Set Oval Milk personalizado con tu logo en Colombia. Ideal para regalos corporativos con entrega en Bogotá, Medellín, Cali, Barranquilla y Bucaramanga","https://promocionalesjj.co/img/productos/sticky-set-oval-milk.jpg","Organization Product BreadcrumbList","23","no","no"
"/tienda/sticky-set-separador-de-hojas/","producto","47817","Sticky Set Separador De Hojas Personalizado con Logo | Promocionales J&J","Sticky Set Separador De Hojas","https://promocionalesjj.co/tienda/sticky-set-separador-de-hojas/","","Sticky Set Separador De Hojas personalizado con tu logo en Colombia. Ideal para regalos corporativos con entrega en Bogotá, Medellín, Cali, Barranquilla y","https://promocionalesjj.co/img/productos/sticky-set-separador-de-hojas.jpg","Organization Product BreadcrumbList","23","no","no"
"/tienda/sticky-set-signature/","producto","47480","Sticky Set Signature Personalizado con Logo | Promocionales J&J | Promocionales J&J","Sticky Set Signature","https://promocionalesjj.co/tienda/sticky-set-signature/","","Sticky Set Signature personalizado con tu logo en Colombia. Ideal para regalos corporativos con entrega en Bogotá, Medellín, Cali, Barranquilla y Bucaramanga","https://promocionalesjj.co/img/productos/_placeholder-jj.svg","Organization Product BreadcrumbList","23","no","no"
"/tienda/sticky-set-thunder/","producto","47403","Sticky Set Thunder Personalizado con Logo | Promocionales J&J | Promocionales J&J","Sticky Set Thunder","https://promocionalesjj.co/tienda/sticky-set-thunder/","","Sticky Set Thunder personalizado con tu logo en Colombia. Ideal para regalos corporativos con entrega en Bogotá, Medellín, Cali, Barranquilla y Bucaramanga. Cotiza","https://promocionalesjj.co/img/productos/sticky-set-thunder.jpg","Organization Product BreadcrumbList","23","no","no"
"/tienda/summit/","producto","47022","Summit Personalizado con Logo | Promocionales J&J | Promocionales J&J","Summit","https://promocionalesjj.co/tienda/summit/","","Summit personalizado con tu logo en Colombia. Ideal para regalos corporativos con entrega en Bogotá, Medellín, Cali, Barranquilla y Bucaramanga. Cotiza al por mayor.","https://promocionalesjj.co/img/productos/summit.jpg","Organization Product BreadcrumbList","22","no","no"
"/tienda/summit-eco/","producto","46800","Summit Eco Personalizado con Logo | Promocionales J&J | Promocionales J&J","Summit Eco","https://promocionalesjj.co/tienda/summit-eco/","","Summit Eco personalizado con tu logo en Colombia. Ideal para regalos corporativos con entrega en Bogotá, Medellín, Cali, Barranquilla y Bucaramanga. Cotiza al por","https://promocionalesjj.co/img/productos/summit-eco.jpg","Organization Product BreadcrumbList","22","no","no"
"/tienda/summit-neon/","producto","47323","Summit Neon Personalizado con Logo | Promocionales J&J | Promocionales J&J","Summit Neon","https://promocionalesjj.co/tienda/summit-neon/","","Summit Neon personalizado con tu logo en Colombia. Ideal para regalos corporativos con entrega en Bogotá, Medellín, Cali, Barranquilla y Bucaramanga. Cotiza al por","https://promocionalesjj.co/img/productos/summit-neon.jpg","Organization Product BreadcrumbList","22","no","no"
"/tienda/summit-stylus/","producto","47335","Summit Stylus Personalizado con Logo | Promocionales J&J | Promocionales J&J","Summit Stylus","https://promocionalesjj.co/tienda/summit-stylus/","","Summit Stylus personalizado con tu logo en Colombia. Ideal para regalos corporativos con entrega en Bogotá, Medellín, Cali, Barranquilla y Bucaramanga. Cotiza al","https://promocionalesjj.co/img/productos/_placeholder-jj.svg","Organization Product BreadcrumbList","22","no","no"
"/tienda/tabla-clip-en-bamboo/","producto","47369","Tabla Clip En Bamboo Personalizado con Logo | Promocionales J&J | Promocionales J&J","Tabla Clip En Bamboo","https://promocionalesjj.co/tienda/tabla-clip-en-bamboo/","","Tabla Clip En Bamboo personalizado con tu logo en Colombia. Ideal para regalos corporativos con entrega en Bogotá, Medellín, Cali, Barranquilla y Bucaramanga","https://promocionalesjj.co/img/productos/tabla-clip-en-bamboo.jpg","Organization Product BreadcrumbList","23","no","no"
"/tienda/tajalapiz-con-borrador-run/","producto","47661","Tajalápiz Con Borrador Run Personalizado con Logo | Promocionales J&J | Promocionales J&J","Tajalápiz Con Borrador Run","https://promocionalesjj.co/tienda/tajalapiz-con-borrador-run/","","Tajalápiz Con Borrador Run personalizado con tu logo en Colombia. Ideal para regalos corporativos con entrega en Bogotá, Medellín, Cali, Barranquilla y Bucaramanga","https://promocionalesjj.co/img/productos/_placeholder-jj.svg","Organization Product BreadcrumbList","23","no","no"
"/tienda/tajalapiz-plastico-school/","producto","47485","Tajalápiz Plástico School Personalizado con Logo | Promocionales J&J | Promocionales J&J","Tajalápiz Plástico School","https://promocionalesjj.co/tienda/tajalapiz-plastico-school/","","Tajalápiz Plástico School personalizado con tu logo en Colombia. Ideal para regalos corporativos con entrega en Bogotá, Medellín, Cali, Barranquilla y Bucaramanga","https://promocionalesjj.co/img/productos/tajalapiz-plastico-school.jpg","Organization Product BreadcrumbList","22","no","no"
"/tienda/tangram-eco/","producto","47132","Tangram Eco Personalizado con Logo | Promocionales J&J | Promocionales J&J","Tangram Eco","https://promocionalesjj.co/tienda/tangram-eco/","","Tangram Eco personalizado con tu logo en Colombia. Ideal para regalos corporativos con entrega en Bogotá, Medellín, Cali, Barranquilla y Bucaramanga. Cotiza al por","https://promocionalesjj.co/img/productos/tangram-eco.jpg","Organization Product BreadcrumbList","23","no","no"
"/tienda/taza-en-vidrio-cork-350ml/","producto","47692","Taza En Vidrio Cork 350Ml Personalizado con Logo | Promocionales J&J | Promocionales J&J","Taza En Vidrio Cork 350Ml","https://promocionalesjj.co/tienda/taza-en-vidrio-cork-350ml/","","Taza En Vidrio Cork 350Ml personalizado con tu logo en Colombia. Ideal para regalos corporativos con entrega en Bogotá, Medellín, Cali, Barranquilla y Bucaramanga","https://promocionalesjj.co/img/productos/taza-en-vidrio-cork-350ml.jpg","Organization Product BreadcrumbList","23","no","no"
"/tienda/termo-bamboo-500ml/","producto","35413","Termo Bamboo 500Ml Personalizado con Logo | Promocionales J&J | Promocionales J&J","Termo Bamboo 500Ml","https://promocionalesjj.co/tienda/termo-bamboo-500ml/","","Termo Bamboo 500Ml personalizado con tu logo en Colombia. Ideal para regalos corporativos con entrega en Bogotá, Medellín, Cali, Barranquilla y Bucaramanga. Cotiza","https://promocionalesjj.co/img/productos/termo-bamboo-500ml.jpg","Organization Product BreadcrumbList","18","si","no"
"/tienda/tillot/","producto","47166","Tillot Personalizado con Logo | Promocionales J&J | Promocionales J&J","Tillot","https://promocionalesjj.co/tienda/tillot/","","Tillot personalizado con tu logo en Colombia. Ideal para regalos corporativos con entrega en Bogotá, Medellín, Cali, Barranquilla y Bucaramanga. Cotiza al por mayor.","https://promocionalesjj.co/img/productos/tillot.jpg","Organization Product BreadcrumbList","22","no","no"
"/tienda/timbre-bike/","producto","46871","Timbre Bike Personalizado con Logo | Promocionales J&J | Promocionales J&J","Timbre Bike","https://promocionalesjj.co/tienda/timbre-bike/","","Timbre Bike personalizado con tu logo en Colombia. Ideal para regalos corporativos con entrega en Bogotá, Medellín, Cali, Barranquilla y Bucaramanga. Cotiza al por","https://promocionalesjj.co/img/productos/timbre-bike.jpg","Organization Product BreadcrumbList","23","si","no"
"/tienda/tokken/","producto","47162","Tokken Personalizado con Logo | Promocionales J&J | Promocionales J&J","Tokken","https://promocionalesjj.co/tienda/tokken/","","Tokken personalizado con tu logo en Colombia. Ideal para regalos corporativos con entrega en Bogotá, Medellín, Cali, Barranquilla y Bucaramanga. Cotiza al por mayor.","https://promocionalesjj.co/img/productos/tokken.jpg","Organization Product BreadcrumbList","22","no","no"
"/tienda/torre-de-madera-skill-2/","producto","47478","Torre De Madera Skill 2 Personalizado con Logo | Promocionales J&J | Promocionales J&J","Torre De Madera Skill 2","https://promocionalesjj.co/tienda/torre-de-madera-skill-2/","","Torre De Madera Skill 2 personalizado con tu logo en Colombia. Ideal para regalos corporativos con entrega en Bogotá, Medellín, Cali, Barranquilla y Bucaramanga","https://promocionalesjj.co/img/productos/torre-de-madera-skill-2.jpg","Organization Product BreadcrumbList","23","no","no"
"/tienda/trevon/","producto","46666","Trevon Personalizado con Logo | Promocionales J&J | Promocionales J&J","Trevon","https://promocionalesjj.co/tienda/trevon/","","Trevon personalizado con tu logo en Colombia. Ideal para regalos corporativos con entrega en Bogotá, Medellín, Cali, Barranquilla y Bucaramanga. Cotiza al por mayor.","https://promocionalesjj.co/img/productos/trevon.jpg","Organization Product BreadcrumbList","22","si","no"
"/tienda/vaso-plegable-eco/","producto","42710","Vaso Plegable Eco Personalizado con Logo | Promocionales J&J | Promocionales J&J","Vaso Plegable Eco","https://promocionalesjj.co/tienda/vaso-plegable-eco/","","Vaso Plegable Eco personalizado con tu logo en Colombia. Ideal para regalos corporativos con entrega en Bogotá, Medellín, Cali, Barranquilla y Bucaramanga. Cotiza","https://promocionalesjj.co/img/productos/vaso-plegable-eco.jpg","Organization Product BreadcrumbList","20","si","no"
"/tienda/ventura-bamboo-infinity/","producto","48725","Ventura Bamboo Infinity Personalizado con Logo | Promocionales J&J | Promocionales J&J","Ventura Bamboo Infinity","https://promocionalesjj.co/tienda/ventura-bamboo-infinity/","","Ventura Bamboo Infinity personalizado con tu logo en Colombia. Ideal para regalos corporativos con entrega en Bogotá, Medellín, Cali, Barranquilla y Bucaramanga","https://promocionalesjj.co/img/productos/ventura-bamboo-infinity.jpg","Organization Product BreadcrumbList","22","no","no"
"/tienda/ventura-eco-stylus/","producto","48574","Ventura Eco Stylus Personalizado con Logo | Promocionales J&J | Promocionales J&J","Ventura Eco Stylus","https://promocionalesjj.co/tienda/ventura-eco-stylus/","","Ventura Eco Stylus personalizado con tu logo en Colombia. Ideal para regalos corporativos con entrega en Bogotá, Medellín, Cali, Barranquilla y Bucaramanga. Cotiza","https://promocionalesjj.co/img/productos/ventura-eco-stylus.jpg","Organization Product BreadcrumbList","22","no","no"
"/tienda/ventura-frost/","producto","47371","Ventura Frost Personalizado con Logo | Promocionales J&J | Promocionales J&J","Ventura Frost","https://promocionalesjj.co/tienda/ventura-frost/","","Ventura Frost personalizado con tu logo en Colombia. Ideal para regalos corporativos con entrega en Bogotá, Medellín, Cali, Barranquilla y Bucaramanga. Cotiza al","https://promocionalesjj.co/img/productos/_placeholder-jj.svg","Organization Product BreadcrumbList","22","no","no"
"/tienda/ventura-resaltador-cera/","producto","47865","Ventura Resaltador Cera Personalizado con Logo | Promocionales J&J | Promocionales J&J","Ventura Resaltador Cera","https://promocionalesjj.co/tienda/ventura-resaltador-cera/","","Ventura Resaltador Cera personalizado con tu logo en Colombia. Ideal para regalos corporativos con entrega en Bogotá, Medellín, Cali, Barranquilla y Bucaramanga","https://promocionalesjj.co/img/productos/_placeholder-jj.svg","Organization Product BreadcrumbList","22","no","no"
"/tienda/ventura-stylus/","producto","47001","Ventura Stylus Personalizado con Logo | Promocionales J&J | Promocionales J&J","Ventura Stylus","https://promocionalesjj.co/tienda/ventura-stylus/","","Ventura Stylus personalizado con tu logo en Colombia. Ideal para regalos corporativos con entrega en Bogotá, Medellín, Cali, Barranquilla y Bucaramanga. Cotiza al","https://promocionalesjj.co/img/productos/_placeholder-jj.svg","Organization Product BreadcrumbList","22","no","no"
"/tienda/ventura-stylus-4-1/","producto","48558","Ventura Stylus 4-1 Personalizado con Logo | Promocionales J&J | Promocionales J&J","Ventura Stylus 4-1","https://promocionalesjj.co/tienda/ventura-stylus-4-1/","","Ventura Stylus 4-1 personalizado con tu logo en Colombia. Ideal para regalos corporativos con entrega en Bogotá, Medellín, Cali, Barranquilla y Bucaramanga. Cotiza","https://promocionalesjj.co/img/productos/ventura-stylus-4-1.jpg","Organization Product BreadcrumbList","22","no","no"
"/tienda/ventura-stylus-neon/","producto","47649","Ventura Stylus Neon Personalizado con Logo | Promocionales J&J | Promocionales J&J","Ventura Stylus Neon","https://promocionalesjj.co/tienda/ventura-stylus-neon/","","Ventura Stylus Neon personalizado con tu logo en Colombia. Ideal para regalos corporativos con entrega en Bogotá, Medellín, Cali, Barranquilla y Bucaramanga. Cotiza","https://promocionalesjj.co/img/productos/ventura-stylus-neon.jpg","Organization Product BreadcrumbList","22","no","no"