path,tipo,bytes,title,h1,canonical,robots,description,og_image,jsonld,enlaces_internos,alcanzable,en_sitemap
"/404/","especial","32887","Página no encontrada | Promocionales J&J","No encontramos esta página","","noindex","Productos promocionales personalizados con logo para empresas en Colombia. Merchandising corporativo y artículos publicitarios con cotización por WhatsApp.","https://www.promocionalesjj.co/og-default.jpg","Organization WebSite","19","no","no"
"/404.html","especial","32887","Página no encontrada | Promocionales J&J","No encontramos esta página","","noindex","Productos promocionales personalizados con logo para empresas en Colombia. Merchandising corporativo y artículos publicitarios con cotización por WhatsApp.","https://www.promocionalesjj.co/og-default.jpg","Organization WebSite","19","no","no"
"/blog/como-elegir-proveedor-articulos-publicitarios-colombia/","articulo","46510","Cómo Elegir Proveedor de Artículos Publicitarios en Colombia | Promocionales J&J","Cómo Elegir un Proveedor de Artículos Publicitarios en Colombia sin Sorpresas","https://www.promocionalesjj.co/blog/como-elegir-proveedor-articulos-publicitarios-colombia/","","Checklist para elegir proveedor de artículos publicitarios en Colombia: tiempos de entrega, mínimos de compra y calidad de personalización.","https://images.unsplash.com/photo-1600880292203-757bb62b4baf?w=1200&h=630&fit=crop&q=80","Organization WebSite BlogPosting BreadcrumbList","19","si","si"
"/blog/","blog","43433","Blog de productos promocionales en Colombia | Promocionales J&J","Blog de productos promocionales y merchandising","https://www.promocionalesjj.co/blog/","","Guías y consejos sobre merchandising corporativo, regalos empresariales y productos promocionales para empresas en Colombia.","https://www.promocionalesjj.co/og-default.jpg","Organization WebSite BreadcrumbList","22","si","si"
"/blog/productos-promocionales-para-ferias-empresariales-colombia/","articulo","46412","Productos Promocionales para Ferias en Colombia | Promocionales J&J","Qué Productos Promocionales Funcionan Mejor en Ferias Empresariales en Colombia","https://www.promocionalesjj.co/blog/productos-promocionales-para-ferias-empresariales-colombia/","","Descubre qué productos promocionales generan más recordación en ferias empresariales en Bogotá, Medellín, Cali, Barranquilla y Bucaramanga.","https://images.unsplash.com/photo-1540575467063-178a50c2df87?w=1200&h=630&fit=crop&q=80","Organization WebSite BlogPosting BreadcrumbList","20","si","si"
"/blog/regalos-corporativos-fin-de-ano-colombia-2026/","articulo","46505","Regalos Corporativos de Fin de Año en Colombia | Promocionales J&J","Regalos Corporativos de Fin de Año en Colombia: Guía para Elegir sin Improvisar","https://www.promocionalesjj.co/blog/regalos-corporativos-fin-de-ano-colombia-2026/","","Guía práctica para elegir regalos corporativos de fin de año en Colombia: presupuesto, tiempos de producción y opciones de alto uso para tu marca.","https://images.unsplash.com/photo-1513201099705-a9746e1e201f?w=1200&h=630&fit=crop&q=80","Organization WebSite BlogPosting BreadcrumbList","20","si","si"
"/contacto/","institucional","46051","Contacto y cotización de productos promocionales | Promocionales J&J","Contacto y cotización","https://www.promocionalesjj.co/contacto/","","Cotiza productos promocionales con el logo de tu empresa: indica producto, cantidad, ciudad y fecha requerida y continúa la conversación por WhatsApp.","https://www.promocionalesjj.co/og-default.jpg","Organization WebSite BreadcrumbList","19","si","si"
"/","inicio","114037","Promocionales J&J — Productos Promocionales en Colombia","Merchandising que deja marca en Colombia.","https://www.promocionalesjj.co/","","Productos promocionales personalizados con logo para empresas en Colombia: bolígrafos, botilitos, bolsas, tecnología y más. Cotiza tu merchandising por WhatsApp.","https://www.promocionalesjj.co/og-default.jpg","Organization WebSite","32","si","si"
"/productos-promocionales-colombia/barranquilla/","ciudad","51360","Productos Promocionales Barranquilla | Merchandising Costa Caribe | Promocionales J&J","Productos Promocionales en Barranquilla","https://www.promocionalesjj.co/productos-promocionales-colombia/barranquilla/","","Productos promocionales en Barranquilla y la Costa Caribe. Artículos publicitarios resistentes al clima costero con envíos a toda la región.","https://www.promocionalesjj.co/og-default.jpg","Organization WebSite Service BreadcrumbList","19","si","si"
"/productos-promocionales-colombia/bogota/","ciudad","56418","Productos promocionales en Bogotá | Promocionales J&J","Productos promocionales y merchandising en Bogotá","https://www.promocionalesjj.co/productos-promocionales-colombia/bogota/","","Productos promocionales y merchandising para empresas en Bogotá: bolígrafos, botilitos, bolsas, tecnología y más con tu logo. Cotiza por WhatsApp.","https://www.promocionalesjj.co/og-default.jpg","Organization WebSite Service BreadcrumbList","20","si","si"
"/productos-promocionales-colombia/bucaramanga/","ciudad","51303","Productos Promocionales Bucaramanga | Merchandising Santander | Promocionales J&J","Productos Promocionales en Bucaramanga","https://www.promocionalesjj.co/productos-promocionales-colombia/bucaramanga/","","Productos promocionales en Bucaramanga y Santander. Artículos publicitarios y regalos empresariales con envíos a toda el área metropolitana.","https://www.promocionalesjj.co/og-default.jpg","Organization WebSite Service BreadcrumbList","19","si","si"
"/productos-promocionales-colombia/cali/","ciudad","50974","Productos Promocionales Cali | Merchandising Valle del Cauca | Promocionales J&J","Productos Promocionales en Cali","https://www.promocionalesjj.co/productos-promocionales-colombia/cali/","","Productos promocionales en Cali y el Valle del Cauca. Artículos publicitarios personalizados con envíos a toda la región.","https://www.promocionalesjj.co/og-default.jpg","Organization WebSite Service BreadcrumbList","19","si","si"
"/productos-promocionales-colombia/","hub-colombia","41910","Productos Promocionales Colombia | Merchandising Empresarial | Promocionales J&J","Productos Promocionales en Colombia","https://www.promocionalesjj.co/productos-promocionales-colombia/","","Productos promocionales en Colombia. Merchandising corporativo, artículos publicitarios y regalos empresariales. Envíos a Bogotá, Medellín, Cali, Barranquilla y Bucaramanga.","https://www.promocionalesjj.co/og-default.jpg","Organization WebSite BreadcrumbList","19","si","si"
"/productos-promocionales-colombia/medellin/","ciudad","54493","Productos publicitarios y merchandising en Medellín | Promocionales J&J","Productos publicitarios y merchandising en Medellín","https://www.promocionalesjj.co/productos-promocionales-colombia/medellin/","","Productos publicitarios y merchandising con tu logo para empresas de Medellín y el Valle de Aburrá. Explora el catálogo y cotiza por WhatsApp.","https://www.promocionalesjj.co/og-default.jpg","Organization WebSite Service BreadcrumbList","19","si","si"
"/promociones/","institucional","42750","Promociones de productos promocionales | Promocionales J&J","Promociones en productos promocionales","https://www.promocionalesjj.co/promociones/","","Productos promocionales en promoción para personalizar con el logo de tu empresa en Colombia. Consulta condiciones vigentes por WhatsApp.","https://www.promocionalesjj.co/og-default.jpg","Organization WebSite BreadcrumbList","20","si","si"
"/tienda/abanico-en-madera/","producto","72026","Abanico en Madera con logo personalizado | Promocionales J&J","Abanico en Madera","https://www.promocionalesjj.co/tienda/abanico-en-madera/","","Abanico en Madera para personalizar con el logo de tu empresa. Abanico con cuerpo y 14 brazos en madera. Cotiza por WhatsApp.","https://www.promocionalesjj.co/img/productos/abanico-en-madera.jpg","Organization WebSite Product BreadcrumbList","28","si","si"
"/tienda/advant-2-1-resaltador-cera/","producto","72498","Bolígrafo Advant 2-1 Resaltador Cera con logo personalizado | Promocionales J&J","Bolígrafo Advant 2-1 Resaltador Cera","https://www.promocionalesjj.co/tienda/advant-2-1-resaltador-cera/","","Bolígrafo Advant 2-1 Resaltador Cera para personalizar con el logo de tu empresa. Bolígrafo de plástico con resaltador de cera y mina normal.","https://www.promocionalesjj.co/og-default.jpg","Organization WebSite Product BreadcrumbList","27","si","si"
"/tienda/advant-2-1-resaltador-de-tinta/","producto","72711","Bolígrafo plástico Advant 2-1 Resaltador de Tinta con logo personalizado | Promocionales J&J","Bolígrafo plástico Advant 2-1 Resaltador de Tinta","https://www.promocionalesjj.co/tienda/advant-2-1-resaltador-de-tinta/","","Bolígrafo plástico Advant 2-1 Resaltador de Tinta para personalizar con el logo de tu empresa. Bolígrafo plástico con resaltador de tinta.","https://www.promocionalesjj.co/og-default.jpg","Organization WebSite Product BreadcrumbList","27","si","si"
"/tienda/aireador-electrico-para-vino/","producto","72841","Aireador Electrico para Vino con logo personalizado | Promocionales J&J","Aireador Electrico para Vino","https://www.promocionalesjj.co/tienda/aireador-electrico-para-vino/","","Aireador Electrico para Vino para personalizar con el logo de tu empresa. Cotiza por WhatsApp.","https://www.promocionalesjj.co/img/productos/aireador-electrico-para-vino.jpg","Organization WebSite Product BreadcrumbList","28","si","si"
"/tienda/alcancia-cork/","producto","72664","Alcancía Cork con logo personalizado | Promocionales J&J","Alcancía Cork","https://www.promocionalesjj.co/tienda/alcancia-cork/","","Alcancía Cork para personalizar con el logo de tu empresa. Alcancía de corcho, visor en vidrio. Cotiza por WhatsApp.","https://www.promocionalesjj.co/img/productos/alcancia-cork.jpg","Organization WebSite Product BreadcrumbList","28","si","si"
"/tienda/alcancia-cow/","producto","48941","Alcancía Cow con logo personalizado | Promocionales J&J","Alcancía Cow","https://www.promocionalesjj.co/tienda/alcancia-cow/","","Alcancía Cow para personalizar con el logo de tu empresa. Alcancía en plástico. Marcación en tampografía. Cotiza por WhatsApp.","https://www.promocionalesjj.co/img/productos/alcancia-cow.jpg","Organization WebSite Product BreadcrumbList","21","si","si"
"/tienda/antiestres-doctor/","producto","72489","Antiestrés Doctor con logo personalizado | Promocionales J&J","Antiestrés Doctor","https://www.promocionalesjj.co/tienda/antiestres-doctor/","","Antiestrés Doctor para personalizar con el logo de tu empresa. Marcación en tampografía. Cotiza por WhatsApp.","https://www.promocionalesjj.co/img/productos/antiestres-doctor.jpg","Organization WebSite Product BreadcrumbList","28","si","si"
"/tienda/antiestres-pop-it/","producto","71463","Antiestrés Pop It con logo personalizado | Promocionales J&J","Antiestrés Pop It","https://www.promocionalesjj.co/tienda/antiestres-pop-it/","","Antiestrés Pop It para personalizar con el logo de tu empresa. Antiestrés giratorio en silicona. Cotiza por WhatsApp.","https://www.promocionalesjj.co/img/productos/antiestres-pop-it.jpg","Organization WebSite Product BreadcrumbList","28","si","si"
"/tienda/apoya-munecas-pop-it/","producto","70408","Apoya Muñecas Pop It con logo personalizado | Promocionales J&J","Apoya Muñecas Pop It","https://www.promocionalesjj.co/tienda/apoya-munecas-pop-it/","","Apoya Muñecas Pop It para personalizar con el logo de tu empresa. Apoya muñecas antiestrés en silicona. Cotiza por WhatsApp.","https://www.promocionalesjj.co/img/productos/apoya-munecas-pop-it.jpg","Organization WebSite Product BreadcrumbList","28","si","si"
"/tienda/aria/","producto","72914","Bolígrafo plástico Aria con logo personalizado | Promocionales J&J","Bolígrafo plástico Aria","https://www.promocionalesjj.co/tienda/aria/","","Bolígrafo plástico Aria para personalizar con el logo de tu empresa. Marcación en tampografía. Cotiza por WhatsApp.","https://www.promocionalesjj.co/img/productos/aria.jpg","Organization WebSite Product BreadcrumbList","27","si","si"
"/tienda/aston-mate/","producto","72238","Bolígrafo plástico Aston Mate con logo personalizado | Promocionales J&J","Bolígrafo plástico Aston Mate","https://www.promocionalesjj.co/tienda/aston-mate/","","Bolígrafo plástico Aston Mate para personalizar con el logo de tu empresa. Clip metálico. Cotiza por WhatsApp.","https://www.promocionalesjj.co/img/productos/aston-mate.jpg","Organization WebSite Product BreadcrumbList","27","si","si"
"/tienda/aston-stylus-metalico/","producto","73408","Bolígrafo Aston Stylus Metálico con logo personalizado | Promocionales J&J","Bolígrafo Aston Stylus Metálico","https://www.promocionalesjj.co/tienda/aston-stylus-metalico/","","Bolígrafo Aston Stylus Metálico para personalizar con el logo de tu empresa. Bolígrafo metálico con stylus. Marcación en tampografía, láser.","https://www.promocionalesjj.co/img/productos/aston-stylus-metalico.jpg","Organization WebSite Product BreadcrumbList","27","si","si"
"/tienda/audifono-bluetooth-manos-libres-2-1/","producto","74795","Audífono Bluetooth Manos Libres 2-1 con logo personalizado | Promocionales J&J","Audífono Bluetooth Manos Libres 2-1","https://www.promocionalesjj.co/tienda/audifono-bluetooth-manos-libres-2-1/","","Audífono Bluetooth Manos Libres 2-1 para personalizar con el logo de tu empresa. Adaptador para carro para cable USB, 1 entrada. Cotiza por WhatsApp.","https://www.promocionalesjj.co/img/productos/audifono-bluetooth-manos-libres-2-1.jpg","Organization WebSite Product BreadcrumbList","27","si","si"
"/tienda/audifonos-bluetooth-cork/","producto","73892","Audífonos Bluetooth Cork con logo personalizado | Promocionales J&J","Audífonos Bluetooth Cork","https://www.promocionalesjj.co/tienda/audifonos-bluetooth-cork/","","Audífonos Bluetooth Cork para personalizar con el logo de tu empresa. Cotiza por WhatsApp.","https://www.promocionalesjj.co/img/productos/audifonos-bluetooth-cork.jpg","Organization WebSite Product BreadcrumbList","27","si","si"
"/tienda/balmax-stylus/","producto","73523","Balmax Stylus con logo personalizado | Promocionales J&J","Balmax Stylus","https://www.promocionalesjj.co/tienda/balmax-stylus/","","Balmax Stylus para personalizar con el logo de tu empresa. Bolligrafo plástico con stylus. Marcación en tampografía. Cotiza por WhatsApp.","https://www.promocionalesjj.co/img/productos/balmax-stylus.jpg","Organization WebSite Product BreadcrumbList","27","si","si"
"/tienda/bamboo-sticky-pad/","producto","74105","Bamboo Sticky Pad con logo personalizado | Promocionales J&J","Bamboo Sticky Pad","https://www.promocionalesjj.co/tienda/bamboo-sticky-pad/","","Bamboo Sticky Pad para personalizar con el logo de tu empresa. Marcación en láser. Cotiza por WhatsApp.","https://www.promocionalesjj.co/img/productos/bamboo-sticky-pad.jpg","Organization WebSite Product BreadcrumbList","28","si","si"
"/tienda/banda-finger/","producto","70973","Banda Finger con logo personalizado | Promocionales J&J","Banda Finger","https://www.promocionalesjj.co/tienda/banda-finger/","","Banda Finger para personalizar con el logo de tu empresa. Marcación en tampografía. Cotiza por WhatsApp.","https://www.promocionalesjj.co/img/productos/banda-finger.jpg","Organization WebSite Product BreadcrumbList","28","si","si"
"/tienda/banda-recargable-sporty/","producto","72910","Banda Recargable Sporty con logo personalizado | Promocionales J&J","Banda Recargable Sporty","https://www.promocionalesjj.co/tienda/banda-recargable-sporty/","","Banda Recargable Sporty para personalizar con el logo de tu empresa. Banda en poliéster con LEDS, tres modos de iluminación y sistema de ajuste SLAP.","https://www.promocionalesjj.co/img/productos/banda-recargable-sporty.jpg","Organization WebSite Product BreadcrumbList","28","si","si"
"/tienda/banda-sport-led/","producto","72158","Banda Sport LED con logo personalizado | Promocionales J&J","Banda Sport LED","https://www.promocionalesjj.co/tienda/banda-sport-led/","","Banda Sport LED para personalizar con el logo de tu empresa. Banda con iluminación LED. Cotiza por WhatsApp.","https://www.promocionalesjj.co/img/productos/banda-sport-led.jpg","Organization WebSite Product BreadcrumbList","28","si","si"
"/tienda/bandeja-portatil-para-laptop-ryper/","producto","73293","Bandeja Portátil para Laptop Ryper con logo personalizado | Promocionales J&J","Bandeja Portátil para Laptop Ryper","https://www.promocionalesjj.co/tienda/bandeja-portatil-para-laptop-ryper/","","Bandeja Portátil para Laptop Ryper para personalizar con el logo de tu empresa. Bandeja soporte para portátil. Cotiza por WhatsApp.","https://www.promocionalesjj.co/img/productos/bandeja-portatil-para-laptop-ryper.jpg","Organization WebSite Product BreadcrumbList","27","si","si"
"/tienda/barcelona-solido/","producto","74235","Bolígrafo plástico Barcelona Sólido con logo personalizado | Promocionales J&J","Bolígrafo plástico Barcelona Sólido","https://www.promocionalesjj.co/tienda/barcelona-solido/","","Bolígrafo plástico Barcelona Sólido para personalizar con el logo de tu empresa. Clip metálico. Marcación en tampografía. Cotiza por WhatsApp.","https://www.promocionalesjj.co/img/productos/barcelona-solido.jpg","Organization WebSite Product BreadcrumbList","27","si","si"
"/tienda/benella/","producto","73081","Bolígrafo plástico Benella con logo personalizado | Promocionales J&J","Bolígrafo plástico Benella","https://www.promocionalesjj.co/tienda/benella/","","Bolígrafo plástico Benella para personalizar con el logo de tu empresa. Marcación en tampografía. Cotiza por WhatsApp.","https://www.promocionalesjj.co/img/productos/benella.jpg","Organization WebSite Product BreadcrumbList","27","si","si"
"/tienda/bola-antiestres-neon-6-3cm/","producto","71000","Bola Antiestrés Neón 6 3Cm con logo personalizado | Promocionales J&J","Bola Antiestrés Neón 6 3Cm","https://www.promocionalesjj.co/tienda/bola-antiestres-neon-6-3cm/","","Bola Antiestrés Neón 6 3Cm para personalizar con el logo de tu empresa. Sin bolsa individual. Cotiza por WhatsApp.","https://www.promocionalesjj.co/img/productos/bola-antiestres-neon-6-3cm.jpg","Organization WebSite Product BreadcrumbList","28","si","si"
"/tienda/bola-antiestres-neon-67cm/","producto","70980","Bola Antiestrés Neón 6,7Cm con logo personalizado | Promocionales J&J","Bola Antiestrés Neón 6,7Cm","https://www.promocionalesjj.co/tienda/bola-antiestres-neon-67cm/","","Bola Antiestrés Neón 6,7Cm para personalizar con el logo de tu empresa. Con bolsa individual. Cotiza por WhatsApp.","https://www.promocionalesjj.co/img/productos/bola-antiestres-neon-67cm.jpg","Organization WebSite Product BreadcrumbList","28","si","si"
"/tienda/bola-antiestres-rubber/","producto","71107","Bola Antiestrés Rubber con logo personalizado | Promocionales J&J","Bola Antiestrés Rubber","https://www.promocionalesjj.co/tienda/bola-antiestres-rubber/","","Bola Antiestrés Rubber para personalizar con el logo de tu empresa. Bola rígida de caucho con puntas antiestrés. Cotiza por WhatsApp.","https://www.promocionalesjj.co/img/productos/bola-antiestres-rubber.jpg","Organization WebSite Product BreadcrumbList","28","si","si"
"/tienda/bola-antiestres-tricolor/","producto","70567","Bola Antiestrés Tricolor con logo personalizado | Promocionales J&J","Bola Antiestrés Tricolor","https://www.promocionalesjj.co/tienda/bola-antiestres-tricolor/","","Bola Antiestrés Tricolor para personalizar con el logo de tu empresa. Sin bolsa individual. Cotiza por WhatsApp.","https://www.promocionalesjj.co/og-default.jpg","Organization WebSite Product BreadcrumbList","28","si","si"
"/tienda/bola-pop-it/","producto","70768","Bola Pop It con logo personalizado | Promocionales J&J","Bola Pop It","https://www.promocionalesjj.co/tienda/bola-pop-it/","","Bola Pop It para personalizar con el logo de tu empresa. Bola antiestrés en silicona. Marcación en tampografía. Cotiza por WhatsApp.","https://www.promocionalesjj.co/img/productos/bola-pop-it.jpg","Organization WebSite Product BreadcrumbList","28","si","si"
"/tienda/boligrafo-abanico/","producto","72603","Bolígrafo Abanico con logo personalizado | Promocionales J&J","Bolígrafo Abanico","https://www.promocionalesjj.co/tienda/boligrafo-abanico/","","Bolígrafo Abanico para personalizar con el logo de tu empresa. Bolígrafo plástico con abanico plegable en lona poliéster. Cotiza por WhatsApp.","https://www.promocionalesjj.co/img/productos/boligrafo-abanico.jpg","Organization WebSite Product BreadcrumbList","27","si","si"
"/tienda/boligrafo-alden/","producto","71621","Bolígrafo Alden con logo personalizado | Promocionales J&J","Bolígrafo Alden","https://www.promocionalesjj.co/tienda/boligrafo-alden/","","Bolígrafo Alden para personalizar con el logo de tu empresa. Bolígrafo de aluminio reciclado. Cotiza por WhatsApp.","https://www.promocionalesjj.co/img/productos/boligrafo-alden.jpg","Organization WebSite Product BreadcrumbList","27","si","si"
"/tienda/boligrafo-aldrich-metalizado/","producto","72842","Bolígrafo Aldrich Metalizado con logo personalizado | Promocionales J&J","Bolígrafo Aldrich Metalizado","https://www.promocionalesjj.co/tienda/boligrafo-aldrich-metalizado/","","Bolígrafo Aldrich Metalizado para personalizar con el logo de tu empresa. Bolígrafo plástico. Cotiza por WhatsApp.","https://www.promocionalesjj.co/img/productos/boligrafo-aldrich-metalizado.jpg","Organization WebSite Product BreadcrumbList","27","si","si"
"/tienda/boligrafo-aldrich-solido/","producto","72255","Bolígrafo Aldrich Sólido con logo personalizado | Promocionales J&J","Bolígrafo Aldrich Sólido","https://www.promocionalesjj.co/tienda/boligrafo-aldrich-solido/","","Bolígrafo Aldrich Sólido para personalizar con el logo de tu empresa. Bolígrafo plástico. Cotiza por WhatsApp.","https://www.promocionalesjj.co/img/productos/boligrafo-aldrich-solido.jpg","Organization WebSite Product BreadcrumbList","27","si","si"
"/tienda/boligrafo-allegro/","producto","71858","Bolígrafo Allegro con logo personalizado | Promocionales J&J","Bolígrafo Allegro","https://www.promocionalesjj.co/tienda/boligrafo-allegro/","","Bolígrafo Allegro para personalizar con el logo de tu empresa. Bolígrafo de plástico con mecanismo push y partes de bambú. Cotiza por WhatsApp.","https://www.promocionalesjj.co/og-default.jpg","Organization WebSite Product BreadcrumbList","27","si","si"
"/tienda/boligrafo-amber/","producto","71654","Bolígrafo Amber con logo personalizado | Promocionales J&J","Bolígrafo Amber","https://www.promocionalesjj.co/tienda/boligrafo-amber/","","Bolígrafo Amber para personalizar con el logo de tu empresa. Bolígrafo plástico. Cotiza por WhatsApp.","https://www.promocionalesjj.co/img/productos/boligrafo-amber.jpg","Organization WebSite Product BreadcrumbList","27","si","si"
"/tienda/boligrafo-artisan/","producto","72755","Bolígrafo Artisan con logo personalizado | Promocionales J&J","Bolígrafo Artisan","https://www.promocionalesjj.co/tienda/boligrafo-artisan/","","Bolígrafo Artisan para personalizar con el logo de tu empresa. Bolígrafo plástico con stylus y clip metálico. Cotiza por WhatsApp.","https://www.promocionalesjj.co/img/productos/boligrafo-artisan.jpg","Organization WebSite Product BreadcrumbList","27","si","si"
"/tienda/boligrafo-ashby/","producto","72704","Bolígrafo Ashby con logo personalizado | Promocionales J&J","Bolígrafo Ashby","https://www.promocionalesjj.co/tienda/boligrafo-ashby/","","Bolígrafo Ashby para personalizar con el logo de tu empresa. Bolígrafo de aluminio reciclado. Cotiza por WhatsApp.","https://www.promocionalesjj.co/img/productos/boligrafo-ashby.jpg","Organization WebSite Product BreadcrumbList","27","si","si"
"/tienda/boligrafo-aston-cartoon/","producto","72844","Bolígrafo Aston-Cartoon con logo personalizado | Promocionales J&J","Bolígrafo Aston-Cartoon","https://www.promocionalesjj.co/tienda/boligrafo-aston-cartoon/","","Bolígrafo Aston-Cartoon para personalizar con el logo de tu empresa. Bolígrafo con partes plásticas y cuerpo de cartón. Cotiza por WhatsApp.","https://www.promocionalesjj.co/img/productos/boligrafo-aston-cartoon.jpg","Organization WebSite Product BreadcrumbList","27","si","si"
"/tienda/boligrafo-aston-eco/","producto","72951","Bolígrafo Aston Eco con logo personalizado | Promocionales J&J","Bolígrafo Aston Eco","https://www.promocionalesjj.co/tienda/boligrafo-aston-eco/","","Bolígrafo Aston Eco para personalizar con el logo de tu empresa. Bolígrafo con partes plásticas, cuerpo plástico elaborado en ABS con fibra de trigo.","https://www.promocionalesjj.co/img/productos/boligrafo-aston-eco.jpg","Organization WebSite Product BreadcrumbList","27","si","si"
"/tienda/boligrafo-avert/","producto","70759","Bolígrafo Avert con logo personalizado | Promocionales J&J","Bolígrafo Avert","https://www.promocionalesjj.co/tienda/boligrafo-avert/","","Bolígrafo Avert para personalizar con el logo de tu empresa. Bolígrafo plástico con mecanismo twist y mini bola antiestresante. Cotiza por WhatsApp.","https://www.promocionalesjj.co/og-default.jpg","Organization WebSite Product BreadcrumbList","28","si","si"
"/tienda/boligrafo-ballpop/","producto","68630","Bolígrafo Ballpop con logo personalizado | Promocionales J&J","Bolígrafo Ballpop","https://www.promocionalesjj.co/tienda/boligrafo-ballpop/","","Bolígrafo Ballpop para personalizar con el logo de tu empresa. Bolígrafo antiestrés de silicona con carabinero para cargar. Marcación en tampografía.","https://www.promocionalesjj.co/img/productos/boligrafo-ballpop.jpg","Organization WebSite Product BreadcrumbList","28","si","si"
"/tienda/boligrafo-bamboo/","producto","74451","Bolígrafo Bamboo con logo personalizado | Promocionales J&J","Bolígrafo Bamboo","https://www.promocionalesjj.co/tienda/boligrafo-bamboo/","","Bolígrafo Bamboo para personalizar con el logo de tu empresa. Bolígrafo con partes plásticas y barril de bambú. Marcación en tampografía. Cotiza por WhatsApp.","https://www.promocionalesjj.co/img/productos/boligrafo-bamboo.jpg","Organization WebSite Product BreadcrumbList","27","si","si"
"/tienda/boligrafo-bamboo-clip-eco/","producto","73464","Bolígrafo Bamboo Clip Eco con logo personalizado | Promocionales J&J","Bolígrafo Bamboo Clip Eco","https://www.promocionalesjj.co/tienda/boligrafo-bamboo-clip-eco/","","Bolígrafo Bamboo Clip Eco para personalizar con el logo de tu empresa. Bolígrafo elaborado en plástico ABS con fibra de bambú y clip en madera de bambú.","https://www.promocionalesjj.co/img/productos/boligrafo-bamboo-clip-eco.jpg","Organization WebSite Product BreadcrumbList","27","si","si"
"/tienda/boligrafo-baniri-bamboo/","producto","73335","Bolígrafo Baniri Bamboo con logo personalizado | Promocionales J&J","Bolígrafo Baniri Bamboo","https://www.promocionalesjj.co/tienda/boligrafo-baniri-bamboo/","","Bolígrafo Baniri Bamboo para personalizar con el logo de tu empresa. Bolígrafo de bambú con partes metalizadas. Cotiza por WhatsApp.","https://www.promocionalesjj.co/img/productos/boligrafo-baniri-bamboo.jpg","Organization WebSite Product BreadcrumbList","27","si","si"
"/tienda/boligrafo-bennin-bamboo/","producto","73128","Bolígrafo Bennin Bamboo con logo personalizado | Promocionales J&J","Bolígrafo Bennin Bamboo","https://www.promocionalesjj.co/tienda/boligrafo-bennin-bamboo/","","Bolígrafo Bennin Bamboo para personalizar con el logo de tu empresa. Bolígrafo de plástico y bambú. Cotiza por WhatsApp.","https://www.promocionalesjj.co/img/productos/boligrafo-bennin-bamboo.jpg","Organization WebSite Product BreadcrumbList","27","si","si"
"/tienda/boligrafo-bennin-bamboo-eco/","producto","73304","Bolígrafo Bennin Bamboo Eco con logo personalizado | Promocionales J&J","Bolígrafo Bennin Bamboo Eco","https://www.promocionalesjj.co/tienda/boligrafo-bennin-bamboo-eco/","","Bolígrafo Bennin Bamboo Eco para personalizar con el logo de tu empresa. Bolígrafo de plástico y bambú. Cotiza por WhatsApp.","https://www.promocionalesjj.co/img/productos/boligrafo-bennin-bamboo-eco.jpg","Organization WebSite Product BreadcrumbList","27","si","si"
"/tienda/boligrafo-big-bang/","producto","70352","Bolígrafo Big Bang con logo personalizado | Promocionales J&J","Bolígrafo Big Bang","https://www.promocionalesjj.co/tienda/boligrafo-big-bang/","","Bolígrafo Big Bang para personalizar con el logo de tu empresa. Cotiza por WhatsApp.","https://www.promocionalesjj.co/og-default.jpg","Organization WebSite Product BreadcrumbList","27","si","si"
"/tienda/boligrafo-blink/","producto","71375","Bolígrafo Blink con logo personalizado | Promocionales J&J","Bolígrafo Blink","https://www.promocionalesjj.co/tienda/boligrafo-blink/","","Bolígrafo Blink para personalizar con el logo de tu empresa. Bolígrafo metálico en estuche de cartón. Cotiza por WhatsApp.","https://www.promocionalesjj.co/img/productos/boligrafo-blink.jpg","Organization WebSite Product BreadcrumbList","27","si","si"
"/tienda/boligrafo-boost/","producto","70890","Bolígrafo Boost con logo personalizado | Promocionales J&J","Bolígrafo Boost","https://www.promocionalesjj.co/tienda/boligrafo-boost/","","Bolígrafo Boost para personalizar con el logo de tu empresa. Bolígrafo plástico con mecanismo twist y antiestrés de silicona. Marcación en tampografía.","https://www.promocionalesjj.co/img/productos/boligrafo-boost.jpg","Organization WebSite Product BreadcrumbList","28","si","si"
"/tienda/boligrafo-brink-stylus/","producto","71711","Bolígrafo Brink Stylus con logo personalizado | Promocionales J&J","Bolígrafo Brink Stylus","https://www.promocionalesjj.co/tienda/boligrafo-brink-stylus/","","Bolígrafo Brink Stylus para personalizar con el logo de tu empresa. Bolígrafo metálico con stylus. Cotiza por WhatsApp.","https://www.promocionalesjj.co/img/productos/boligrafo-brink-stylus.jpg","Organization WebSite Product BreadcrumbList","27","si","si"
"/tienda/boligrafo-calvin/","producto","73302","Bolígrafo Calvin con logo personalizado | Promocionales J&J","Bolígrafo Calvin","https://www.promocionalesjj.co/tienda/boligrafo-calvin/","","Bolígrafo Calvin para personalizar con el logo de tu empresa. Bolígrafo plástico. Marcación en tampografía. Cotiza por WhatsApp.","https://www.promocionalesjj.co/img/productos/boligrafo-calvin.jpg","Organization WebSite Product BreadcrumbList","27","si","si"
"/tienda/boligrafo-carson-3-1/","producto","72140","Bolígrafo Carson 3-1 con logo personalizado | Promocionales J&J","Bolígrafo Carson 3-1","https://www.promocionalesjj.co/tienda/boligrafo-carson-3-1/","","Bolígrafo Carson 3-1 para personalizar con el logo de tu empresa. Bolígrafo de plástico con stylus y resaltador de tinta. Marcación en tampografía.","https://www.promocionalesjj.co/og-default.jpg","Organization WebSite Product BreadcrumbList","27","si","si"
"/tienda/boligrafo-carter-eco/","producto","73438","Bolígrafo Carter-Eco con logo personalizado | Promocionales J&J","Bolígrafo Carter-Eco","https://www.promocionalesjj.co/tienda/boligrafo-carter-eco/","","Bolígrafo Carter-Eco para personalizar con el logo de tu empresa. Bolígrafo plástico elaborado con fibra de trigo (50% aprox. Cotiza por WhatsApp.","https://www.promocionalesjj.co/img/productos/boligrafo-carter-eco.jpg","Organization WebSite Product BreadcrumbList","27","si","si"
"/tienda/boligrafo-cartoon-mini/","producto","73790","Bolígrafo Cartoon Mini con logo personalizado | Promocionales J&J","Bolígrafo Cartoon Mini","https://www.promocionalesjj.co/tienda/boligrafo-cartoon-mini/","","Bolígrafo Cartoon Mini para personalizar con el logo de tu empresa. Mini bolígrafo en cartón, clip y punta plástica. Marcación en tampografía.","https://www.promocionalesjj.co/img/productos/boligrafo-cartoon-mini.jpg","Organization WebSite Product BreadcrumbList","27","si","si"
"/tienda/boligrafo-castell/","producto","70270","Bolígrafo Castell con logo personalizado | Promocionales J&J","Bolígrafo Castell","https://www.promocionalesjj.co/tienda/boligrafo-castell/","","Bolígrafo Castell para personalizar con el logo de tu empresa. Bolígrafo plástico. Cotiza por WhatsApp.","https://www.promocionalesjj.co/og-default.jpg","Organization WebSite Product BreadcrumbList","27","si","si"
"/tienda/boligrafo-clasp-borrable/","producto","72450","Bolígrafo Clasp Borrable con logo personalizado | Promocionales J&J","Bolígrafo Clasp Borrable","https://www.promocionalesjj.co/tienda/boligrafo-clasp-borrable/","","Bolígrafo Clasp Borrable para personalizar con el logo de tu empresa. Bolígrafo plástico con mecanismo push. Cotiza por WhatsApp.","https://www.promocionalesjj.co/img/productos/boligrafo-clasp-borrable.jpg","Organization WebSite Product BreadcrumbList","27","si","si"
"/tienda/boligrafo-coffee-eco/","producto","72328","Bolígrafo Coffee Eco con logo personalizado | Promocionales J&J","Bolígrafo Coffee Eco","https://www.promocionalesjj.co/tienda/boligrafo-coffee-eco/","","Bolígrafo Coffee Eco para personalizar con el logo de tu empresa. Bolígrafo elaborado en plástico ABS con fibra de café. Cotiza por WhatsApp.","https://www.promocionalesjj.co/img/productos/boligrafo-coffee-eco.jpg","Organization WebSite Product BreadcrumbList","27","si","si"
"/tienda/boligrafo-colgy-gyro/","producto","69983","Bolígrafo Colgy Gyro con logo personalizado | Promocionales J&J","Bolígrafo Colgy Gyro","https://www.promocionalesjj.co/tienda/boligrafo-colgy-gyro/","","Bolígrafo Colgy Gyro para personalizar con el logo de tu empresa. Bolígrafo metálico con stylus. Cotiza por WhatsApp.","https://www.promocionalesjj.co/og-default.jpg","Organization WebSite Product BreadcrumbList","27","si","si"
"/tienda/boligrafo-cork-stand/","producto","72161","Bolígrafo Cork Stand con logo personalizado | Promocionales J&J","Bolígrafo Cork Stand","https://www.promocionalesjj.co/tienda/boligrafo-cork-stand/","","Bolígrafo Cork Stand para personalizar con el logo de tu empresa. Bolígrafo con base de corcho. Cotiza por WhatsApp.","https://www.promocionalesjj.co/img/productos/boligrafo-cork-stand.jpg","Organization WebSite Product BreadcrumbList","27","si","si"
"/tienda/boligrafo-cricket-2-1/","producto","72304","Bolígrafo Cricket 2-1 con logo personalizado | Promocionales J&J","Bolígrafo Cricket 2-1","https://www.promocionalesjj.co/tienda/boligrafo-cricket-2-1/","","Bolígrafo Cricket 2-1 para personalizar con el logo de tu empresa. Bolígrafo de plástico con resaltador de tinta. Cotiza por WhatsApp.","https://www.promocionalesjj.co/img/productos/boligrafo-cricket-2-1.jpg","Organization WebSite Product BreadcrumbList","27","si","si"
"/tienda/boligrafo-crystal-2-1-nuevo/","producto","74116","Bolígrafo Crystal 2-1 Nuevo con logo personalizado | Promocionales J&J","Bolígrafo Crystal 2-1 Nuevo","https://www.promocionalesjj.co/tienda/boligrafo-crystal-2-1-nuevo/","","Bolígrafo Crystal 2-1 Nuevo para personalizar con el logo de tu empresa. Bolígrafo de plástico de mecanismo twist con resaltador de tinta.","https://www.promocionalesjj.co/img/productos/boligrafo-crystal-2-1-nuevo.jpg","Organization WebSite Product BreadcrumbList","27","si","si"
"/tienda/boligrafo-dash-frost/","producto","72501","Bolígrafo Dash Frost con logo personalizado | Promocionales J&J","Bolígrafo Dash Frost","https://www.promocionalesjj.co/tienda/boligrafo-dash-frost/","","Bolígrafo Dash Frost para personalizar con el logo de tu empresa. Bolígrafo plástico con mecanismo push. Cotiza por WhatsApp.","https://www.promocionalesjj.co/img/productos/boligrafo-dash-frost.jpg","Organization WebSite Product BreadcrumbList","27","si","si"
"/tienda/boligrafo-dash-solido/","producto","72598","Bolígrafo Dash Sólido con logo personalizado | Promocionales J&J","Bolígrafo Dash Sólido","https://www.promocionalesjj.co/tienda/boligrafo-dash-solido/","","Bolígrafo Dash Sólido para personalizar con el logo de tu empresa. Bolígrafo plástico con mecanismo push. Cotiza por WhatsApp.","https://www.promocionalesjj.co/img/productos/boligrafo-dash-solido.jpg","Organization WebSite Product BreadcrumbList","27","si","si"
"/tienda/boligrafo-delphi/","producto","71758","Bolígrafo Delphi con logo personalizado | Promocionales J&J","Bolígrafo Delphi","https://www.promocionalesjj.co/tienda/boligrafo-delphi/","","Bolígrafo Delphi para personalizar con el logo de tu empresa. Bolígrafo metálico con mecanismo push. Cotiza por WhatsApp.","https://www.promocionalesjj.co/img/productos/boligrafo-delphi.jpg","Organization WebSite Product BreadcrumbList","27","si","si"
"/tienda/boligrafo-deluxe-eco/","producto","73671","Bolígrafo Deluxe Eco con logo personalizado | Promocionales J&J","Bolígrafo Deluxe Eco","https://www.promocionalesjj.co/tienda/boligrafo-deluxe-eco/","","Bolígrafo Deluxe Eco para personalizar con el logo de tu empresa. Bolígrafo plástico mezclado con material ecológico de fibra de trigo (50%-60% aprox.","https://www.promocionalesjj.co/img/productos/boligrafo-deluxe-eco.jpg","Organization WebSite Product BreadcrumbList","27","si","si"
"/tienda/boligrafo-devo/","producto","71592","Bolígrafo Devo con logo personalizado | Promocionales J&J","Bolígrafo Devo","https://www.promocionalesjj.co/tienda/boligrafo-devo/","","Bolígrafo Devo para personalizar con el logo de tu empresa. Bolígrafo plástico. Cotiza por WhatsApp.","https://www.promocionalesjj.co/img/productos/boligrafo-devo.jpg","Organization WebSite Product BreadcrumbList","27","si","si"
"/tienda/boligrafo-doctor-clip-pvc/","producto","71253","Bolígrafo Doctor Clip PVC con logo personalizado | Promocionales J&J","Bolígrafo Doctor Clip PVC","https://www.promocionalesjj.co/tienda/boligrafo-doctor-clip-pvc/","","Bolígrafo Doctor Clip PVC para personalizar con el logo de tu empresa. Bolígrafo plástico con clip en PVC de doctor o doctora. Cotiza por WhatsApp.","https://www.promocionalesjj.co/og-default.jpg","Organization WebSite Product BreadcrumbList","27","si","si"
"/tienda/boligrafo-dormin-bamboo/","producto","71627","Bolígrafo Dormin Bamboo con logo personalizado | Promocionales J&J","Bolígrafo Dormin Bamboo","https://www.promocionalesjj.co/tienda/boligrafo-dormin-bamboo/","","Bolígrafo Dormin Bamboo para personalizar con el logo de tu empresa. Bolígrafo plástico con barril de bambú. Cotiza por WhatsApp.","https://www.promocionalesjj.co/og-default.jpg","Organization WebSite Product BreadcrumbList","27","si","si"
"/tienda/boligrafo-ecopetite/","producto","73528","Bolígrafo Ecopetite con logo personalizado | Promocionales J&J","Bolígrafo Ecopetite","https://www.promocionalesjj.co/tienda/boligrafo-ecopetite/","","Bolígrafo Ecopetite para personalizar con el logo de tu empresa. Bolígrafo plástico elaborado con fibra de trigo (50% aprox. Cotiza por WhatsApp.","https://www.promocionalesjj.co/img/productos/boligrafo-ecopetite.jpg","Organization WebSite Product BreadcrumbList","27","si","si"
"/tienda/boligrafo-elrik/","producto","72187","Bolígrafo Elrik con logo personalizado | Promocionales J&J","Bolígrafo Elrik","https://www.promocionalesjj.co/tienda/boligrafo-elrik/","","Bolígrafo Elrik para personalizar con el logo de tu empresa. Bolígrafo roller de plástico con tapa. Cotiza por WhatsApp.","https://www.promocionalesjj.co/img/productos/boligrafo-elrik.jpg","Organization WebSite Product BreadcrumbList","27","si","si"
"/tienda/boligrafo-flaggy-colombia/","producto","71275","Bolígrafo Flaggy Colombia con logo personalizado | Promocionales J&J","Bolígrafo Flaggy Colombia","https://www.promocionalesjj.co/tienda/boligrafo-flaggy-colombia/","","Bolígrafo Flaggy Colombia para personalizar con el logo de tu empresa. Bolígrafo de plástico con mecanismo push y grip de caucho. Cotiza por WhatsApp.","https://www.promocionalesjj.co/og-default.jpg","Organization WebSite Product BreadcrumbList","27","si","si"
"/tienda/boligrafo-flom-4-1-antibacteriano/","producto","73531","Bolígrafo Flom 4-1 Antibacteriano con logo personalizado | Promocionales J&J","Bolígrafo Flom 4-1 Antibacteriano","https://www.promocionalesjj.co/tienda/boligrafo-flom-4-1-antibacteriano/","","Bolígrafo Flom 4-1 Antibacteriano para personalizar con el logo de tu empresa. Cotiza por WhatsApp.","https://www.promocionalesjj.co/img/productos/boligrafo-flom-4-1-antibacteriano.jpg","Organization WebSite Product BreadcrumbList","28","si","si"
"/tienda/boligrafo-forest-bamboo/","producto","73410","Bolígrafo Forest Bamboo con logo personalizado | Promocionales J&J","Bolígrafo Forest Bamboo","https://www.promocionalesjj.co/tienda/boligrafo-forest-bamboo/","","Bolígrafo Forest Bamboo para personalizar con el logo de tu empresa. Bolígrafo con partes plásticas, clip metálico y barril de bambú. Cotiza por WhatsApp.","https://www.promocionalesjj.co/img/productos/boligrafo-forest-bamboo.jpg","Organization WebSite Product BreadcrumbList","27","si","si"
"/tienda/boligrafo-foster/","producto","70473","Bolígrafo Foster con logo personalizado | Promocionales J&J","Bolígrafo Foster","https://www.promocionalesjj.co/tienda/boligrafo-foster/","","Bolígrafo Foster para personalizar con el logo de tu empresa. Bolígrafo en acero inoxidable reciclado. Cotiza por WhatsApp.","https://www.promocionalesjj.co/img/productos/boligrafo-foster.jpg","Organization WebSite Product BreadcrumbList","27","si","si"
"/tienda/boligrafo-funk/","producto","71339","Bolígrafo Funk con logo personalizado | Promocionales J&J","Bolígrafo Funk","https://www.promocionalesjj.co/tienda/boligrafo-funk/","","Bolígrafo Funk para personalizar con el logo de tu empresa. Bolígrafo elaborado en aluminio post-consumo. Cotiza por WhatsApp.","https://www.promocionalesjj.co/img/productos/boligrafo-funk.jpg","Organization WebSite Product BreadcrumbList","27","si","si"
"/tienda/boligrafo-gamma-rpet/","producto","71968","Bolígrafo Gamma RPET con logo personalizado | Promocionales J&J","Bolígrafo Gamma RPET","https://www.promocionalesjj.co/tienda/boligrafo-gamma-rpet/","","Bolígrafo Gamma RPET para personalizar con el logo de tu empresa. Bolígrafo plástico. Cotiza por WhatsApp.","https://www.promocionalesjj.co/img/productos/boligrafo-gamma-rpet.jpg","Organization WebSite Product BreadcrumbList","27","si","si"
"/tienda/boligrafo-geometric-eco/","producto","73363","Bolígrafo Geometric Eco con logo personalizado | Promocionales J&J","Bolígrafo Geometric Eco","https://www.promocionalesjj.co/tienda/boligrafo-geometric-eco/","","Bolígrafo Geometric Eco para personalizar con el logo de tu empresa. Bolígrafo elaborado en plástico ABS con fibra de bambú. Cotiza por WhatsApp.","https://www.promocionalesjj.co/img/productos/boligrafo-geometric-eco.jpg","Organization WebSite Product BreadcrumbList","27","si","si"
"/tienda/boligrafo-glimmer/","producto","71714","Bolígrafo Glimmer con logo personalizado | Promocionales J&J","Bolígrafo Glimmer","https://www.promocionalesjj.co/tienda/boligrafo-glimmer/","","Bolígrafo Glimmer para personalizar con el logo de tu empresa. Bolígrafo metálico tipo push. Cotiza por WhatsApp.","https://www.promocionalesjj.co/img/productos/boligrafo-glimmer.jpg","Organization WebSite Product BreadcrumbList","27","si","si"
"/tienda/boligrafo-grasp/","producto","70464","Bolígrafo Grasp con logo personalizado | Promocionales J&J","Bolígrafo Grasp","https://www.promocionalesjj.co/tienda/boligrafo-grasp/","","Bolígrafo Grasp para personalizar con el logo de tu empresa. Bolígrafo plástico con mecanismo push. Cotiza por WhatsApp.","https://www.promocionalesjj.co/og-default.jpg","Organization WebSite Product BreadcrumbList","27","si","si"
"/tienda/boligrafo-grayson-stylus-cork/","producto","73174","Bolígrafo Grayson Stylus Cork con logo personalizado | Promocionales J&J","Bolígrafo Grayson Stylus Cork","https://www.promocionalesjj.co/tienda/boligrafo-grayson-stylus-cork/","","Bolígrafo Grayson Stylus Cork para personalizar con el logo de tu empresa. Bolígrafo plástico con stylus. Cotiza por WhatsApp.","https://www.promocionalesjj.co/img/productos/boligrafo-grayson-stylus-cork.jpg","Organization WebSite Product BreadcrumbList","27","si","si"
"/tienda/boligrafo-helix-bamboo/","producto","73108","Bolígrafo Helix Bamboo con logo personalizado | Promocionales J&J","Bolígrafo Helix Bamboo","https://www.promocionalesjj.co/tienda/boligrafo-helix-bamboo/","","Bolígrafo Helix Bamboo para personalizar con el logo de tu empresa. Bolígrafo de bambú con mecanismo push y stylus. Cotiza por WhatsApp.","https://www.promocionalesjj.co/img/productos/boligrafo-helix-bamboo.jpg","Organization WebSite Product BreadcrumbList","27","si","si"
"/tienda/boligrafo-helmet/","producto","71716","Bolígrafo Helmet con logo personalizado | Promocionales J&J","Bolígrafo Helmet","https://www.promocionalesjj.co/tienda/boligrafo-helmet/","","Bolígrafo Helmet para personalizar con el logo de tu empresa. Bolígrafo plástico. Cotiza por WhatsApp.","https://www.promocionalesjj.co/img/productos/boligrafo-helmet.jpg","Organization WebSite Product BreadcrumbList","27","si","si"
"/tienda/boligrafo-henley-bamboo/","producto","73243","Bolígrafo Henley Bamboo con logo personalizado | Promocionales J&J","Bolígrafo Henley Bamboo","https://www.promocionalesjj.co/tienda/boligrafo-henley-bamboo/","","Bolígrafo Henley Bamboo para personalizar con el logo de tu empresa. Bolígrafo de bambú con stylus. Cotiza por WhatsApp.","https://www.promocionalesjj.co/img/productos/boligrafo-henley-bamboo.jpg","Organization WebSite Product BreadcrumbList","27","si","si"
"/tienda/boligrafo-hollis/","producto","71716","Bolígrafo Hollis con logo personalizado | Promocionales J&J","Bolígrafo Hollis","https://www.promocionalesjj.co/tienda/boligrafo-hollis/","","Bolígrafo Hollis para personalizar con el logo de tu empresa. Bolígrafo plástico. Cotiza por WhatsApp.","https://www.promocionalesjj.co/img/productos/boligrafo-hollis.jpg","Organization WebSite Product BreadcrumbList","27","si","si"
"/tienda/boligrafo-hollis-pastel/","producto","72154","Bolígrafo Hollis Pastel con logo personalizado | Promocionales J&J","Bolígrafo Hollis Pastel","https://www.promocionalesjj.co/tienda/boligrafo-hollis-pastel/","","Bolígrafo Hollis Pastel para personalizar con el logo de tu empresa. Bolígrafo plástico. Cotiza por WhatsApp.","https://www.promocionalesjj.co/img/productos/boligrafo-hollis-pastel.jpg","Organization WebSite Product BreadcrumbList","27","si","si"
"/tienda/boligrafo-hollow-cartoon/","producto","73753","Bolígrafo Hollow Cartoon con logo personalizado | Promocionales J&J","Bolígrafo Hollow Cartoon","https://www.promocionalesjj.co/tienda/boligrafo-hollow-cartoon/","","Bolígrafo Hollow Cartoon para personalizar con el logo de tu empresa. Bolígrafo en cartón con tapa. Marcación en tampografía. Cotiza por WhatsApp.","https://www.promocionalesjj.co/img/productos/boligrafo-hollow-cartoon.jpg","Organization WebSite Product BreadcrumbList","27","si","si"
"/tienda/boligrafo-hollow-eco/","producto","72991","Bolígrafo Hollow Eco con logo personalizado | Promocionales J&J","Bolígrafo Hollow Eco","https://www.promocionalesjj.co/tienda/boligrafo-hollow-eco/","","Bolígrafo Hollow Eco para personalizar con el logo de tu empresa. Bolígrafo plástico con tapa. Cotiza por WhatsApp.","https://www.promocionalesjj.co/img/productos/boligrafo-hollow-eco.jpg","Organization WebSite Product BreadcrumbList","27","si","si"
"/tienda/boligrafo-holographic/","producto","73736","Bolígrafo Holographic con logo personalizado | Promocionales J&J","Bolígrafo Holographic","https://www.promocionalesjj.co/tienda/boligrafo-holographic/","","Bolígrafo Holographic para personalizar con el logo de tu empresa. Bolígrafo plástico con cuerpo que cambia de forma. Marcación en tampografía.","https://www.promocionalesjj.co/img/productos/boligrafo-holographic.jpg","Organization WebSite Product BreadcrumbList","27","si","si"
"/tienda/boligrafo-infinity-2-1/","producto","72364","Bolígrafo Infinity 2-1 con logo personalizado | Promocionales J&J","Bolígrafo Infinity 2-1","https://www.promocionalesjj.co/tienda/boligrafo-infinity-2-1/","","Bolígrafo Infinity 2-1 para personalizar con el logo de tu empresa. Cotiza por WhatsApp.","https://www.promocionalesjj.co/img/productos/boligrafo-infinity-2-1.jpg","Organization WebSite Product BreadcrumbList","27","si","si"
"/tienda/boligrafo-jenkin/","producto","73242","Bolígrafo Jenkin con logo personalizado | Promocionales J&J","Bolígrafo Jenkin","https://www.promocionalesjj.co/tienda/boligrafo-jenkin/","","Bolígrafo Jenkin para personalizar con el logo de tu empresa. Bolígrafo plástico. Marcación en tampografía. Cotiza por WhatsApp.","https://www.promocionalesjj.co/img/productos/boligrafo-jenkin.jpg","Organization WebSite Product BreadcrumbList","27","si","si"
"/tienda/boligrafo-jeringa/","producto","70448","Bolígrafo Jeringa con logo personalizado | Promocionales J&J","Bolígrafo Jeringa","https://www.promocionalesjj.co/tienda/boligrafo-jeringa/","","Bolígrafo Jeringa para personalizar con el logo de tu empresa. Bolígrafo plástico tipo jeringa. Cotiza por WhatsApp.","https://www.promocionalesjj.co/og-default.jpg","Organization WebSite Product BreadcrumbList","27","si","si"
"/tienda/boligrafo-jester-coffee/","producto","72514","Bolígrafo Jester Coffee con logo personalizado | Promocionales J&J","Bolígrafo Jester Coffee","https://www.promocionalesjj.co/tienda/boligrafo-jester-coffee/","","Bolígrafo Jester Coffee para personalizar con el logo de tu empresa. Bolígrafo elaborado en plástico ABS con fibra de café. Cotiza por WhatsApp.","https://www.promocionalesjj.co/img/productos/boligrafo-jester-coffee.jpg","Organization WebSite Product BreadcrumbList","27","si","si"
"/tienda/boligrafo-jovi/","producto","71596","Bolígrafo Jovi con logo personalizado | Promocionales J&J","Bolígrafo Jovi","https://www.promocionalesjj.co/tienda/boligrafo-jovi/","","Bolígrafo Jovi para personalizar con el logo de tu empresa. Bolígrafo plástico. Cotiza por WhatsApp.","https://www.promocionalesjj.co/img/productos/boligrafo-jovi.jpg","Organization WebSite Product BreadcrumbList","27","si","si"
"/tienda/boligrafo-jovi-eco/","producto","72815","Bolígrafo Jovi Eco con logo personalizado | Promocionales J&J","Bolígrafo Jovi Eco","https://www.promocionalesjj.co/tienda/boligrafo-jovi-eco/","","Bolígrafo Jovi Eco para personalizar con el logo de tu empresa. Bolígrafo plástico. Cotiza por WhatsApp.","https://www.promocionalesjj.co/img/productos/boligrafo-jovi-eco.jpg","Organization WebSite Product BreadcrumbList","27","si","si"
"/tienda/boligrafo-jovi-metalizado/","producto","72656","Bolígrafo Jovi Metalizado con logo personalizado | Promocionales J&J","Bolígrafo Jovi Metalizado","https://www.promocionalesjj.co/tienda/boligrafo-jovi-metalizado/","","Bolígrafo Jovi Metalizado para personalizar con el logo de tu empresa. Bolígrafo plástico. Cotiza por WhatsApp.","https://www.promocionalesjj.co/img/productos/boligrafo-jovi-metalizado.jpg","Organization WebSite Product BreadcrumbList","27","si","si"
"/tienda/boligrafo-kent/","producto","71592","Bolígrafo Kent con logo personalizado | Promocionales J&J","Bolígrafo Kent","https://www.promocionalesjj.co/tienda/boligrafo-kent/","","Bolígrafo Kent para personalizar con el logo de tu empresa. Bolígrafo plástico. Cotiza por WhatsApp.","https://www.promocionalesjj.co/img/productos/boligrafo-kent.jpg","Organization WebSite Product BreadcrumbList","27","si","si"
"/tienda/boligrafo-kerlin/","producto","70252","Bolígrafo Kerlin con logo personalizado | Promocionales J&J","Bolígrafo Kerlin","https://www.promocionalesjj.co/tienda/boligrafo-kerlin/","","Bolígrafo Kerlin para personalizar con el logo de tu empresa. Bolígrafo plástico con grip en silicona. Cotiza por WhatsApp.","https://www.promocionalesjj.co/og-default.jpg","Organization WebSite Product BreadcrumbList","27","si","si"
"/tienda/boligrafo-kord-bamboo/","producto","71895","Bolígrafo Kord Bamboo con logo personalizado | Promocionales J&J","Bolígrafo Kord Bamboo","https://www.promocionalesjj.co/tienda/boligrafo-kord-bamboo/","","Bolígrafo Kord Bamboo para personalizar con el logo de tu empresa. Bolígrafo roller en bambú con tapa y clip metálico. Cotiza por WhatsApp.","https://www.promocionalesjj.co/og-default.jpg","Organization WebSite Product BreadcrumbList","27","si","si"
"/tienda/boligrafo-landon/","producto","71716","Bolígrafo Landon con logo personalizado | Promocionales J&J","Bolígrafo Landon","https://www.promocionalesjj.co/tienda/boligrafo-landon/","","Bolígrafo Landon para personalizar con el logo de tu empresa. Bolígrafo plástico. Cotiza por WhatsApp.","https://www.promocionalesjj.co/img/productos/boligrafo-landon.jpg","Organization WebSite Product BreadcrumbList","27","si","si"
"/tienda/boligrafo-lepper/","producto","71716","Bolígrafo Lepper con logo personalizado | Promocionales J&J","Bolígrafo Lepper","https://www.promocionalesjj.co/tienda/boligrafo-lepper/","","Bolígrafo Lepper para personalizar con el logo de tu empresa. Bolígrafo plástico. Cotiza por WhatsApp.","https://www.promocionalesjj.co/img/productos/boligrafo-lepper.jpg","Organization WebSite Product BreadcrumbList","27","si","si"
"/tienda/boligrafo-lit/","producto","71904","Bolígrafo Lit con logo personalizado | Promocionales J&J","Bolígrafo Lit","https://www.promocionalesjj.co/tienda/boligrafo-lit/","","Bolígrafo Lit para personalizar con el logo de tu empresa. Bolígrafo plástico. Cotiza por WhatsApp.","https://www.promocionalesjj.co/img/productos/boligrafo-lit.jpg","Organization WebSite Product BreadcrumbList","27","si","si"
"/tienda/boligrafo-lizzy/","producto","71654","Bolígrafo Lizzy con logo personalizado | Promocionales J&J","Bolígrafo Lizzy","https://www.promocionalesjj.co/tienda/boligrafo-lizzy/","","Bolígrafo Lizzy para personalizar con el logo de tu empresa. Bolígrafo plástico. Cotiza por WhatsApp.","https://www.promocionalesjj.co/img/productos/boligrafo-lizzy.jpg","Organization WebSite Product BreadcrumbList","27","si","si"
"/tienda/boligrafo-lolly-bamboo-eco/","producto","73543","Bolígrafo Lolly Bamboo Eco con logo personalizado | Promocionales J&J","Bolígrafo Lolly Bamboo Eco","https://www.promocionalesjj.co/tienda/boligrafo-lolly-bamboo-eco/","","Bolígrafo Lolly Bamboo Eco para personalizar con el logo de tu empresa. Bolígrafo con partes plásticas, clip metálico y barril en bambú. Cotiza por WhatsApp.","https://www.promocionalesjj.co/img/productos/boligrafo-lolly-bamboo-eco.jpg","Organization WebSite Product BreadcrumbList","27","si","si"
"/tienda/boligrafo-luana/","producto","72533","Bolígrafo Luana con logo personalizado | Promocionales J&J","Bolígrafo Luana","https://www.promocionalesjj.co/tienda/boligrafo-luana/","","Bolígrafo Luana para personalizar con el logo de tu empresa. Bolígrafo plástico. Cotiza por WhatsApp.","https://www.promocionalesjj.co/img/productos/boligrafo-luana.jpg","Organization WebSite Product BreadcrumbList","27","si","si"
"/tienda/boligrafo-lynx-frost/","producto","70905","Bolígrafo Lynx Frost con logo personalizado | Promocionales J&J","Bolígrafo Lynx Frost","https://www.promocionalesjj.co/tienda/boligrafo-lynx-frost/","","Bolígrafo Lynx Frost para personalizar con el logo de tu empresa. Bolígrafo plástico con mecanismo push. Cotiza por WhatsApp.","https://www.promocionalesjj.co/og-default.jpg","Organization WebSite Product BreadcrumbList","27","si","si"
"/tienda/boligrafo-lynx-solido/","producto","70970","Bolígrafo Lynx Sólido con logo personalizado | Promocionales J&J","Bolígrafo Lynx Sólido","https://www.promocionalesjj.co/tienda/boligrafo-lynx-solido/","","Bolígrafo Lynx Sólido para personalizar con el logo de tu empresa. Bolígrafo plástico con mecanismo push. Cotiza por WhatsApp.","https://www.promocionalesjj.co/og-default.jpg","Organization WebSite Product BreadcrumbList","27","si","si"
"/tienda/boligrafo-maddax-gel/","producto","74132","Bolígrafo Maddax Gel con logo personalizado | Promocionales J&J","Bolígrafo Maddax Gel","https://www.promocionalesjj.co/tienda/boligrafo-maddax-gel/","","Bolígrafo Maddax Gel para personalizar con el logo de tu empresa. Bolígrafo plástico tipo micropunta, clip metálico y tapa. Marcación en tampografía.","https://www.promocionalesjj.co/img/productos/boligrafo-maddax-gel.jpg","Organization WebSite Product BreadcrumbList","27","si","si"
"/tienda/boligrafo-maze/","producto","73438","Bolígrafo Maze con logo personalizado | Promocionales J&J","Bolígrafo Maze","https://www.promocionalesjj.co/tienda/boligrafo-maze/","","Bolígrafo Maze para personalizar con el logo de tu empresa. Bolígrafo plástico con tapa y barril con laberinto. Marcación en tampografía. Cotiza por WhatsApp.","https://www.promocionalesjj.co/img/productos/boligrafo-maze.jpg","Organization WebSite Product BreadcrumbList","27","si","si"
"/tienda/boligrafo-medic/","producto","73444","Bolígrafo Medic con logo personalizado | Promocionales J&J","Bolígrafo Medic","https://www.promocionalesjj.co/tienda/boligrafo-medic/","","Bolígrafo Medic para personalizar con el logo de tu empresa. Bolígrafo plástico con clip de doctor, doctora o cirujano. Marcación en tampografía.","https://www.promocionalesjj.co/img/productos/boligrafo-medic.jpg","Organization WebSite Product BreadcrumbList","27","si","si"
"/tienda/boligrafo-merrick/","producto","71683","Bolígrafo Merrick con logo personalizado | Promocionales J&J","Bolígrafo Merrick","https://www.promocionalesjj.co/tienda/boligrafo-merrick/","","Bolígrafo Merrick para personalizar con el logo de tu empresa. Bolígrafo metálico con grip en poliéster RPET. Cotiza por WhatsApp.","https://www.promocionalesjj.co/img/productos/boligrafo-merrick.jpg","Organization WebSite Product BreadcrumbList","27","si","si"
"/tienda/boligrafo-metalico-shell/","producto","72332","Bolígrafo Metálico Shell con logo personalizado | Promocionales J&J","Bolígrafo Metálico Shell","https://www.promocionalesjj.co/tienda/boligrafo-metalico-shell/","","Bolígrafo Metálico Shell para personalizar con el logo de tu empresa. Bolígrafo metálico con dos minas adicionales. Cotiza por WhatsApp.","https://www.promocionalesjj.co/img/productos/boligrafo-metalico-shell.jpg","Organization WebSite Product BreadcrumbList","27","si","si"
"/tienda/boligrafo-mini-dwell/","producto","73720","Bolígrafo Mini Dwell con logo personalizado | Promocionales J&J","Bolígrafo Mini Dwell","https://www.promocionalesjj.co/tienda/boligrafo-mini-dwell/","","Bolígrafo Mini Dwell para personalizar con el logo de tu empresa. Mini bolígrafo plástico, mecanismo push, clip sujetador. Marcación en tampografía.","https://www.promocionalesjj.co/img/productos/boligrafo-mini-dwell.jpg","Organization WebSite Product BreadcrumbList","27","si","si"
"/tienda/boligrafo-mop-like-stylus/","producto","72736","Bolígrafo Mop Like Stylus con logo personalizado | Promocionales J&J","Bolígrafo Mop Like Stylus","https://www.promocionalesjj.co/tienda/boligrafo-mop-like-stylus/","","Bolígrafo Mop Like Stylus para personalizar con el logo de tu empresa. Bolígrafo plástico con stylus y cabeza con microfibra para limpiar pantallas.","https://www.promocionalesjj.co/img/productos/boligrafo-mop-like-stylus.jpg","Organization WebSite Product BreadcrumbList","27","si","si"
"/tienda/boligrafo-morris-roller/","producto","70577","Bolígrafo Morris Roller con logo personalizado | Promocionales J&J","Bolígrafo Morris Roller","https://www.promocionalesjj.co/tienda/boligrafo-morris-roller/","","Bolígrafo Morris Roller para personalizar con el logo de tu empresa. Bolígrafo roller metálico, con terminado de silicona en el barril. Cotiza por WhatsApp.","https://www.promocionalesjj.co/og-default.jpg","Organization WebSite Product BreadcrumbList","27","si","si"
"/tienda/boligrafo-multi-metal-4-1-nuevo/","producto","72509","Bolígrafo Multi Metal 4-1 Nuevo con logo personalizado | Promocionales J&J","Bolígrafo Multi Metal 4-1 Nuevo","https://www.promocionalesjj.co/tienda/boligrafo-multi-metal-4-1-nuevo/","","Bolígrafo Multi Metal 4-1 Nuevo para personalizar con el logo de tu empresa. Bolígrafo de aluminio reciclado, 4 minas (rojo, verde, azul, negro).","https://www.promocionalesjj.co/img/productos/boligrafo-multi-metal-4-1-nuevo.jpg","Organization WebSite Product BreadcrumbList","27","si","si"
"/tienda/boligrafo-mystic/","producto","72803","Bolígrafo Mystic con logo personalizado | Promocionales J&J","Bolígrafo Mystic","https://www.promocionalesjj.co/tienda/boligrafo-mystic/","","Bolígrafo Mystic para personalizar con el logo de tu empresa. Bolígrafo plástico con mecanismo twist y clip metálico. Cotiza por WhatsApp.","https://www.promocionalesjj.co/img/productos/boligrafo-mystic.jpg","Organization WebSite Product BreadcrumbList","27","si","si"
"/tienda/boligrafo-nest/","producto","73150","Bolígrafo Nest con logo personalizado | Promocionales J&J","Bolígrafo Nest","https://www.promocionalesjj.co/tienda/boligrafo-nest/","","Bolígrafo Nest para personalizar con el logo de tu empresa. Bolígrafo plástico con mecanismo push y partes en bambú. Cotiza por WhatsApp.","https://www.promocionalesjj.co/img/productos/boligrafo-nest.jpg","Organization WebSite Product BreadcrumbList","27","si","si"
"/tienda/boligrafo-oswin-roller/","producto","70244","Bolígrafo Oswin Roller con logo personalizado | Promocionales J&J","Bolígrafo Oswin Roller","https://www.promocionalesjj.co/tienda/boligrafo-oswin-roller/","","Bolígrafo Oswin Roller para personalizar con el logo de tu empresa. Roller metálico. Cotiza por WhatsApp.","https://www.promocionalesjj.co/og-default.jpg","Organization WebSite Product BreadcrumbList","27","si","si"
"/tienda/boligrafo-para-anotador-of-406/","producto","72635","Bolígrafo para Anotador Of-406 con logo personalizado | Promocionales J&J","Bolígrafo para Anotador Of-406","https://www.promocionalesjj.co/tienda/boligrafo-para-anotador-of-406/","","Bolígrafo para Anotador Of-406 para personalizar con el logo de tu empresa. Cotiza por WhatsApp.","https://www.promocionalesjj.co/img/productos/boligrafo-para-anotador-of-406.jpg","Organization WebSite Product BreadcrumbList","27","si","si"
"/tienda/boligrafo-pebble/","producto","72713","Bolígrafo Pebble con logo personalizado | Promocionales J&J","Bolígrafo Pebble","https://www.promocionalesjj.co/tienda/boligrafo-pebble/","","Bolígrafo Pebble para personalizar con el logo de tu empresa. Bolígrafo plástico cubierto en goma. Cotiza por WhatsApp.","https://www.promocionalesjj.co/img/productos/boligrafo-pebble.jpg","Organization WebSite Product BreadcrumbList","27","si","si"
"/tienda/boligrafo-portent-cartoon/","producto","73396","Bolígrafo Portent Cartoon con logo personalizado | Promocionales J&J","Bolígrafo Portent Cartoon","https://www.promocionalesjj.co/tienda/boligrafo-portent-cartoon/","","Bolígrafo Portent Cartoon para personalizar con el logo de tu empresa. Bolígrafo plástico con barril en cartón y partes plásticas con fibra de trigo.","https://www.promocionalesjj.co/img/productos/boligrafo-portent-cartoon.jpg","Organization WebSite Product BreadcrumbList","27","si","si"
"/tienda/boligrafo-ralph/","producto","71654","Bolígrafo Ralph con logo personalizado | Promocionales J&J","Bolígrafo Ralph","https://www.promocionalesjj.co/tienda/boligrafo-ralph/","","Bolígrafo Ralph para personalizar con el logo de tu empresa. Bolígrafo plástico. Cotiza por WhatsApp.","https://www.promocionalesjj.co/img/productos/boligrafo-ralph.jpg","Organization WebSite Product BreadcrumbList","27","si","si"
"/tienda/boligrafo-rapid-gel/","producto","74066","Bolígrafo Rapid Gel con logo personalizado | Promocionales J&J","Bolígrafo Rapid Gel","https://www.promocionalesjj.co/tienda/boligrafo-rapid-gel/","","Bolígrafo Rapid Gel para personalizar con el logo de tu empresa. Bolígrafo plástico tipo micropunta, clip metálico y tapa. Marcación en tampografía.","https://www.promocionalesjj.co/img/productos/boligrafo-rapid-gel.jpg","Organization WebSite Product BreadcrumbList","27","si","si"
"/tienda/boligrafo-roller-delphi/","producto","72126","Bolígrafo Roller Delphi con logo personalizado | Promocionales J&J","Bolígrafo Roller Delphi","https://www.promocionalesjj.co/tienda/boligrafo-roller-delphi/","","Bolígrafo Roller Delphi para personalizar con el logo de tu empresa. Bolígrafo metálico tipo roller. Cotiza por WhatsApp.","https://www.promocionalesjj.co/img/productos/boligrafo-roller-delphi.jpg","Organization WebSite Product BreadcrumbList","27","si","si"
"/tienda/boligrafo-rompecabezas/","producto","70638","Bolígrafo Rompecabezas con logo personalizado | Promocionales J&J","Bolígrafo Rompecabezas","https://www.promocionalesjj.co/tienda/boligrafo-rompecabezas/","","Bolígrafo Rompecabezas para personalizar con el logo de tu empresa. Bolígrafo plástico con mecanismo push. Cotiza por WhatsApp.","https://www.promocionalesjj.co/og-default.jpg","Organization WebSite Product BreadcrumbList","27","si","si"
"/tienda/boligrafo-rush-neon/","producto","71941","Bolígrafo Rush Neón con logo personalizado | Promocionales J&J","Bolígrafo Rush Neón","https://www.promocionalesjj.co/tienda/boligrafo-rush-neon/","","Bolígrafo Rush Neón para personalizar con el logo de tu empresa. Bolígrafo plástico. Cotiza por WhatsApp.","https://www.promocionalesjj.co/img/productos/boligrafo-rush-neon.jpg","Organization WebSite Product BreadcrumbList","27","si","si"
"/tienda/boligrafo-sawyer/","producto","71265","Bolígrafo Sawyer con logo personalizado | Promocionales J&J","Bolígrafo Sawyer","https://www.promocionalesjj.co/tienda/boligrafo-sawyer/","","Bolígrafo Sawyer para personalizar con el logo de tu empresa. Bolígrafo plástico con grip de bambú. Cotiza por WhatsApp.","https://www.promocionalesjj.co/og-default.jpg","Organization WebSite Product BreadcrumbList","27","si","si"
"/tienda/boligrafo-scroll/","producto","71825","Bolígrafo Scroll con logo personalizado | Promocionales J&J","Bolígrafo Scroll","https://www.promocionalesjj.co/tienda/boligrafo-scroll/","","Bolígrafo Scroll para personalizar con el logo de tu empresa. Bolígrafo metálico con partes en bambú, tipo push con stylus. Cotiza por WhatsApp.","https://www.promocionalesjj.co/og-default.jpg","Organization WebSite Product BreadcrumbList","27","si","si"
"/tienda/boligrafo-selva-metalizado/","producto","72718","Bolígrafo Selva Metalizado con logo personalizado | Promocionales J&J","Bolígrafo Selva Metalizado","https://www.promocionalesjj.co/tienda/boligrafo-selva-metalizado/","","Bolígrafo Selva Metalizado para personalizar con el logo de tu empresa. Bolígrafo plástico. Cotiza por WhatsApp.","https://www.promocionalesjj.co/img/productos/boligrafo-selva-metalizado.jpg","Organization WebSite Product BreadcrumbList","27","si","si"
"/tienda/boligrafo-selva-pastel/","producto","72096","Bolígrafo Selva Pastel con logo personalizado | Promocionales J&J","Bolígrafo Selva Pastel","https://www.promocionalesjj.co/tienda/boligrafo-selva-pastel/","","Bolígrafo Selva Pastel para personalizar con el logo de tu empresa. Bolígrafo plástico. Cotiza por WhatsApp.","https://www.promocionalesjj.co/img/productos/boligrafo-selva-pastel.jpg","Organization WebSite Product BreadcrumbList","27","si","si"
"/tienda/boligrafo-shimmer/","producto","70310","Bolígrafo Shimmer con logo personalizado | Promocionales J&J","Bolígrafo Shimmer","https://www.promocionalesjj.co/tienda/boligrafo-shimmer/","","Bolígrafo Shimmer para personalizar con el logo de tu empresa. Bolígrafo metálico con mecanismo twist. Cotiza por WhatsApp.","https://www.promocionalesjj.co/og-default.jpg","Organization WebSite Product BreadcrumbList","27","si","si"
"/tienda/boligrafo-skip/","producto","72346","Bolígrafo Skip con logo personalizado | Promocionales J&J","Bolígrafo Skip","https://www.promocionalesjj.co/tienda/boligrafo-skip/","","Bolígrafo Skip para personalizar con el logo de tu empresa. Bolígrafo plástico con grip en silicona y clip metálico. Cotiza por WhatsApp.","https://www.promocionalesjj.co/img/productos/boligrafo-skip.jpg","Organization WebSite Product BreadcrumbList","27","si","si"
"/tienda/boligrafo-sookie/","producto","71323","Bolígrafo Sookie con logo personalizado | Promocionales J&J","Bolígrafo Sookie","https://www.promocionalesjj.co/tienda/boligrafo-sookie/","","Bolígrafo Sookie para personalizar con el logo de tu empresa. Bolígrafo metálico con stylus. Cotiza por WhatsApp.","https://www.promocionalesjj.co/img/productos/boligrafo-sookie.jpg","Organization WebSite Product BreadcrumbList","27","si","si"
"/tienda/boligrafo-spray-max-antibacteriano/","producto","74262","Bolígrafo Spray Max Antibacteriano con logo personalizado | Promocionales J&J","Bolígrafo Spray Max Antibacteriano","https://www.promocionalesjj.co/tienda/boligrafo-spray-max-antibacteriano/","","Bolígrafo Spray Max Antibacteriano para personalizar con el logo de tu empresa. Cotiza por WhatsApp.","https://www.promocionalesjj.co/img/productos/boligrafo-spray-max-antibacteriano.jpg","Organization WebSite Product BreadcrumbList","27","si","si"
"/tienda/boligrafo-stand-pen/","producto","72420","Bolígrafo Stand Pen con logo personalizado | Promocionales J&J","Bolígrafo Stand Pen","https://www.promocionalesjj.co/tienda/boligrafo-stand-pen/","","Bolígrafo Stand Pen para personalizar con el logo de tu empresa. Bolígrafo con base plástica y cuerda tipo resorte. Cotiza por WhatsApp.","https://www.promocionalesjj.co/img/productos/boligrafo-stand-pen.jpg","Organization WebSite Product BreadcrumbList","27","si","si"
"/tienda/boligrafo-summit-eco-bamboo/","producto","73435","Bolígrafo Summit Eco Bamboo con logo personalizado | Promocionales J&J","Bolígrafo Summit Eco Bamboo","https://www.promocionalesjj.co/tienda/boligrafo-summit-eco-bamboo/","","Bolígrafo Summit Eco Bamboo para personalizar con el logo de tu empresa. Bolígrafo plástico con grip de bambú. Cotiza por WhatsApp.","https://www.promocionalesjj.co/img/productos/boligrafo-summit-eco-bamboo.jpg","Organization WebSite Product BreadcrumbList","27","si","si"
"/tienda/boligrafo-summit-metal/","producto","73165","Bolígrafo Summit Metal con logo personalizado | Promocionales J&J","Bolígrafo Summit Metal","https://www.promocionalesjj.co/tienda/boligrafo-summit-metal/","","Bolígrafo Summit Metal para personalizar con el logo de tu empresa. Bolígrafo metálico con mecanismo push y clip plástico. Cotiza por WhatsApp.","https://www.promocionalesjj.co/img/productos/boligrafo-summit-metal.jpg","Organization WebSite Product BreadcrumbList","27","si","si"
"/tienda/boligrafo-summit-metal-cork/","producto","72376","Bolígrafo Summit Metal Cork con logo personalizado | Promocionales J&J","Bolígrafo Summit Metal Cork","https://www.promocionalesjj.co/tienda/boligrafo-summit-metal-cork/","","Bolígrafo Summit Metal Cork para personalizar con el logo de tu empresa. Bolígrafo metálico tipo push. Cotiza por WhatsApp.","https://www.promocionalesjj.co/img/productos/boligrafo-summit-metal-cork.jpg","Organization WebSite Product BreadcrumbList","27","si","si"
"/tienda/boligrafo-swift-eco/","producto","73114","Bolígrafo Swift Eco con logo personalizado | Promocionales J&J","Bolígrafo Swift Eco","https://www.promocionalesjj.co/tienda/boligrafo-swift-eco/","","Bolígrafo Swift Eco para personalizar con el logo de tu empresa. Bolígrafo plástico con mecanismo push en bambú. Cotiza por WhatsApp.","https://www.promocionalesjj.co/img/productos/boligrafo-swift-eco.jpg","Organization WebSite Product BreadcrumbList","27","si","si"
"/tienda/boligrafo-tankist-stylus/","producto","71823","Bolígrafo Tankist Stylus con logo personalizado | Promocionales J&J","Bolígrafo Tankist Stylus","https://www.promocionalesjj.co/tienda/boligrafo-tankist-stylus/","","Bolígrafo Tankist Stylus para personalizar con el logo de tu empresa. Bolígrafo metálico con stylus. Cotiza por WhatsApp.","https://www.promocionalesjj.co/img/productos/boligrafo-tankist-stylus.jpg","Organization WebSite Product BreadcrumbList","27","si","si"
"/tienda/boligrafo-telson/","producto","70778","Bolígrafo Telson con logo personalizado | Promocionales J&J","Bolígrafo Telson","https://www.promocionalesjj.co/tienda/boligrafo-telson/","","Bolígrafo Telson para personalizar con el logo de tu empresa. Bolígrafo plástico con barril interno giratorio. Cotiza por WhatsApp.","https://www.promocionalesjj.co/og-default.jpg","Organization WebSite Product BreadcrumbList","27","si","si"
"/tienda/boligrafo-tempo/","producto","72607","Bolígrafo Tempo con logo personalizado | Promocionales J&J","Bolígrafo Tempo","https://www.promocionalesjj.co/tienda/boligrafo-tempo/","","Bolígrafo Tempo para personalizar con el logo de tu empresa. Bolígrafo metálico. Marcación en láser. Cotiza por WhatsApp.","https://www.promocionalesjj.co/img/productos/boligrafo-tempo.jpg","Organization WebSite Product BreadcrumbList","27","si","si"
"/tienda/boligrafo-vardis-bamboo/","producto","75337","Bolígrafo Vardis Bamboo con logo personalizado | Promocionales J&J","Bolígrafo Vardis Bamboo","https://www.promocionalesjj.co/tienda/boligrafo-vardis-bamboo/","","Bolígrafo Vardis Bamboo para personalizar con el logo de tu empresa. Bolígrafo metálico en bambú con estuche en bambú Mecanismo Twist. Marcación en láser.","https://www.promocionalesjj.co/img/productos/boligrafo-vardis-bamboo.jpg","Organization WebSite Product BreadcrumbList","27","si","si"
"/tienda/boligrafo-vector-roller/","producto","72370","Bolígrafo Vector Roller con logo personalizado | Promocionales J&J","Bolígrafo Vector Roller","https://www.promocionalesjj.co/tienda/boligrafo-vector-roller/","","Bolígrafo Vector Roller para personalizar con el logo de tu empresa. Bolígrafo roller en aluminio reciclado con clip metálico. Cotiza por WhatsApp.","https://www.promocionalesjj.co/img/productos/boligrafo-vector-roller.jpg","Organization WebSite Product BreadcrumbList","27","si","si"
"/tienda/boligrafo-ventura-bamboo-natural/","producto","75021","Bolígrafo Ventura Bamboo Natural con logo personalizado | Promocionales J&J","Bolígrafo Ventura Bamboo Natural","https://www.promocionalesjj.co/tienda/boligrafo-ventura-bamboo-natural/","","Bolígrafo Ventura Bamboo Natural para personalizar con el logo de tu empresa. Partes plasticas clip metálico y barril en bambú Mecanismo push.","https://www.promocionalesjj.co/img/productos/boligrafo-ventura-bamboo-natural.jpg","Organization WebSite Product BreadcrumbList","27","si","si"
"/tienda/boligrafo-ventura-barril-plata/","producto","72809","Bolígrafo Ventura Barril Plata con logo personalizado | Promocionales J&J","Bolígrafo Ventura Barril Plata","https://www.promocionalesjj.co/tienda/boligrafo-ventura-barril-plata/","","Bolígrafo Ventura Barril Plata para personalizar con el logo de tu empresa. Bolígrafo plástico Clip metálico. Marcación en tampografía. Cotiza por WhatsApp.","https://www.promocionalesjj.co/og-default.jpg","Organization WebSite Product BreadcrumbList","27","si","si"
"/tienda/boligrafo-ventura-clean-set/","producto","71306","Bolígrafo Ventura Clean Set con logo personalizado | Promocionales J&J","Bolígrafo Ventura Clean Set","https://www.promocionalesjj.co/tienda/boligrafo-ventura-clean-set/","","Bolígrafo Ventura Clean Set para personalizar con el logo de tu empresa. Bolígrafo plástico con clip metálico. Cotiza por WhatsApp.","https://www.promocionalesjj.co/og-default.jpg","Organization WebSite Product BreadcrumbList","27","si","si"
"/tienda/boligrafo-ventura-colombia/","producto","72904","Bolígrafo Ventura Colombia con logo personalizado | Promocionales J&J","Bolígrafo Ventura Colombia","https://www.promocionalesjj.co/tienda/boligrafo-ventura-colombia/","","Bolígrafo Ventura Colombia para personalizar con el logo de tu empresa. Bolígrafo plástico con mecanismo push. Cotiza por WhatsApp.","https://www.promocionalesjj.co/img/productos/boligrafo-ventura-colombia.jpg","Organization WebSite Product BreadcrumbList","27","si","si"
"/tienda/boligrafo-ventura-eco-bamboo/","producto","75922","Bolígrafo Ventura Eco Bamboo con logo personalizado | Promocionales J&J","Bolígrafo Ventura Eco Bamboo","https://www.promocionalesjj.co/tienda/boligrafo-ventura-eco-bamboo/","","Bolígrafo Ventura Eco Bamboo para personalizar con el logo de tu empresa. Marcación en tampografía. Cotiza por WhatsApp.","https://www.promocionalesjj.co/img/productos/boligrafo-ventura-eco-bamboo.jpg","Organization WebSite Product BreadcrumbList","27","si","si"
"/tienda/boligrafo-ventura-eco-fibra-de-trigo/","producto","75398","Bolígrafo Ventura Eco Fibra de Trigo con logo personalizado | Promocionales J&J","Bolígrafo Ventura Eco Fibra de Trigo","https://www.promocionalesjj.co/tienda/boligrafo-ventura-eco-fibra-de-trigo/","","Bolígrafo Ventura Eco Fibra de Trigo para personalizar con el logo de tu empresa. Marcación en tampografía. Cotiza por WhatsApp.","https://www.promocionalesjj.co/img/productos/boligrafo-ventura-eco-fibra-de-trigo.jpg","Organization WebSite Product BreadcrumbList","27","si","si"
"/tienda/boligrafo-ventura-spray-antibacteriano/","producto","74726","Bolígrafo Ventura Spray Antibacteriano con logo personalizado | Promocionales J&J","Bolígrafo Ventura Spray Antibacteriano","https://www.promocionalesjj.co/tienda/boligrafo-ventura-spray-antibacteriano/","","Bolígrafo Ventura Spray Antibacteriano para personalizar con el logo de tu empresa. Cotiza por WhatsApp.","https://www.promocionalesjj.co/img/productos/boligrafo-ventura-spray-antibacteriano.jpg","Organization WebSite Product BreadcrumbList","27","si","si"
"/tienda/boligrafo-vinnie/","producto","73406","Bolígrafo Vinnie con logo personalizado | Promocionales J&J","Bolígrafo Vinnie","https://www.promocionalesjj.co/tienda/boligrafo-vinnie/","","Bolígrafo Vinnie para personalizar con el logo de tu empresa. Bolígrafo plástico, Mecanismo Push. Marcación en tampografía. Cotiza por WhatsApp.","https://www.promocionalesjj.co/img/productos/boligrafo-vinnie.jpg","Organization WebSite Product BreadcrumbList","27","si","si"
"/tienda/boligrafo-vinnie-antibacteriano/","producto","74553","Bolígrafo Vinnie Antibacteriano con logo personalizado | Promocionales J&J","Bolígrafo Vinnie Antibacteriano","https://www.promocionalesjj.co/tienda/boligrafo-vinnie-antibacteriano/","","Bolígrafo Vinnie Antibacteriano para personalizar con el logo de tu empresa. Cotiza por WhatsApp.","https://www.promocionalesjj.co/img/productos/boligrafo-vinnie-antibacteriano.jpg","Organization WebSite Product BreadcrumbList","28","si","si"
"/tienda/boligrafo-vinnie-coffee/","producto","74276","Bolígrafo Vinnie-Coffee con logo personalizado | Promocionales J&J","Bolígrafo Vinnie-Coffee","https://www.promocionalesjj.co/tienda/boligrafo-vinnie-coffee/","","Bolígrafo Vinnie-Coffee para personalizar con el logo de tu empresa. Marcación en tampografía. Cotiza por WhatsApp.","https://www.promocionalesjj.co/img/productos/boligrafo-vinnie-coffee.jpg","Organization WebSite Product BreadcrumbList","27","si","si"
"/tienda/boligrafo-vinnie-eco/","producto","74692","Bolígrafo Vinnie Eco con logo personalizado | Promocionales J&J","Bolígrafo Vinnie Eco","https://www.promocionalesjj.co/tienda/boligrafo-vinnie-eco/","","Bolígrafo Vinnie Eco para personalizar con el logo de tu empresa. Marcación en tampografía. Cotiza por WhatsApp.","https://www.promocionalesjj.co/img/productos/boligrafo-vinnie-eco.jpg","Organization WebSite Product BreadcrumbList","27","si","si"
"/tienda/boligrafo-vinnie-grip/","producto","72559","Bolígrafo Vinnie Grip con logo personalizado | Promocionales J&J","Bolígrafo Vinnie Grip","https://www.promocionalesjj.co/tienda/boligrafo-vinnie-grip/","","Bolígrafo Vinnie Grip para personalizar con el logo de tu empresa. Bolígrafo plástico con mecanismo push. Cotiza por WhatsApp.","https://www.promocionalesjj.co/img/productos/boligrafo-vinnie-grip.jpg","Organization WebSite Product BreadcrumbList","27","si","si"
"/tienda/boligrafo-vinnie-pastel/","producto","72683","Bolígrafo Vinnie Pastel con logo personalizado | Promocionales J&J","Bolígrafo Vinnie Pastel","https://www.promocionalesjj.co/tienda/boligrafo-vinnie-pastel/","","Bolígrafo Vinnie Pastel para personalizar con el logo de tu empresa. Bolígrafo plástico con mecanismo push. Cotiza por WhatsApp.","https://www.promocionalesjj.co/img/productos/boligrafo-vinnie-pastel.jpg","Organization WebSite Product BreadcrumbList","27","si","si"
"/tienda/boligrafo-vinnie-stylus-antibacteriano/","producto","74854","Bolígrafo Vinnie Stylus Antibacteriano con logo personalizado | Promocionales J&J","Bolígrafo Vinnie Stylus Antibacteriano","https://www.promocionalesjj.co/tienda/boligrafo-vinnie-stylus-antibacteriano/","","Bolígrafo Vinnie Stylus Antibacteriano para personalizar con el logo de tu empresa. Cotiza por WhatsApp.","https://www.promocionalesjj.co/img/productos/boligrafo-vinnie-stylus-antibacteriano.jpg","Organization WebSite Product BreadcrumbList","28","si","si"
"/tienda/boligrafo-wister/","producto","71319","Bolígrafo Wister con logo personalizado | Promocionales J&J","Bolígrafo Wister","https://www.promocionalesjj.co/tienda/boligrafo-wister/","","Bolígrafo Wister para personalizar con el logo de tu empresa. Bolígrafo metálico. Marcación en tampografía, láser. Cotiza por WhatsApp.","https://www.promocionalesjj.co/og-default.jpg","Organization WebSite Product BreadcrumbList","27","si","si"
"/tienda/boligrafo-woody/","producto","71963","Bolígrafo Woody con logo personalizado | Promocionales J&J","Bolígrafo Woody","https://www.promocionalesjj.co/tienda/boligrafo-woody/","","Bolígrafo Woody para personalizar con el logo de tu empresa. Bolígrafo en cartón, clip en madera y punta plástica. Marcación en tampografía.","https://www.promocionalesjj.co/og-default.jpg","Organization WebSite Product BreadcrumbList","27","si","si"
"/tienda/boligrafo-ziwei-bamboo/","producto","73336","Bolígrafo Ziwei Bamboo con logo personalizado | Promocionales J&J","Bolígrafo Ziwei Bamboo","https://www.promocionalesjj.co/tienda/boligrafo-ziwei-bamboo/","","Bolígrafo Ziwei Bamboo para personalizar con el logo de tu empresa. Bolígrafo metálico con partes en bambú. Cotiza por WhatsApp.","https://www.promocionalesjj.co/img/productos/boligrafo-ziwei-bamboo.jpg","Organization WebSite Product BreadcrumbList","27","si","si"
"/tienda/boligrafoo-nest-eco/","producto","73674","Bolígrafo plástico Boligrafoo Nest Eco con logo personalizado | Promocionales J&J","Bolígrafo plástico Boligrafoo Nest Eco","https://www.promocionalesjj.co/tienda/boligrafoo-nest-eco/","","Bolígrafo plástico Boligrafoo Nest Eco para personalizar con el logo de tu empresa. Cotiza por WhatsApp.","https://www.promocionalesjj.co/img/productos/boligrafoo-nest-eco.jpg","Organization WebSite Product BreadcrumbList","27","si","si"
"/tienda/bolsa-ecologica-laminada-en-rpet/","producto","73497","Bolsa Ecológica Laminada en RPET con logo personalizado | Promocionales J&J","Bolsa Ecológica Laminada en RPET","https://www.promocionalesjj.co/tienda/bolsa-ecologica-laminada-en-rpet/","","Bolsa Ecológica Laminada en RPET para personalizar con el logo de tu empresa. Cotiza por WhatsApp.","https://www.promocionalesjj.co/img/productos/bolsa-ecologica-laminada-en-rpet.jpg","Organization WebSite Product BreadcrumbList","27","si","si"
"/tienda/bolsa-en-algodon-alva-100gr/","producto","72136","Bolsa en Algodón Alva 100 gr con logo personalizado | Promocionales J&J","Bolsa en Algodón Alva 100 gr","https://www.promocionalesjj.co/tienda/bolsa-en-algodon-alva-100gr/","","Bolsa en Algodón Alva 100 gr para personalizar con el logo de tu empresa. Min bolsa en algodón de 100 gr/mt2. Cotiza por WhatsApp.","https://www.promocionalesjj.co/og-default.jpg","Organization WebSite Product BreadcrumbList","27","si","si"
"/tienda/bolsa-en-algodon-basic-300gr/","producto","72184","Bolsa en Algodón Basic 300 gr con logo personalizado | Promocionales J&J","Bolsa en Algodón Basic 300 gr","https://www.promocionalesjj.co/tienda/bolsa-en-algodon-basic-300gr/","","Bolsa en Algodón Basic 300 gr para personalizar con el logo de tu empresa. Bolsa tula en algodón de 300 gr/mt2. Cotiza por WhatsApp.","https://www.promocionalesjj.co/og-default.jpg","Organization WebSite Product BreadcrumbList","27","si","si"
"/tienda/bolsa-en-algodon-botanik-100gr/","producto","72634","Bolsa en Algodón Botanik (100 gr) con logo personalizado | Promocionales J&J","Bolsa en Algodón Botanik (100 gr)","https://www.promocionalesjj.co/tienda/bolsa-en-algodon-botanik-100gr/","","Bolsa en Algodón Botanik (100 gr) para personalizar con el logo de tu empresa. Bolsa en algodón de 100 gr/mt2. Cotiza por WhatsApp.","https://www.promocionalesjj.co/img/productos/bolsa-en-algodon-botanik-100gr.jpg","Organization WebSite Product BreadcrumbList","27","si","si"
"/tienda/bolsa-en-algodon-botanik-135gr/","producto","73245","Bolsa en Algodón Botanik (135 gr) con logo personalizado | Promocionales J&J","Bolsa en Algodón Botanik (135 gr)","https://www.promocionalesjj.co/tienda/bolsa-en-algodon-botanik-135gr/","","Bolsa en Algodón Botanik (135 gr) para personalizar con el logo de tu empresa. Algodón de 135 gr/mt2. Marcación en screen. Cotiza por WhatsApp.","https://www.promocionalesjj.co/img/productos/bolsa-en-algodon-botanik-135gr.jpg","Organization WebSite Product BreadcrumbList","27","si","si"
"/tienda/bolsa-en-algodon-con-fuelle-100gr/","producto","72793","Bolsa en Algodón con Fuelle (100 gr) con logo personalizado | Promocionales J&J","Bolsa en Algodón con Fuelle (100 gr)","https://www.promocionalesjj.co/tienda/bolsa-en-algodon-con-fuelle-100gr/","","Bolsa en Algodón con Fuelle (100 gr) para personalizar con el logo de tu empresa. Bolsa en algodón de 100 gr/mt2. Cotiza por WhatsApp.","https://www.promocionalesjj.co/img/productos/bolsa-en-algodon-con-fuelle-100gr.jpg","Organization WebSite Product BreadcrumbList","27","si","si"
"/tienda/bolsa-en-algodon-con-fuelle-135gr/","producto","73408","Bolsa en Algodón con Fuelle (135 gr) con logo personalizado | Promocionales J&J","Bolsa en Algodón con Fuelle (135 gr)","https://www.promocionalesjj.co/tienda/bolsa-en-algodon-con-fuelle-135gr/","","Bolsa en Algodón con Fuelle (135 gr) para personalizar con el logo de tu empresa. Algodón de 135 gr/mt2. Marcación en screen. Cotiza por WhatsApp.","https://www.promocionalesjj.co/img/productos/bolsa-en-algodon-con-fuelle-135gr.jpg","Organization WebSite Product BreadcrumbList","27","si","si"
"/tienda/bolsa-en-algodon-corcho-135gr/","producto","73762","Bolsa en Algodón Corcho (135 gr) con logo personalizado | Promocionales J&J","Bolsa en Algodón Corcho (135 gr)","https://www.promocionalesjj.co/tienda/bolsa-en-algodon-corcho-135gr/","","Bolsa en Algodón Corcho (135 gr) para personalizar con el logo de tu empresa. Marcación en screen. Cotiza por WhatsApp.","https://www.promocionalesjj.co/img/productos/bolsa-en-algodon-corcho-135gr.jpg","Organization WebSite Product BreadcrumbList","27","si","si"
"/tienda/bolsa-en-algodon-ecopack/","producto","72077","Bolsa en Algodón Ecopack con logo personalizado | Promocionales J&J","Bolsa en Algodón Ecopack","https://www.promocionalesjj.co/tienda/bolsa-en-algodon-ecopack/","","Bolsa en Algodón Ecopack para personalizar con el logo de tu empresa. Bolsa en algodón reciclado de 120 gr/mt2. Cotiza por WhatsApp.","https://www.promocionalesjj.co/og-default.jpg","Organization WebSite Product BreadcrumbList","27","si","si"
"/tienda/bolsa-en-algodon-ecotote/","producto","69002","Bolsa en Algodón Ecotote con logo personalizado | Promocionales J&J","Bolsa en Algodón Ecotote","https://www.promocionalesjj.co/tienda/bolsa-en-algodon-ecotote/","","Bolsa en Algodón Ecotote para personalizar con el logo de tu empresa. Bolsa en algodón reciclado de 120 gr/mt2, con base en yute. Cotiza por WhatsApp.","https://www.promocionalesjj.co/og-default.jpg","Organization WebSite Product BreadcrumbList","27","si","si"
"/tienda/bolsa-en-algodon-shopper-290gr/","producto","73439","Bolsa en Algodón Shopper (290 gr) con logo personalizado | Promocionales J&J","Bolsa en Algodón Shopper (290 gr)","https://www.promocionalesjj.co/tienda/bolsa-en-algodon-shopper-290gr/","","Bolsa en Algodón Shopper (290 gr) para personalizar con el logo de tu empresa. Bolsa en algodón de 290 gr con bolsillo exterior, manijas en algodón,.","https://www.promocionalesjj.co/img/productos/bolsa-en-algodon-shopper-290gr.jpg","Organization WebSite Product BreadcrumbList","27","si","si"
"/tienda/bolsa-en-algodon-solara-240gr/","producto","72168","Bolsa en Algodón Solara 240 gr con logo personalizado | Promocionales J&J","Bolsa en Algodón Solara 240 gr","https://www.promocionalesjj.co/tienda/bolsa-en-algodon-solara-240gr/","","Bolsa en Algodón Solara 240 gr para personalizar con el logo de tu empresa. Bolsa en algodón de 240 gr/mt2. Cotiza por WhatsApp.","https://www.promocionalesjj.co/og-default.jpg","Organization WebSite Product BreadcrumbList","27","si","si"
"/tienda/bolsa-en-algodon-vera-140gr/","producto","72086","Bolsa en Algodón Vera 140 gr con logo personalizado | Promocionales J&J","Bolsa en Algodón Vera 140 gr","https://www.promocionalesjj.co/tienda/bolsa-en-algodon-vera-140gr/","","Bolsa en Algodón Vera 140 gr para personalizar con el logo de tu empresa. Bolsa en algodón de 140gr/mt2. Cotiza por WhatsApp.","https://www.promocionalesjj.co/og-default.jpg","Organization WebSite Product BreadcrumbList","27","si","si"
"/tienda/bolsa-en-algodon-y-yute-nara/","producto","68912","Bolsa en Algodón y Yute Nara con logo personalizado | Promocionales J&J","Bolsa en Algodón y Yute Nara","https://www.promocionalesjj.co/tienda/bolsa-en-algodon-y-yute-nara/","","Bolsa en Algodón y Yute Nara para personalizar con el logo de tu empresa. Bolsa en algodón y yute, con fuelle. Cotiza por WhatsApp.","https://www.promocionalesjj.co/og-default.jpg","Organization WebSite Product BreadcrumbList","27","si","si"
"/tienda/bolsa-en-algodon-y-yute-nativ-300gr/","producto","69202","Bolsa en Algodón y Yute Nativ 300 gr con logo personalizado | Promocionales J&J","Bolsa en Algodón y Yute Nativ 300 gr","https://www.promocionalesjj.co/tienda/bolsa-en-algodon-y-yute-nativ-300gr/","","Bolsa en Algodón y Yute Nativ 300 gr para personalizar con el logo de tu empresa. Bolsa tula en algodón de 300gr/mt2 con una cara en yute.","https://www.promocionalesjj.co/og-default.jpg","Organization WebSite Product BreadcrumbList","27","si","si"
"/tienda/bolsa-en-algodony-yute/","producto","69144","Bolsa en Algodóny Yute con logo personalizado | Promocionales J&J","Bolsa en Algodóny Yute","https://www.promocionalesjj.co/tienda/bolsa-en-algodony-yute/","","Bolsa en Algodóny Yute para personalizar con el logo de tu empresa. Bolsa en algodón de 330 gr con laterales en yute. Cotiza por WhatsApp.","https://www.promocionalesjj.co/img/productos/bolsa-en-algodony-yute.jpg","Organization WebSite Product BreadcrumbList","27","si","si"
"/tienda/bolsa-en-cambrel-arcadia/","producto","72294","Bolsa en Cambrel Arcadia con logo personalizado | Promocionales J&J","Bolsa en Cambrel Arcadia","https://www.promocionalesjj.co/tienda/bolsa-en-cambrel-arcadia/","","Bolsa en Cambrel Arcadia para personalizar con el logo de tu empresa. Bolsa sencilla en cambrel 80 gm sellada. Cotiza por WhatsApp.","https://www.promocionalesjj.co/img/productos/bolsa-en-cambrel-arcadia.jpg","Organization WebSite Product BreadcrumbList","27","si","si"
"/tienda/bolsa-en-cambrel-bawel/","producto","72193","Bolsa en Cambrel Bawel con logo personalizado | Promocionales J&J","Bolsa en Cambrel Bawel","https://www.promocionalesjj.co/tienda/bolsa-en-cambrel-bawel/","","Bolsa en Cambrel Bawel para personalizar con el logo de tu empresa. Con agarraderas y base plástica rígida. Cotiza por WhatsApp.","https://www.promocionalesjj.co/img/productos/bolsa-en-cambrel-bawel.jpg","Organization WebSite Product BreadcrumbList","27","si","si"
"/tienda/bolsa-en-cambrel-baxter/","producto","72302","Bolsa en Cambrel Baxter con logo personalizado | Promocionales J&J","Bolsa en Cambrel Baxter","https://www.promocionalesjj.co/tienda/bolsa-en-cambrel-baxter/","","Bolsa en Cambrel Baxter para personalizar con el logo de tu empresa. Bolsa en cambrel 80 gm sellada con agarraderas. Cotiza por WhatsApp.","https://www.promocionalesjj.co/img/productos/bolsa-en-cambrel-baxter.jpg","Organization WebSite Product BreadcrumbList","27","si","si"
"/tienda/bolsa-en-cambrel-con-fuelle/","producto","72714","Bolsa en Cambrel con Fuelle con logo personalizado | Promocionales J&J","Bolsa en Cambrel con Fuelle","https://www.promocionalesjj.co/tienda/bolsa-en-cambrel-con-fuelle/","","Bolsa en Cambrel con Fuelle para personalizar con el logo de tu empresa. Bolsa sencilla en cambrel 80 gm sellada, con fuelle en la base. Cotiza por WhatsApp.","https://www.promocionalesjj.co/img/productos/bolsa-en-cambrel-con-fuelle.jpg","Organization WebSite Product BreadcrumbList","27","si","si"
"/tienda/bolsa-en-cambrel-fest/","producto","72453","Bolsa en Cambrel Fest con logo personalizado | Promocionales J&J","Bolsa en Cambrel Fest","https://www.promocionalesjj.co/tienda/bolsa-en-cambrel-fest/","","Bolsa en Cambrel Fest para personalizar con el logo de tu empresa. En cambrel cosida, con cierre de cremallera y fuelle en la base. Cotiza por WhatsApp.","https://www.promocionalesjj.co/img/productos/bolsa-en-cambrel-fest.jpg","Organization WebSite Product BreadcrumbList","28","si","si"
"/tienda/bolsa-en-cambrel-franky/","producto","72390","Bolsa en Cambrel Franky con logo personalizado | Promocionales J&J","Bolsa en Cambrel Franky","https://www.promocionalesjj.co/tienda/bolsa-en-cambrel-franky/","","Bolsa en Cambrel Franky para personalizar con el logo de tu empresa. Bolsa rectangular en cambrel cosida con agarraderas. Cotiza por WhatsApp.","https://www.promocionalesjj.co/img/productos/bolsa-en-cambrel-franky.jpg","Organization WebSite Product BreadcrumbList","27","si","si"
"/tienda/bolsa-en-cambrel-market/","producto","71958","Bolsa en Cambrel Market con logo personalizado | Promocionales J&J","Bolsa en Cambrel Market","https://www.promocionalesjj.co/tienda/bolsa-en-cambrel-market/","","Bolsa en Cambrel Market para personalizar con el logo de tu empresa. En cambrel 80 gm. Cotiza por WhatsApp.","https://www.promocionalesjj.co/img/productos/bolsa-en-cambrel-market.jpg","Organization WebSite Product BreadcrumbList","27","si","si"
"/tienda/bolsa-en-cambrel-multiusos-vita-prod-nacional/","producto","74022","Bolsa en Cambrel Multiusos Vita (producción nacional) con logo personalizado | Promocionales J&J","Bolsa en Cambrel Multiusos Vita (producción nacional)","https://www.promocionalesjj.co/tienda/bolsa-en-cambrel-multiusos-vita-prod-nacional/","","Bolsa en Cambrel Multiusos Vita (producción nacional) para personalizar con el logo de tu empresa. Cotiza por WhatsApp.","https://www.promocionalesjj.co/img/productos/bolsa-en-cambrel-multiusos-vita-prod-nacional.jpg","Organization WebSite Product BreadcrumbList","27","si","si"
"/tienda/bolsa-en-cambrel-nevada/","producto","72356","Bolsa en Cambrel Nevada con logo personalizado | Promocionales J&J","Bolsa en Cambrel Nevada","https://www.promocionalesjj.co/tienda/bolsa-en-cambrel-nevada/","","Bolsa en Cambrel Nevada para personalizar con el logo de tu empresa. Bolsa en cambrel cosida con fuelle y agarraderas. Cotiza por WhatsApp.","https://www.promocionalesjj.co/img/productos/bolsa-en-cambrel-nevada.jpg","Organization WebSite Product BreadcrumbList","27","si","si"
"/tienda/bolsa-en-cambrel-petit/","producto","71890","Bolsa en Cambrel Petit con logo personalizado | Promocionales J&J","Bolsa en Cambrel Petit","https://www.promocionalesjj.co/tienda/bolsa-en-cambrel-petit/","","Bolsa en Cambrel Petit para personalizar con el logo de tu empresa. Con agarraderas. Cotiza por WhatsApp.","https://www.promocionalesjj.co/img/productos/bolsa-en-cambrel-petit.jpg","Organization WebSite Product BreadcrumbList","27","si","si"
"/tienda/bolsa-en-cambrel-queen/","producto","72120","Bolsa en Cambrel Queen con logo personalizado | Promocionales J&J","Bolsa en Cambrel Queen","https://www.promocionalesjj.co/tienda/bolsa-en-cambrel-queen/","","Bolsa en Cambrel Queen para personalizar con el logo de tu empresa. Bolsa en cambrel cosida con fuelle. Cotiza por WhatsApp.","https://www.promocionalesjj.co/img/productos/bolsa-en-cambrel-queen.jpg","Organization WebSite Product BreadcrumbList","27","si","si"
"/tienda/bolsa-en-cambrel-reflectiva/","producto","73484","Bolsa en Cambrel Reflectiva con logo personalizado | Promocionales J&J","Bolsa en Cambrel Reflectiva","https://www.promocionalesjj.co/tienda/bolsa-en-cambrel-reflectiva/","","Bolsa en Cambrel Reflectiva para personalizar con el logo de tu empresa. Bolsa en cambrel cosida con bordes reflectivos. Marcación en screen.","https://www.promocionalesjj.co/img/productos/bolsa-en-cambrel-reflectiva.jpg","Organization WebSite Product BreadcrumbList","27","si","si"
"/tienda/bolsa-en-cambrel-savannah/","producto","72182","Bolsa en Cambrel Savannah con logo personalizado | Promocionales J&J","Bolsa en Cambrel Savannah","https://www.promocionalesjj.co/tienda/bolsa-en-cambrel-savannah/","","Bolsa en Cambrel Savannah para personalizar con el logo de tu empresa. Con agarraderas y bolsillo. Cotiza por WhatsApp.","https://www.promocionalesjj.co/img/productos/bolsa-en-cambrel-savannah.jpg","Organization WebSite Product BreadcrumbList","27","si","si"
"/tienda/bolsa-en-cambrel-shopper/","producto","73038","Bolsa en Cambrel Shopper con logo personalizado | Promocionales J&J","Bolsa en Cambrel Shopper","https://www.promocionalesjj.co/tienda/bolsa-en-cambrel-shopper/","","Bolsa en Cambrel Shopper para personalizar con el logo de tu empresa. Bolsa en cambrel cosida con manijas reforzadas y fuelle. Marcación en serigrafía.","https://www.promocionalesjj.co/img/productos/bolsa-en-cambrel-shopper.jpg","Organization WebSite Product BreadcrumbList","27","si","si"
"/tienda/bolsa-en-cambrel-soot/","producto","70562","Bolsa en Cambrel Soot con logo personalizado | Promocionales J&J","Bolsa en Cambrel Soot","https://www.promocionalesjj.co/tienda/bolsa-en-cambrel-soot/","","Bolsa en Cambrel Soot para personalizar con el logo de tu empresa. Bolsa en cambrel 80 gm sellada con agarraderas. Cotiza por WhatsApp.","https://www.promocionalesjj.co/og-default.jpg","Organization WebSite Product BreadcrumbList","27","si","si"
"/tienda/bolsa-en-cambrel-vest/","producto","72478","Bolsa en Cambrel Vest con logo personalizado | Promocionales J&J","Bolsa en Cambrel Vest","https://www.promocionalesjj.co/tienda/bolsa-en-cambrel-vest/","","Bolsa en Cambrel Vest para personalizar con el logo de tu empresa. Bolsa en cambrel de 80 grm. Cotiza por WhatsApp.","https://www.promocionalesjj.co/img/productos/bolsa-en-cambrel-vest.jpg","Organization WebSite Product BreadcrumbList","27","si","si"
"/tienda/bolsa-en-cambrel-winter/","producto","72256","Bolsa en Cambrel Winter con logo personalizado | Promocionales J&J","Bolsa en Cambrel Winter","https://www.promocionalesjj.co/tienda/bolsa-en-cambrel-winter/","","Bolsa en Cambrel Winter para personalizar con el logo de tu empresa. Bolsa en cambrel 80 gm con agarraderas. Cotiza por WhatsApp.","https://www.promocionalesjj.co/img/productos/bolsa-en-cambrel-winter.jpg","Organization WebSite Product BreadcrumbList","27","si","si"
"/tienda/bolsa-en-denim-reciclado/","producto","73095","Bolsa en Denim Reciclado con logo personalizado | Promocionales J&J","Bolsa en Denim Reciclado","https://www.promocionalesjj.co/tienda/bolsa-en-denim-reciclado/","","Bolsa en Denim Reciclado para personalizar con el logo de tu empresa. Bolsa en denim (jean) reciclado con agarraderas. Cotiza por WhatsApp.","https://www.promocionalesjj.co/img/productos/bolsa-en-denim-reciclado.jpg","Organization WebSite Product BreadcrumbList","27","si","si"
"/tienda/bolsa-en-yute-mirka/","producto","67279","Bolsa en Yute Mirka con logo personalizado | Promocionales J&J","Bolsa en Yute Mirka","https://www.promocionalesjj.co/tienda/bolsa-en-yute-mirka/","","Bolsa en Yute Mirka para personalizar con el logo de tu empresa. Bolsa en yute con fuelle y agarraderas. Cotiza por WhatsApp.","https://www.promocionalesjj.co/img/productos/bolsa-en-yute-mirka.jpg","Organization WebSite Product BreadcrumbList","27","si","si"
"/tienda/bolsa-en-yute-wine/","producto","67826","Bolsa en Yute Wine con logo personalizado | Promocionales J&J","Bolsa en Yute Wine","https://www.promocionalesjj.co/tienda/bolsa-en-yute-wine/","","Bolsa en Yute Wine para personalizar con el logo de tu empresa. Bolsa en Yute con agarradera de cordón e impresión de botella y copa de vino.","https://www.promocionalesjj.co/og-default.jpg","Organization WebSite Product BreadcrumbList","28","si","si"
"/tienda/bolsa-holt-eco-120gr/","producto","71946","Bolsa Holt Eco (120 gr) con logo personalizado | Promocionales J&J","Bolsa Holt Eco (120 gr)","https://www.promocionalesjj.co/tienda/bolsa-holt-eco-120gr/","","Bolsa Holt Eco (120 gr) para personalizar con el logo de tu empresa. Bolsa en algodón de 120gr/mt2 y poliéster. Cotiza por WhatsApp.","https://www.promocionalesjj.co/img/productos/bolsa-holt-eco-120gr.jpg","Organization WebSite Product BreadcrumbList","27","si","si"
"/tienda/bolsa-metalizada/","producto","72039","Bolsa Metalizada con logo personalizado | Promocionales J&J","Bolsa Metalizada","https://www.promocionalesjj.co/tienda/bolsa-metalizada/","","Bolsa Metalizada para personalizar con el logo de tu empresa. Bolso en cambrel cosido, metalizado con fuelle. Cotiza por WhatsApp.","https://www.promocionalesjj.co/img/productos/bolsa-metalizada.jpg","Organization WebSite Product BreadcrumbList","27","si","si"
"/tienda/bolsa-metalizada-hologram/","producto","73802","Bolsa Metalizada Hologram con logo personalizado | Promocionales J&J","Bolsa Metalizada Hologram","https://www.promocionalesjj.co/tienda/bolsa-metalizada-hologram/","","Bolsa Metalizada Hologram para personalizar con el logo de tu empresa. Bolsa en PVC translúcido. Marcación en serigrafía. Cotiza por WhatsApp.","https://www.promocionalesjj.co/img/productos/bolsa-metalizada-hologram.jpg","Organization WebSite Product BreadcrumbList","28","si","si"
"/tienda/bolsa-metalizada-mate/","producto","72492","Bolsa Metalizada Mate con logo personalizado | Promocionales J&J","Bolsa Metalizada Mate","https://www.promocionalesjj.co/tienda/bolsa-metalizada-mate/","","Bolsa Metalizada Mate para personalizar con el logo de tu empresa. Bolsa en cambrel sellada, metalizado mate con manijas negras y fuelle. Cotiza por WhatsApp.","https://www.promocionalesjj.co/img/productos/bolsa-metalizada-mate.jpg","Organization WebSite Product BreadcrumbList","27","si","si"
"/tienda/bolsa-plegable-para-paraguas-hansel/","producto","74687","Bolsa Plegable para Paraguas Hansel con logo personalizado | Promocionales J&J","Bolsa Plegable para Paraguas Hansel","https://www.promocionalesjj.co/tienda/bolsa-plegable-para-paraguas-hansel/","","Bolsa Plegable para Paraguas Hansel para personalizar con el logo de tu empresa. Marcación en screen. Cotiza por WhatsApp.","https://www.promocionalesjj.co/img/productos/bolsa-plegable-para-paraguas-hansel.jpg","Organization WebSite Product BreadcrumbList","28","si","si"
"/tienda/bolsa-plegable-reflect/","producto","72820","Bolsa Plegable Reflect con logo personalizado | Promocionales J&J","Bolsa Plegable Reflect","https://www.promocionalesjj.co/tienda/bolsa-plegable-reflect/","","Bolsa Plegable Reflect para personalizar con el logo de tu empresa. En poliéster 210D. Cotiza por WhatsApp.","https://www.promocionalesjj.co/img/productos/bolsa-plegable-reflect.jpg","Organization WebSite Product BreadcrumbList","28","si","si"
"/tienda/bolsa-reflectiva-security/","producto","72931","Bolsa Reflectiva Security con logo personalizado | Promocionales J&J","Bolsa Reflectiva Security","https://www.promocionalesjj.co/tienda/bolsa-reflectiva-security/","","Bolsa Reflectiva Security para personalizar con el logo de tu empresa. Poliéster reflectivo. Cotiza por WhatsApp.","https://www.promocionalesjj.co/img/productos/bolsa-reflectiva-security.jpg","Organization WebSite Product BreadcrumbList","28","si","si"
"/tienda/bolso-mindy/","producto","70272","Bolso Mindy con logo personalizado | Promocionales J&J","Bolso Mindy","https://www.promocionalesjj.co/tienda/bolso-mindy/","","Bolso Mindy para personalizar con el logo de tu empresa. Bolso en poliéster 600D, con bolsillo. Marcación en serigrafía. Cotiza por WhatsApp.","https://www.promocionalesjj.co/img/productos/bolso-mindy.jpg","Organization WebSite Product BreadcrumbList","27","si","si"
"/tienda/borrador-school/","producto","72031","Borrador School con logo personalizado | Promocionales J&J","Borrador School","https://www.promocionalesjj.co/tienda/borrador-school/","","Borrador School para personalizar con el logo de tu empresa. Borrador blanco. Cotiza por WhatsApp.","https://www.promocionalesjj.co/img/productos/borrador-school.jpg","Organization WebSite Product BreadcrumbList","27","si","si"
"/tienda/botilito-en-tritan-swat-600ml/","producto","74980","Botilito en Tritan Swat 600 ml con logo personalizado | Promocionales J&J","Botilito en Tritan Swat 600 ml","https://www.promocionalesjj.co/tienda/botilito-en-tritan-swat-600ml/","","Botilito en Tritan Swat 600 ml para personalizar con el logo de tu empresa. Cotiza por WhatsApp.","https://www.promocionalesjj.co/img/productos/botilito-en-tritan-swat-600ml.jpg","Organization WebSite Product BreadcrumbList","27","si","si"
"/tienda/botilito-hoola-rpet-750-ml/","producto","70287","Botilito Hoola RPET 750 ml con logo personalizado | Promocionales J&J","Botilito Hoola RPET 750 ml","https://www.promocionalesjj.co/tienda/botilito-hoola-rpet-750-ml/","","Botilito Hoola RPET 750 ml para personalizar con el logo de tu empresa. Botilito plástico reciclado RPET. Cotiza por WhatsApp.","https://www.promocionalesjj.co/img/productos/botilito-hoola-rpet-750-ml.jpg","Organization WebSite Product BreadcrumbList","27","si","si"
"/tienda/botilito-jormi-rpet-1000-ml/","producto","70382","Botilito Jormi RPET 1000 ml con logo personalizado | Promocionales J&J","Botilito Jormi RPET 1000 ml","https://www.promocionalesjj.co/tienda/botilito-jormi-rpet-1000-ml/","","Botilito Jormi RPET 1000 ml para personalizar con el logo de tu empresa. Botilito plástico reciclado (PCTG). Cotiza por WhatsApp.","https://www.promocionalesjj.co/img/productos/botilito-jormi-rpet-1000-ml.jpg","Organization WebSite Product BreadcrumbList","27","si","si"
"/tienda/botilito-metalico-plugsy-750-ml/","producto","74379","Botilito Metálico Plugsy 750 ml con logo personalizado | Promocionales J&J","Botilito Metálico Plugsy 750 ml","https://www.promocionalesjj.co/tienda/botilito-metalico-plugsy-750-ml/","","Botilito Metálico Plugsy 750 ml para personalizar con el logo de tu empresa. Cotiza por WhatsApp.","https://www.promocionalesjj.co/img/productos/botilito-metalico-plugsy-750-ml.jpg","Organization WebSite Product BreadcrumbList","27","si","si"
"/tienda/botilito-metalico-shelby-600ml/","producto","75287","Botilito Metálico Shelby 600 ml con logo personalizado | Promocionales J&J","Botilito Metálico Shelby 600 ml","https://www.promocionalesjj.co/tienda/botilito-metalico-shelby-600ml/","","Botilito Metálico Shelby 600 ml para personalizar con el logo de tu empresa. Cotiza por WhatsApp.","https://www.promocionalesjj.co/img/productos/botilito-metalico-shelby-600ml.jpg","Organization WebSite Product BreadcrumbList","28","si","si"
"/tienda/botilito-metalico-wizard-600ml/","producto","74352","Botilito Metálico Wizard 600 ml con logo personalizado | Promocionales J&J","Botilito Metálico Wizard 600 ml","https://www.promocionalesjj.co/tienda/botilito-metalico-wizard-600ml/","","Botilito Metálico Wizard 600 ml para personalizar con el logo de tu empresa. Botilito en aluminio con tapa en bambú y agarradera en caucho.","https://www.promocionalesjj.co/img/productos/botilito-metalico-wizard-600ml.jpg","Organization WebSite Product BreadcrumbList","27","si","si"
"/tienda/botilito-mtalico-lumo-550-ml/","producto","75408","Botilito Mtalico Lumo 550 ml con logo personalizado | Promocionales J&J","Botilito Mtalico Lumo 550 ml","https://www.promocionalesjj.co/tienda/botilito-mtalico-lumo-550-ml/","","Botilito Mtalico Lumo 550 ml para personalizar con el logo de tu empresa. Cotiza por WhatsApp.","https://www.promocionalesjj.co/img/productos/botilito-mtalico-lumo-550-ml.jpg","Organization WebSite Product BreadcrumbList","27","si","si"
"/tienda/botilito-plastico-alepy-petg-750ml/","producto","75660","Botilito Plástico Alepy PETG 750 ml con logo personalizado | Promocionales J&J","Botilito Plástico Alepy PETG 750 ml","https://www.promocionalesjj.co/tienda/botilito-plastico-alepy-petg-750ml/","","Botilito Plástico Alepy PETG 750 ml para personalizar con el logo de tu empresa. Elaborado en plástico reciclado PETG. Cotiza por WhatsApp.","https://www.promocionalesjj.co/img/productos/botilito-plastico-alepy-petg-750ml.jpg","Organization WebSite Product BreadcrumbList","27","si","si"
"/tienda/botilito-plastico-clemen-rpet-600ml/","producto","70421","Botilito Plástico Clemen RPET 600 ml con logo personalizado | Promocionales J&J","Botilito Plástico Clemen RPET 600 ml","https://www.promocionalesjj.co/tienda/botilito-plastico-clemen-rpet-600ml/","","Botilito Plástico Clemen RPET 600 ml para personalizar con el logo de tu empresa. Botilito en plástico reciclado RPET. Cotiza por WhatsApp.","https://www.promocionalesjj.co/img/productos/botilito-plastico-clemen-rpet-600ml.jpg","Organization WebSite Product BreadcrumbList","28","si","si"
"/tienda/botilito-plastico-cork-650ml/","producto","74882","Botilito Plástico Cork 650 ml con logo personalizado | Promocionales J&J","Botilito Plástico Cork 650 ml","https://www.promocionalesjj.co/tienda/botilito-plastico-cork-650ml/","","Botilito Plástico Cork 650 ml para personalizar con el logo de tu empresa. Acrilonitrilo estireno (AS). Cotiza por WhatsApp.","https://www.promocionalesjj.co/img/productos/botilito-plastico-cork-650ml.jpg","Organization WebSite Product BreadcrumbList","27","si","si"
"/tienda/botilito-plastico-fruit-600-ml/","producto","70242","Botilito Plástico Fruit 600 ml con logo personalizado | Promocionales J&J","Botilito Plástico Fruit 600 ml","https://www.promocionalesjj.co/tienda/botilito-plastico-fruit-600-ml/","","Botilito Plástico Fruit 600 ml para personalizar con el logo de tu empresa. Botilito plástico reciclado RPET. Cotiza por WhatsApp.","https://www.promocionalesjj.co/og-default.jpg","Organization WebSite Product BreadcrumbList","27","si","si"
"/tienda/botilito-plastico-griply-rpet-700-ml/","producto","70780","Botilito Plástico Griply RPET 700 ml con logo personalizado | Promocionales J&J","Botilito Plástico Griply RPET 700 ml","https://www.promocionalesjj.co/tienda/botilito-plastico-griply-rpet-700-ml/","","Botilito Plástico Griply RPET 700 ml para personalizar con el logo de tu empresa. Botilito plástico reciclado RPET. Cotiza por WhatsApp.","https://www.promocionalesjj.co/img/productos/botilito-plastico-griply-rpet-700-ml.jpg","Organization WebSite Product BreadcrumbList","27","si","si"
"/tienda/botilito-plastico-mack-petg-700ml/","producto","75617","Botilito Plástico Mack PETG 700 ml con logo personalizado | Promocionales J&J","Botilito Plástico Mack PETG 700 ml","https://www.promocionalesjj.co/tienda/botilito-plastico-mack-petg-700ml/","","Botilito Plástico Mack PETG 700 ml para personalizar con el logo de tu empresa. Elaborado en plástico reciclado PETG. Cotiza por WhatsApp.","https://www.promocionalesjj.co/img/productos/botilito-plastico-mack-petg-700ml.jpg","Organization WebSite Product BreadcrumbList","27","si","si"
"/tienda/botilito-plastico-napper-800-ml/","producto","75289","Botilito Plástico Napper 800 ml con logo personalizado | Promocionales J&J","Botilito Plástico Napper 800 ml","https://www.promocionalesjj.co/tienda/botilito-plastico-napper-800-ml/","","Botilito Plástico Napper 800 ml para personalizar con el logo de tu empresa. Botilito plástico reciclado en PLA. Cotiza por WhatsApp.","https://www.promocionalesjj.co/img/productos/botilito-plastico-napper-800-ml.jpg","Organization WebSite Product BreadcrumbList","27","si","si"
"/tienda/botilito-plastico-nomix-petg-750ml/","producto","75660","Botilito Plástico Nomix PETG 750 ml con logo personalizado | Promocionales J&J","Botilito Plástico Nomix PETG 750 ml","https://www.promocionalesjj.co/tienda/botilito-plastico-nomix-petg-750ml/","","Botilito Plástico Nomix PETG 750 ml para personalizar con el logo de tu empresa. Elaborado en plástico reciclado PETG. Cotiza por WhatsApp.","https://www.promocionalesjj.co/img/productos/botilito-plastico-nomix-petg-750ml.jpg","Organization WebSite Product BreadcrumbList","27","si","si"
"/tienda/botilito-plastico-santino-650ml/","producto","75225","Botilito Plástico Santino 650 ml con logo personalizado | Promocionales J&J","Botilito Plástico Santino 650 ml","https://www.promocionalesjj.co/tienda/botilito-plastico-santino-650ml/","","Botilito Plástico Santino 650 ml para personalizar con el logo de tu empresa. Botilito plástico en AS, con tapa plástica. Cotiza por WhatsApp.","https://www.promocionalesjj.co/img/productos/botilito-plastico-santino-650ml.jpg","Organization WebSite Product BreadcrumbList","27","si","si"
"/tienda/botilito-plastico-shams-rpet-600ml/","producto","70809","Botilito Plástico Shams RPET 600 ml con logo personalizado | Promocionales J&J","Botilito Plástico Shams RPET 600 ml","https://www.promocionalesjj.co/tienda/botilito-plastico-shams-rpet-600ml/","","Botilito Plástico Shams RPET 600 ml para personalizar con el logo de tu empresa. Botilito plástico reciclado RPET y libre de BPA. Cotiza por WhatsApp.","https://www.promocionalesjj.co/og-default.jpg","Organization WebSite Product BreadcrumbList","27","si","si"
"/tienda/botilito-plastico-vita-600ml-rpet/","producto","70729","Botilito Plástico Vita 600 ml RPET con logo personalizado | Promocionales J&J","Botilito Plástico Vita 600 ml RPET","https://www.promocionalesjj.co/tienda/botilito-plastico-vita-600ml-rpet/","","Botilito Plástico Vita 600 ml RPET para personalizar con el logo de tu empresa. Botilito plástico reciclado RPET. Cotiza por WhatsApp.","https://www.promocionalesjj.co/og-default.jpg","Organization WebSite Product BreadcrumbList","27","si","si"
"/tienda/botilito-plastico-wonder-700ml-produccion-nacional/","producto","75027","Botilito Plástico Wonder-700 ml (producción nacional) con logo personalizado | Promocionales J&J","Botilito Plástico Wonder-700 ml (producción nacional)","https://www.promocionalesjj.co/tienda/botilito-plastico-wonder-700ml-produccion-nacional/","","Botilito Plástico Wonder-700 ml (producción nacional) para personalizar con el logo de tu empresa. Botilito en PVC atóxico, con tapa en Bambú.","https://www.promocionalesjj.co/img/productos/botilito-plastico-wonder-700ml-produccion-nacional.jpg","Organization WebSite Product BreadcrumbList","27","si","si"
"/tienda/botlito-dual-rpet-700-ml/","producto","70127","Botilito Botlito Dual RPET 700 ml con logo personalizado | Promocionales J&J","Botilito Botlito Dual RPET 700 ml","https://www.promocionalesjj.co/tienda/botlito-dual-rpet-700-ml/","","Botilito Botlito Dual RPET 700 ml para personalizar con el logo de tu empresa. Botilito en plástico reciclado RPET. Cotiza por WhatsApp.","https://www.promocionalesjj.co/img/productos/botlito-dual-rpet-700-ml.jpg","Organization WebSite Product BreadcrumbList","28","si","si"
"/tienda/boton-plastico-para-portacarnet/","producto","74268","Botón Plástico para Portacarnet con logo personalizado | Promocionales J&J","Botón Plástico para Portacarnet","https://www.promocionalesjj.co/tienda/boton-plastico-para-portacarnet/","","Botón Plástico para Portacarnet para personalizar con el logo de tu empresa. Botón plástico para colgar en cinta portacarnet (no incluye cinta portacarnet).","https://www.promocionalesjj.co/img/productos/boton-plastico-para-portacarnet.jpg","Organization WebSite Product BreadcrumbList","28","si","si"
"/tienda/buckingham-boligrafo/","producto","74235","Buckingham Bolígrafo con logo personalizado | Promocionales J&J","Buckingham Bolígrafo","https://www.promocionalesjj.co/tienda/buckingham-boligrafo/","","Buckingham Bolígrafo para personalizar con el logo de tu empresa. Metálico con acabado de caucho, clip metálico. Marcación en tampografía, láser.","https://www.promocionalesjj.co/img/productos/buckingham-boligrafo.jpg","Organization WebSite Product BreadcrumbList","27","si","si"
"/tienda/buckingham-roller/","producto","74071","Buckingham Roller con logo personalizado | Promocionales J&J","Buckingham Roller","https://www.promocionalesjj.co/tienda/buckingham-roller/","","Buckingham Roller para personalizar con el logo de tu empresa. Metálico con acabado de caucho,clip metálico. Marcación en tampografía, láser.","https://www.promocionalesjj.co/img/productos/buckingham-roller.jpg","Organization WebSite Product BreadcrumbList","27","si","si"
"/tienda/cable-multicargador-3-1-bamboo/","producto","74187","Cable Multicargador 3-1 Bamboo con logo personalizado | Promocionales J&J","Cable Multicargador 3-1 Bamboo","https://www.promocionalesjj.co/tienda/cable-multicargador-3-1-bamboo/","","Cable Multicargador 3-1 Bamboo para personalizar con el logo de tu empresa. Cable multicargador en bambú con conexión USB y Tipo C. Cotiza por WhatsApp.","https://www.promocionalesjj.co/img/productos/cable-multicargador-3-1-bamboo.jpg","Organization WebSite Product BreadcrumbList","27","si","si"
"/tienda/cable-multicargador-bamboo/","producto","73696","Cable Multicargador Bamboo con logo personalizado | Promocionales J&J","Cable Multicargador Bamboo","https://www.promocionalesjj.co/tienda/cable-multicargador-bamboo/","","Cable Multicargador Bamboo para personalizar con el logo de tu empresa. Cotiza por WhatsApp.","https://www.promocionalesjj.co/img/productos/cable-multicargador-bamboo.jpg","Organization WebSite Product BreadcrumbList","27","si","si"
"/tienda/cable-multicargador-eco-fast-65w/","producto","74078","Cable Multicargador Eco Fast 65 W con logo personalizado | Promocionales J&J","Cable Multicargador Eco Fast 65 W","https://www.promocionalesjj.co/tienda/cable-multicargador-eco-fast-65w/","","Cable Multicargador Eco Fast 65 W para personalizar con el logo de tu empresa. Cable multicargador en bambú con carga rápida de 65 W. Cotiza por WhatsApp.","https://www.promocionalesjj.co/img/productos/cable-multicargador-eco-fast-65w.jpg","Organization WebSite Product BreadcrumbList","27","si","si"
"/tienda/cable-multicargador-gauss-eco/","producto","73959","Cable Multicargador Gauss Eco con logo personalizado | Promocionales J&J","Cable Multicargador Gauss Eco","https://www.promocionalesjj.co/tienda/cable-multicargador-gauss-eco/","","Cable Multicargador Gauss Eco para personalizar con el logo de tu empresa. Estuche de cable de carga multifuncional elaborado en fibra de trigo.","https://www.promocionalesjj.co/img/productos/cable-multicargador-gauss-eco.jpg","Organization WebSite Product BreadcrumbList","27","si","si"
"/tienda/cable-multicargador-lorcan/","producto","74007","Cable Multicargador Lorcan con logo personalizado | Promocionales J&J","Cable Multicargador Lorcan","https://www.promocionalesjj.co/tienda/cable-multicargador-lorcan/","","Cable Multicargador Lorcan para personalizar con el logo de tu empresa. Cable multicargador con estuche en bambú y tapa con imán. Cotiza por WhatsApp.","https://www.promocionalesjj.co/img/productos/cable-multicargador-lorcan.jpg","Organization WebSite Product BreadcrumbList","27","si","si"
"/tienda/cafetera-en-vidrio-y-bambu-600ml-nuevo/","producto","75085","Cafetera en Vidrio y Bambú 600 ml Nuevo con logo personalizado | Promocionales J&J","Cafetera en Vidrio y Bambú 600 ml Nuevo","https://www.promocionalesjj.co/tienda/cafetera-en-vidrio-y-bambu-600ml-nuevo/","","Cafetera en Vidrio y Bambú 600 ml Nuevo para personalizar con el logo de tu empresa. Cafetera Prensa Francesa con filtro de aluminio. Cotiza por WhatsApp.","https://www.promocionalesjj.co/img/productos/cafetera-en-vidrio-y-bambu-600ml-nuevo.jpg","Organization WebSite Product BreadcrumbList","28","si","si"
"/tienda/calculadora-multifuncion/","producto","43045","Calculadora Multifunción con logo personalizado | Promocionales J&J","Calculadora Multifunción","https://www.promocionalesjj.co/tienda/calculadora-multifuncion/","","Calculadora Multifunción para personalizar con el logo de tu empresa. Tabla para anotar con calculadora solar 8 dígitos. Cotiza por WhatsApp.","https://www.promocionalesjj.co/img/productos/calculadora-multifuncion.jpg","Organization WebSite Product BreadcrumbList","20","si","si"
"/tienda/calendario-bamboo-nuevo/","producto","70524","Calendario Bamboo Nuevo con logo personalizado | Promocionales J&J","Calendario Bamboo Nuevo","https://www.promocionalesjj.co/tienda/calendario-bamboo-nuevo/","","Calendario Bamboo Nuevo para personalizar con el logo de tu empresa. Calendario perpetuo en bambú con porta notas (100 hojas de papel tipo kraft).","https://www.promocionalesjj.co/img/productos/calendario-bamboo-nuevo.jpg","Organization WebSite Product BreadcrumbList","28","si","si"
"/tienda/calendario-perpetuo-loic-bamboo/","producto","70902","Calendario Perpetuo Loic Bamboo con logo personalizado | Promocionales J&J","Calendario Perpetuo Loic Bamboo","https://www.promocionalesjj.co/tienda/calendario-perpetuo-loic-bamboo/","","Calendario Perpetuo Loic Bamboo para personalizar con el logo de tu empresa. Calendario en bambú (con números, nombres de los días y nombres de los meses).","https://www.promocionalesjj.co/img/productos/calendario-perpetuo-loic-bamboo.jpg","Organization WebSite Product BreadcrumbList","28","si","si"
"/tienda/calendario-perpetuo-pad-bamboo/","producto","69806","Calendario Perpetuo Pad Bamboo con logo personalizado | Promocionales J&J","Calendario Perpetuo Pad Bamboo","https://www.promocionalesjj.co/tienda/calendario-perpetuo-pad-bamboo/","","Calendario Perpetuo Pad Bamboo para personalizar con el logo de tu empresa. Calendario perpetuo en bambú. Cotiza por WhatsApp.","https://www.promocionalesjj.co/og-default.jpg","Organization WebSite Product BreadcrumbList","28","si","si"
"/tienda/calendario-perpetuo-wood/","producto","72319","Calendario Perpetuo Wood con logo personalizado | Promocionales J&J","Calendario Perpetuo Wood","https://www.promocionalesjj.co/tienda/calendario-perpetuo-wood/","","Calendario Perpetuo Wood para personalizar con el logo de tu empresa. Incluye 4 cubos (con días de la semana, meses y con número del día) y base en madera.","https://www.promocionalesjj.co/img/productos/calendario-perpetuo-wood.jpg","Organization WebSite Product BreadcrumbList","28","si","si"
"/tienda/camion-antiestres/","producto","71649","Camión Antiestrés con logo personalizado | Promocionales J&J","Camión Antiestrés","https://www.promocionalesjj.co/tienda/camion-antiestres/","","Camión Antiestrés para personalizar con el logo de tu empresa. Cotiza por WhatsApp.","https://www.promocionalesjj.co/img/productos/camion-antiestres.jpg","Organization WebSite Product BreadcrumbList","28","si","si"
"/tienda/candado-de-clave-metalico/","producto","72382","Candado de Clave Metálico con logo personalizado | Promocionales J&J","Candado de Clave Metálico","https://www.promocionalesjj.co/tienda/candado-de-clave-metalico/","","Candado de Clave Metálico para personalizar con el logo de tu empresa. Candado metálico. Cotiza por WhatsApp.","https://www.promocionalesjj.co/img/productos/candado-de-clave-metalico.jpg","Organization WebSite Product BreadcrumbList","28","si","si"
"/tienda/candado-de-clave-tsa/","producto","72069","Candado de Clave Tsa con logo personalizado | Promocionales J&J","Candado de Clave Tsa","https://www.promocionalesjj.co/tienda/candado-de-clave-tsa/","","Candado de Clave Tsa para personalizar con el logo de tu empresa. Candado en material ABS con clave de cuatro dígitos. Cotiza por WhatsApp.","https://www.promocionalesjj.co/og-default.jpg","Organization WebSite Product BreadcrumbList","28","si","si"
"/tienda/canguro-reflective/","producto","73903","Canguro Reflective con logo personalizado | Promocionales J&J","Canguro Reflective","https://www.promocionalesjj.co/tienda/canguro-reflective/","","Canguro Reflective para personalizar con el logo de tu empresa. Canguro en poliéster reflectivo. Marcación en serigrafía. Cotiza por WhatsApp.","https://www.promocionalesjj.co/img/productos/canguro-reflective.jpg","Organization WebSite Product BreadcrumbList","28","si","si"
"/tienda/cargador-inalambrico-bamboo-clock/","producto","74845","Cargador Inalámbrico Bamboo Clock con logo personalizado | Promocionales J&J","Cargador Inalámbrico Bamboo Clock","https://www.promocionalesjj.co/tienda/cargador-inalambrico-bamboo-clock/","","Cargador Inalámbrico Bamboo Clock para personalizar con el logo de tu empresa. Cargador inalámbrico en bambú de 5W con reloj digital. Cotiza por WhatsApp.","https://www.promocionalesjj.co/img/productos/cargador-inalambrico-bamboo-clock.jpg","Organization WebSite Product BreadcrumbList","27","si","si"
"/tienda/cargador-inalambrico-bamboo-ii/","producto","75028","Cargador Inalámbrico Bamboo II con logo personalizado | Promocionales J&J","Cargador Inalámbrico Bamboo II","https://www.promocionalesjj.co/tienda/cargador-inalambrico-bamboo-ii/","","Cargador Inalámbrico Bamboo II para personalizar con el logo de tu empresa. Cargador inalámbrico en bambú de 15W o 5W. Cotiza por WhatsApp.","https://www.promocionalesjj.co/img/productos/cargador-inalambrico-bamboo-ii.jpg","Organization WebSite Product BreadcrumbList","27","si","si"
"/tienda/cargador-inalambrico-bamboo-square-ii/","producto","75084","Cargador Inalámbrico Bamboo Square II con logo personalizado | Promocionales J&J","Cargador Inalámbrico Bamboo Square II","https://www.promocionalesjj.co/tienda/cargador-inalambrico-bamboo-square-ii/","","Cargador Inalámbrico Bamboo Square II para personalizar con el logo de tu empresa. Cargador inalámbrico en bambú de 5W, entrada USB tipo A y entrada tipo C.","https://www.promocionalesjj.co/img/productos/cargador-inalambrico-bamboo-square-ii.jpg","Organization WebSite Product BreadcrumbList","27","si","si"
"/tienda/cargador-inalambrico-coileco/","producto","74652","Cargador Inalámbrico Coileco con logo personalizado | Promocionales J&J","Cargador Inalámbrico Coileco","https://www.promocionalesjj.co/tienda/cargador-inalambrico-coileco/","","Cargador Inalámbrico Coileco para personalizar con el logo de tu empresa. Cargador inalámbrico en bambú y plástico reciclado de 15W. Cotiza por WhatsApp.","https://www.promocionalesjj.co/img/productos/cargador-inalambrico-coileco.jpg","Organization WebSite Product BreadcrumbList","27","si","si"
"/tienda/cargador-inalambrico-collin/","producto","74605","Cargador Inalámbrico Collin con logo personalizado | Promocionales J&J","Cargador Inalámbrico Collin","https://www.promocionalesjj.co/tienda/cargador-inalambrico-collin/","","Cargador Inalámbrico Collin para personalizar con el logo de tu empresa. Cotiza por WhatsApp.","https://www.promocionalesjj.co/img/productos/cargador-inalambrico-collin.jpg","Organization WebSite Product BreadcrumbList","27","si","si"
"/tienda/cargador-inalambrico-con-cables-4-1/","producto","74793","Cargador Inalámbrico con Cables 4-1 con logo personalizado | Promocionales J&J","Cargador Inalámbrico con Cables 4-1","https://www.promocionalesjj.co/tienda/cargador-inalambrico-con-cables-4-1/","","Cargador Inalámbrico con Cables 4-1 para personalizar con el logo de tu empresa. Cargador inalámbrico en bambú y tela. Cotiza por WhatsApp.","https://www.promocionalesjj.co/img/productos/cargador-inalambrico-con-cables-4-1.jpg","Organization WebSite Product BreadcrumbList","27","si","si"
"/tienda/cargador-inalambrico-con-lampara-flex/","producto","75171","Cargador Inalámbrico con Lámpara Flex con logo personalizado | Promocionales J&J","Cargador Inalámbrico con Lámpara Flex","https://www.promocionalesjj.co/tienda/cargador-inalambrico-con-lampara-flex/","","Cargador Inalámbrico con Lámpara Flex para personalizar con el logo de tu empresa. Cotiza por WhatsApp.","https://www.promocionalesjj.co/img/productos/cargador-inalambrico-con-lampara-flex.jpg","Organization WebSite Product BreadcrumbList","28","si","si"
"/tienda/cargador-inalambrico-con-tablero/","producto","74547","Cargador Inalámbrico con Tablero con logo personalizado | Promocionales J&J","Cargador Inalámbrico con Tablero","https://www.promocionalesjj.co/tienda/cargador-inalambrico-con-tablero/","","Cargador Inalámbrico con Tablero para personalizar con el logo de tu empresa. Cotiza por WhatsApp.","https://www.promocionalesjj.co/img/productos/cargador-inalambrico-con-tablero.jpg","Organization WebSite Product BreadcrumbList","27","si","si"
"/tienda/cargador-inalambrico-con-tablero-eco/","producto","74920","Cargador Inalámbrico con Tablero Eco con logo personalizado | Promocionales J&J","Cargador Inalámbrico con Tablero Eco","https://www.promocionalesjj.co/tienda/cargador-inalambrico-con-tablero-eco/","","Cargador Inalámbrico con Tablero Eco para personalizar con el logo de tu empresa. Cotiza por WhatsApp.","https://www.promocionalesjj.co/img/productos/cargador-inalambrico-con-tablero-eco.jpg","Organization WebSite Product BreadcrumbList","27","si","si"
"/tienda/cargador-inalambrico-heston/","producto","74889","Cargador Inalámbrico Heston con logo personalizado | Promocionales J&J","Cargador Inalámbrico Heston","https://www.promocionalesjj.co/tienda/cargador-inalambrico-heston/","","Cargador Inalámbrico Heston para personalizar con el logo de tu empresa. Cargador inalámbrico plástico con soporte plegable y ajustable para celular.","https://www.promocionalesjj.co/img/productos/cargador-inalambrico-heston.jpg","Organization WebSite Product BreadcrumbList","27","si","si"
"/tienda/cargador-inalambrico-lavinia/","producto","74703","Cargador Inalámbrico Lavinia con logo personalizado | Promocionales J&J","Cargador Inalámbrico Lavinia","https://www.promocionalesjj.co/tienda/cargador-inalambrico-lavinia/","","Cargador Inalámbrico Lavinia para personalizar con el logo de tu empresa. Cargador inalámbrico en fibra de trigo de 5 W con portabolígrafos en bambú.","https://www.promocionalesjj.co/img/productos/cargador-inalambrico-lavinia.jpg","Organization WebSite Product BreadcrumbList","27","si","si"
"/tienda/cargador-inalambrico-magnet-3-1-eco/","producto","74997","Cargador Inalámbrico Mágnet 3-1 Eco con logo personalizado | Promocionales J&J","Cargador Inalámbrico Mágnet 3-1 Eco","https://www.promocionalesjj.co/tienda/cargador-inalambrico-magnet-3-1-eco/","","Cargador Inalámbrico Mágnet 3-1 Eco para personalizar con el logo de tu empresa. Cargador inalámbrico 3-1 plegable en bambú y corcho de 15 W.","https://www.promocionalesjj.co/img/productos/cargador-inalambrico-magnet-3-1-eco.jpg","Organization WebSite Product BreadcrumbList","27","si","si"
"/tienda/cargador-inalambrico-nembar/","producto","74945","Cargador Inalámbrico Nembar con logo personalizado | Promocionales J&J","Cargador Inalámbrico Nembar","https://www.promocionalesjj.co/tienda/cargador-inalambrico-nembar/","","Cargador Inalámbrico Nembar para personalizar con el logo de tu empresa. Cargador inalámbrico de línea nature, con base de carga en madera de bambú.","https://www.promocionalesjj.co/img/productos/cargador-inalambrico-nembar.jpg","Organization WebSite Product BreadcrumbList","27","si","si"
"/tienda/cargador-inalambrico-sabik-eco/","producto","74659","Cargador Inalámbrico Sabik Eco con logo personalizado | Promocionales J&J","Cargador Inalámbrico Sabik Eco","https://www.promocionalesjj.co/tienda/cargador-inalambrico-sabik-eco/","","Cargador Inalámbrico Sabik Eco para personalizar con el logo de tu empresa. Cargador inalámbrico fabricado en corcho y bambú. Cotiza por WhatsApp.","https://www.promocionalesjj.co/img/productos/cargador-inalambrico-sabik-eco.jpg","Organization WebSite Product BreadcrumbList","27","si","si"
"/tienda/cargador-inalambrico-warmer/","producto","74817","Cargador Inalámbrico Warmer con logo personalizado | Promocionales J&J","Cargador Inalámbrico Warmer","https://www.promocionalesjj.co/tienda/cargador-inalambrico-warmer/","","Cargador Inalámbrico Warmer para personalizar con el logo de tu empresa. Cargador inalámbrico y calentador de tazas en bambú (mantiene la temperatura).","https://www.promocionalesjj.co/img/productos/cargador-inalambrico-warmer.jpg","Organization WebSite Product BreadcrumbList","27","si","si"
"/tienda/cargador-para-carro-eco/","producto","74087","Cargador para Carro Eco con logo personalizado | Promocionales J&J","Cargador para Carro Eco","https://www.promocionalesjj.co/tienda/cargador-para-carro-eco/","","Cargador para Carro Eco para personalizar con el logo de tu empresa. Cargador ecológico en fibra de trigo para carro. Cotiza por WhatsApp.","https://www.promocionalesjj.co/img/productos/cargador-para-carro-eco.jpg","Organization WebSite Product BreadcrumbList","27","si","si"
"/tienda/carpeta-de-carton-reciclable-ii/","producto","73973","Carpeta de Cartón Reciclable II con logo personalizado | Promocionales J&J","Carpeta de Cartón Reciclable II","https://www.promocionalesjj.co/tienda/carpeta-de-carton-reciclable-ii/","","Carpeta de Cartón Reciclable II para personalizar con el logo de tu empresa. Cotiza por WhatsApp.","https://www.promocionalesjj.co/img/productos/carpeta-de-carton-reciclable-ii.jpg","Organization WebSite Product BreadcrumbList","28","si","si"
"/tienda/carpeta-folder-con-cargador-inalambrico-cork/","producto","74550","Carpeta Folder con Cargador Inalámbrico Cork con logo personalizado | Promocionales J&J","Carpeta Folder con Cargador Inalámbrico Cork","https://www.promocionalesjj.co/tienda/carpeta-folder-con-cargador-inalambrico-cork/","","Carpeta Folder con Cargador Inalámbrico Cork para personalizar con el logo de tu empresa. Cotiza por WhatsApp.","https://www.promocionalesjj.co/img/productos/carpeta-folder-con-cargador-inalambrico-cork.jpg","Organization WebSite Product BreadcrumbList","28","si","si"
"/tienda/cartoon/","producto","71932","Bolígrafo Cartoon con logo personalizado | Promocionales J&J","Bolígrafo Cartoon","https://www.promocionalesjj.co/tienda/cartoon/","","Bolígrafo Cartoon para personalizar con el logo de tu empresa. Bolígrafo en cartón, clip y punta plástica. Marcación en tampografía. Cotiza por WhatsApp.","https://www.promocionalesjj.co/og-default.jpg","Organization WebSite Product BreadcrumbList","27","si","si"
"/tienda/categoria/antiestres/","categoria","143180","Antiestrés personalizables con logo | Promocionales J&J","Antiestrés personalizables con tu logo","https://www.promocionalesjj.co/tienda/categoria/antiestres/","","26 modelos de antiestrés para personalizar con el logo de tu empresa. Artículos antiestrés personalizados para aliviar tensiones en la oficina.","https://www.promocionalesjj.co/og-default.jpg","Organization WebSite BreadcrumbList","69","si","si"
"/tienda/categoria/antiestres/pagina/2/","categoria-paginada","73046","Antiestrés personalizables con logo — página 2 | Promocionales J&J","Antiestrés personalizables con tu logo — página 2","https://www.promocionalesjj.co/tienda/categoria/antiestres/pagina/2/","","Página 2 de 2 de antiestrés para personalizar con el logo de tu empresa en Colombia.","https://www.promocionalesjj.co/og-default.jpg","Organization WebSite BreadcrumbList","47","si","no"
"/tienda/categoria/antimicrobianos/","categoria","91180","Antimicrobianos personalizables con logo | Promocionales J&J","Antimicrobianos personalizables con tu logo","https://www.promocionalesjj.co/tienda/categoria/antimicrobianos/","","7 modelos de antimicrobianos para personalizar con el logo de tu empresa. Productos con tecnología antimicrobiana para mayor higiene y seguridad.","https://www.promocionalesjj.co/og-default.jpg","Organization WebSite BreadcrumbList","51","si","si"
"/tienda/categoria/articulos-escritura/","categoria","146182","Artículos de Escritura personalizables con logo | Promocionales J&J","Artículos de Escritura personalizables con tu logo","https://www.promocionalesjj.co/tienda/categoria/articulos-escritura/","","291 modelos de artículos de escritura para personalizar con el logo de tu empresa. Bolígrafos, lapiceros y sets de escritura personalizados con tu marca.","https://www.promocionalesjj.co/og-default.jpg","Organization WebSite BreadcrumbList","72","si","si"
"/tienda/categoria/articulos-escritura/pagina/10/","categoria-paginada","143429","Artículos de Escritura personalizables con logo — página 10 | Promocionales J&J","Artículos de Escritura personalizables con tu logo — página 10","https://www.promocionalesjj.co/tienda/categoria/articulos-escritura/pagina/10/","","Página 10 de 13 de artículos de escritura para personalizar con el logo de tu empresa en Colombia.","https://www.promocionalesjj.co/og-default.jpg","Organization WebSite BreadcrumbList","74","si","no"
"/tienda/categoria/articulos-escritura/pagina/11/","categoria-paginada","140535","Artículos de Escritura personalizables con logo — página 11 | Promocionales J&J","Artículos de Escritura personalizables con tu logo — página 11","https://www.promocionalesjj.co/tienda/categoria/articulos-escritura/pagina/11/","","Página 11 de 13 de artículos de escritura para personalizar con el logo de tu empresa en Colombia.","https://www.promocionalesjj.co/og-default.jpg","Organization WebSite BreadcrumbList","73","si","no"
"/tienda/categoria/articulos-escritura/pagina/12/","categoria-paginada","146071","Artículos de Escritura personalizables con logo — página 12 | Promocionales J&J","Artículos de Escritura personalizables con tu logo — página 12","https://www.promocionalesjj.co/tienda/categoria/articulos-escritura/pagina/12/","","Página 12 de 13 de artículos de escritura para personalizar con el logo de tu empresa en Colombia.","https://www.promocionalesjj.co/og-default.jpg","Organization WebSite BreadcrumbList","72","si","no"
"/tienda/categoria/articulos-escritura/pagina/13/","categoria-paginada","80083","Artículos de Escritura personalizables con logo — página 13 | Promocionales J&J","Artículos de Escritura personalizables con tu logo — página 13","https://www.promocionalesjj.co/tienda/categoria/articulos-escritura/pagina/13/","","Página 13 de 13 de artículos de escritura para personalizar con el logo de tu empresa en Colombia.","https://www.promocionalesjj.co/og-default.jpg","Organization WebSite BreadcrumbList","50","si","no"
"/tienda/categoria/articulos-escritura/pagina/2/","categoria-paginada","141803","Artículos de Escritura personalizables con logo — página 2 | Promocionales J&J","Artículos de Escritura personalizables con tu logo — página 2","https://www.promocionalesjj.co/tienda/categoria/articulos-escritura/pagina/2/","","Página 2 de 13 de artículos de escritura para personalizar con el logo de tu empresa en Colombia.","https://www.promocionalesjj.co/og-default.jpg","Organization WebSite BreadcrumbList","72","si","no"
"/tienda/categoria/articulos-escritura/pagina/3/","categoria-paginada","151390","Artículos de Escritura personalizables con logo — página 3 | Promocionales J&J","Artículos de Escritura personalizables con tu logo — página 3","https://www.promocionalesjj.co/tienda/categoria/articulos-escritura/pagina/3/","","Página 3 de 13 de artículos de escritura para personalizar con el logo de tu empresa en Colombia.","https://www.promocionalesjj.co/og-default.jpg","Organization WebSite BreadcrumbList","73","si","no"
"/tienda/categoria/articulos-escritura/pagina/4/","categoria-paginada","148565","Artículos de Escritura personalizables con logo — página 4 | Promocionales J&J","Artículos de Escritura personalizables con tu logo — página 4","https://www.promocionalesjj.co/tienda/categoria/articulos-escritura/pagina/4/","","Página 4 de 13 de artículos de escritura para personalizar con el logo de tu empresa en Colombia.","https://www.promocionalesjj.co/og-default.jpg","Organization WebSite BreadcrumbList","74","si","no"
"/tienda/categoria/articulos-escritura/pagina/5/","categoria-paginada","144238","Artículos de Escritura personalizables con logo — página 5 | Promocionales J&J","Artículos de Escritura personalizables con tu logo — página 5","https://www.promocionalesjj.co/tienda/categoria/articulos-escritura/pagina/5/","","Página 5 de 13 de artículos de escritura para personalizar con el logo de tu empresa en Colombia.","https://www.promocionalesjj.co/og-default.jpg","Organization WebSite BreadcrumbList","74","si","no"
"/tienda/categoria/articulos-escritura/pagina/6/","categoria-paginada","143756","Artículos de Escritura personalizables con logo — página 6 | Promocionales J&J","Artículos de Escritura personalizables con tu logo — página 6","https://www.promocionalesjj.co/tienda/categoria/articulos-escritura/pagina/6/","","Página 6 de 13 de artículos de escritura para personalizar con el logo de tu empresa en Colombia.","https://www.promocionalesjj.co/og-default.jpg","Organization WebSite BreadcrumbList","74","si","no"
"/tienda/categoria/articulos-escritura/pagina/7/","categoria-paginada","148100","Artículos de Escritura personalizables con logo — página 7 | Promocionales J&J","Artículos de Escritura personalizables con tu logo — página 7","https://www.promocionalesjj.co/tienda/categoria/articulos-escritura/pagina/7/","","Página 7 de 13 de artículos de escritura para personalizar con el logo de tu empresa en Colombia.","https://www.promocionalesjj.co/og-default.jpg","Organization WebSite BreadcrumbList","74","si","no"
"/tienda/categoria/articulos-escritura/pagina/8/","categoria-paginada","140113","Artículos de Escritura personalizables con logo — página 8 | Promocionales J&J","Artículos de Escritura personalizables con tu logo — página 8","https://www.promocionalesjj.co/tienda/categoria/articulos-escritura/pagina/8/","","Página 8 de 13 de artículos de escritura para personalizar con el logo de tu empresa en Colombia.","https://www.promocionalesjj.co/og-default.jpg","Organization WebSite BreadcrumbList","74","si","no"
"/tienda/categoria/articulos-escritura/pagina/9/","categoria-paginada","145110","Artículos de Escritura personalizables con logo — página 9 | Promocionales J&J","Artículos de Escritura personalizables con tu logo — página 9","https://www.promocionalesjj.co/tienda/categoria/articulos-escritura/pagina/9/","","Página 9 de 13 de artículos de escritura para personalizar con el logo de tu empresa en Colombia.","https://www.promocionalesjj.co/og-default.jpg","Organization WebSite BreadcrumbList","74","si","no"
"/tienda/categoria/automovil/","categoria","69254","Automóvil personalizables con logo | Promocionales J&J","Automóvil personalizables con tu logo","https://www.promocionalesjj.co/tienda/categoria/automovil/","","1 modelo de automóvil para personalizar con el logo de tu empresa. Accesorios promocionales para autos y vehículos.","https://www.promocionalesjj.co/og-default.jpg","Organization WebSite BreadcrumbList","45","si","si"
"/tienda/categoria/bar-y-vino/","categoria","147280","Bar y Vino personalizables con logo | Promocionales J&J","Bar y Vino personalizables con tu logo","https://www.promocionalesjj.co/tienda/categoria/bar-y-vino/","","27 modelos de bar y vino para personalizar con el logo de tu empresa. Artículos para bar, destapadores, copas y accesorios de vino.","https://www.promocionalesjj.co/og-default.jpg","Organization WebSite BreadcrumbList","69","si","si"
"/tienda/categoria/bar-y-vino/pagina/2/","categoria-paginada","77910","Bar y Vino personalizables con logo — página 2 | Promocionales J&J","Bar y Vino personalizables con tu logo — página 2","https://www.promocionalesjj.co/tienda/categoria/bar-y-vino/pagina/2/","","Página 2 de 2 de bar y vino para personalizar con el logo de tu empresa en Colombia.","https://www.promocionalesjj.co/og-default.jpg","Organization WebSite BreadcrumbList","48","si","no"
"/tienda/categoria/bicicleta/","categoria","96338","Bicicleta personalizables con logo | Promocionales J&J","Bicicleta personalizables con tu logo","https://www.promocionalesjj.co/tienda/categoria/bicicleta/","","9 modelos de bicicleta para personalizar con el logo de tu empresa. Accesorios para ciclistas y bicicletas personalizados.","https://www.promocionalesjj.co/og-default.jpg","Organization WebSite BreadcrumbList","53","si","si"
"/tienda/categoria/bolsas/","categoria","140705","Bolsas personalizables con logo | Promocionales J&J","Bolsas personalizables con tu logo","https://www.promocionalesjj.co/tienda/categoria/bolsas/","","54 modelos de bolsas para personalizar con el logo de tu empresa. Bolsas y tulas personalizadas con tu logo en algodón, cambrel, yute y materiales reciclados.","https://www.promocionalesjj.co/og-default.jpg","Organization WebSite BreadcrumbList","71","si","si"
"/tienda/categoria/bolsas/pagina/2/","categoria-paginada","143539","Bolsas personalizables con logo — página 2 | Promocionales J&J","Bolsas personalizables con tu logo — página 2","https://www.promocionalesjj.co/tienda/categoria/bolsas/pagina/2/","","Página 2 de 3 de bolsas para personalizar con el logo de tu empresa en Colombia.","https://www.promocionalesjj.co/og-default.jpg","Organization WebSite BreadcrumbList","70","si","no"
"/tienda/categoria/bolsas/pagina/3/","categoria-paginada","86870","Bolsas personalizables con logo — página 3 | Promocionales J&J","Bolsas personalizables con tu logo — página 3","https://www.promocionalesjj.co/tienda/categoria/bolsas/pagina/3/","","Página 3 de 3 de bolsas para personalizar con el logo de tu empresa en Colombia.","https://www.promocionalesjj.co/og-default.jpg","Organization WebSite BreadcrumbList","52","si","no"
"/tienda/categoria/calculadoras/","categoria","69342","Calculadoras personalizables con logo | Promocionales J&J","Calculadoras personalizables con tu logo","https://www.promocionalesjj.co/tienda/categoria/calculadoras/","","1 modelo de calculadoras para personalizar con el logo de tu empresa. Calculadoras promocionales para oficina y estudiantes.","https://www.promocionalesjj.co/og-default.jpg","Organization WebSite BreadcrumbList","45","si","si"
"/tienda/categoria/cuidado-personal/","categoria","75929","Cuidado Personal personalizables con logo | Promocionales J&J","Cuidado Personal personalizables con tu logo","https://www.promocionalesjj.co/tienda/categoria/cuidado-personal/","","3 modelos de cuidado personal para personalizar con el logo de tu empresa. Productos de higiene y cuidado personal personalizados.","https://www.promocionalesjj.co/og-default.jpg","Organization WebSite BreadcrumbList","47","si","si"
"/tienda/categoria/ecologia/","categoria","95146","Ecología personalizables con logo | Promocionales J&J","Ecología personalizables con tu logo","https://www.promocionalesjj.co/tienda/categoria/ecologia/","","9 modelos de ecología para personalizar con el logo de tu empresa. Artículos ecológicos y sustentables para empresas responsables.","https://www.promocionalesjj.co/og-default.jpg","Organization WebSite BreadcrumbList","53","si","si"
"/tienda/categoria/golf/","categoria","69340","Golf personalizables con logo | Promocionales J&J","Golf personalizables con tu logo","https://www.promocionalesjj.co/tienda/categoria/golf/","","1 modelo de golf para personalizar con el logo de tu empresa. Accesorios de golf personalizados para eventos corporativos.","https://www.promocionalesjj.co/og-default.jpg","Organization WebSite BreadcrumbList","45","si","si"
"/tienda/categoria/gorras/","categoria","72782","Gorras personalizables con logo | Promocionales J&J","Gorras personalizables con tu logo","https://www.promocionalesjj.co/tienda/categoria/gorras/","","2 modelos de gorras para personalizar con el logo de tu empresa. Gorras y cachuchas personalizadas con bordado o estampado.","https://www.promocionalesjj.co/og-default.jpg","Organization WebSite BreadcrumbList","46","si","si"
"/tienda/categoria/herramientas/","categoria","149517","Herramientas personalizables con logo | Promocionales J&J","Herramientas personalizables con tu logo","https://www.promocionalesjj.co/tienda/categoria/herramientas/","","54 modelos de herramientas para personalizar con el logo de tu empresa. Herramientas promocionales útiles para el hogar y trabajo.","https://www.promocionalesjj.co/og-default.jpg","Organization WebSite BreadcrumbList","70","si","si"
"/tienda/categoria/herramientas/pagina/2/","categoria-paginada","142074","Herramientas personalizables con logo — página 2 | Promocionales J&J","Herramientas personalizables con tu logo — página 2","https://www.promocionalesjj.co/tienda/categoria/herramientas/pagina/2/","","Página 2 de 3 de herramientas para personalizar con el logo de tu empresa en Colombia.","https://www.promocionalesjj.co/og-default.jpg","Organization WebSite BreadcrumbList","70","si","no"
"/tienda/categoria/herramientas/pagina/3/","categoria-paginada","88822","Herramientas personalizables con logo — página 3 | Promocionales J&J","Herramientas personalizables con tu logo — página 3","https://www.promocionalesjj.co/tienda/categoria/herramientas/pagina/3/","","Página 3 de 3 de herramientas para personalizar con el logo de tu empresa en Colombia.","https://www.promocionalesjj.co/og-default.jpg","Organization WebSite BreadcrumbList","52","si","no"
"/tienda/categoria/hogar/","categoria","86527","Hogar personalizables con logo | Promocionales J&J","Hogar personalizables con tu logo","https://www.promocionalesjj.co/tienda/categoria/hogar/","","6 modelos de hogar para personalizar con el logo de tu empresa. Artículos para el hogar personalizados con tu marca.","https://www.promocionalesjj.co/og-default.jpg","Organization WebSite BreadcrumbList","50","si","si"
"/tienda/categoria/iluminacion/","categoria","73062","Iluminación personalizables con logo | Promocionales J&J","Iluminación personalizables con tu logo","https://www.promocionalesjj.co/tienda/categoria/iluminacion/","","2 modelos de iluminación para personalizar con el logo de tu empresa. Linternas, lámparas y productos de iluminación personalizados.","https://www.promocionalesjj.co/og-default.jpg","Organization WebSite BreadcrumbList","46","si","si"
"/tienda/categoria/infantil/","categoria","69348","Infantil personalizables con logo | Promocionales J&J","Infantil personalizables con tu logo","https://www.promocionalesjj.co/tienda/categoria/infantil/","","1 modelo de infantil para personalizar con el logo de tu empresa. Productos promocionales para niños y eventos infantiles.","https://www.promocionalesjj.co/og-default.jpg","Organization WebSite BreadcrumbList","45","si","si"
"/tienda/categoria/juegos/","categoria","113589","Juegos personalizables con logo | Promocionales J&J","Juegos personalizables con tu logo","https://www.promocionalesjj.co/tienda/categoria/juegos/","","16 modelos de juegos para personalizar con el logo de tu empresa. Juegos de mesa y artículos recreativos personalizados.","https://www.promocionalesjj.co/og-default.jpg","Organization WebSite BreadcrumbList","60","si","si"
"/tienda/categoria/libretas/","categoria","128182","Libretas personalizables con logo | Promocionales J&J","Libretas personalizables con tu logo","https://www.promocionalesjj.co/tienda/categoria/libretas/","","19 modelos de libretas para personalizar con el logo de tu empresa. Libretas, cuadernos y planeadores personalizables con el logo de tu empresa.","https://www.promocionalesjj.co/og-default.jpg","Organization WebSite BreadcrumbList","64","si","si"
"/tienda/categoria/llaveros/","categoria","146305","Llaveros personalizables con logo | Promocionales J&J","Llaveros personalizables con tu logo","https://www.promocionalesjj.co/tienda/categoria/llaveros/","","31 modelos de llaveros para personalizar con el logo de tu empresa. Llaveros promocionales de diversos materiales y estilos.","https://www.promocionalesjj.co/og-default.jpg","Organization WebSite BreadcrumbList","70","si","si"
"/tienda/categoria/llaveros/pagina/2/","categoria-paginada","90702","Llaveros personalizables con logo — página 2 | Promocionales J&J","Llaveros personalizables con tu logo — página 2","https://www.promocionalesjj.co/tienda/categoria/llaveros/pagina/2/","","Página 2 de 2 de llaveros para personalizar con el logo de tu empresa en Colombia.","https://www.promocionalesjj.co/og-default.jpg","Organization WebSite BreadcrumbList","52","si","no"
"/tienda/categoria/maletines/","categoria","89281","Maletines personalizables con logo | Promocionales J&J","Maletines personalizables con tu logo","https://www.promocionalesjj.co/tienda/categoria/maletines/","","7 modelos de maletines para personalizar con el logo de tu empresa. Maletines, portafolios y bolsos ejecutivos personalizados.","https://www.promocionalesjj.co/og-default.jpg","Organization WebSite BreadcrumbList","51","si","si"
"/tienda/categoria/master-line/","categoria","79002","Master Line personalizables con logo | Promocionales J&J","Master Line personalizables con tu logo","https://www.promocionalesjj.co/tienda/categoria/master-line/","","4 modelos de master line para personalizar con el logo de tu empresa. Productos premium de la línea Master Line.","https://www.promocionalesjj.co/og-default.jpg","Organization WebSite BreadcrumbList","48","si","si"
"/tienda/categoria/memorias-usb/","categoria","80390","Memorias USB personalizables con logo | Promocionales J&J","Memorias USB personalizables con tu logo","https://www.promocionalesjj.co/tienda/categoria/memorias-usb/","","4 modelos de memorias usb para personalizar con el logo de tu empresa. Memorias USB y pendrives personalizados con tu logo.","https://www.promocionalesjj.co/og-default.jpg","Organization WebSite BreadcrumbList","48","si","si"
"/tienda/categoria/mugs/","categoria","115581","Mugs personalizables con logo | Promocionales J&J","Mugs personalizables con tu logo","https://www.promocionalesjj.co/tienda/categoria/mugs/","","16 modelos de mugs para personalizar con el logo de tu empresa. Tazas y mugs personalizados para oficina y hogar.","https://www.promocionalesjj.co/og-default.jpg","Organization WebSite BreadcrumbList","61","si","si"
"/tienda/categoria/oficina/","categoria","82269","Oficina personalizables con logo | Promocionales J&J","Oficina personalizables con tu logo","https://www.promocionalesjj.co/tienda/categoria/oficina/","","5 modelos de oficina para personalizar con el logo de tu empresa. Artículos de oficina y escritorio personalizados.","https://www.promocionalesjj.co/og-default.jpg","Organization WebSite BreadcrumbList","49","si","si"
"/tienda/categoria/paraguas/","categoria","77767","Paraguas y sombrillas personalizados con logo | Promocionales J&J","Paraguas personalizados con tu logo","https://www.promocionalesjj.co/tienda/categoria/paraguas/","","3 modelos de paraguas para personalizar con el logo de tu empresa. Paraguas personalizados con el logo de tu empresa para campañas, eventos y regalos corporativos.","https://www.promocionalesjj.co/og-default.jpg","Organization WebSite BreadcrumbList","48","si","si"
"/tienda/categoria/precio-bomba/","categoria","69737","Precio Bomba personalizables con logo | Promocionales J&J","Precio Bomba personalizables con tu logo","https://www.promocionalesjj.co/tienda/categoria/precio-bomba/","","1 modelo de precio bomba para personalizar con el logo de tu empresa. Productos promocionales con los mejores precios del mercado.","https://www.promocionalesjj.co/og-default.jpg","Organization WebSite BreadcrumbList","45","si","si"
"/tienda/categoria/produccion-nacional/","categoria","110423","Producción Nacional personalizables con logo | Promocionales J&J","Producción Nacional personalizables con tu logo","https://www.promocionalesjj.co/tienda/categoria/produccion-nacional/","","12 modelos de producción nacional para personalizar con el logo de tu empresa. Productos fabricados localmente con calidad garantizada.","https://www.promocionalesjj.co/og-default.jpg","Organization WebSite BreadcrumbList","56","si","si"
"/tienda/categoria/reflectivos/","categoria","106572","Reflectivos personalizables con logo | Promocionales J&J","Reflectivos personalizables con tu logo","https://www.promocionalesjj.co/tienda/categoria/reflectivos/","","12 modelos de reflectivos para personalizar con el logo de tu empresa. Artículos reflectivos para seguridad vial y visibilidad nocturna.","https://www.promocionalesjj.co/og-default.jpg","Organization WebSite BreadcrumbList","56","si","si"
"/tienda/categoria/relojes/","categoria","92619","Relojes personalizables con logo | Promocionales J&J","Relojes personalizables con tu logo","https://www.promocionalesjj.co/tienda/categoria/relojes/","","8 modelos de relojes para personalizar con el logo de tu empresa. Relojes promocionales de pared y pulsera personalizados.","https://www.promocionalesjj.co/og-default.jpg","Organization WebSite BreadcrumbList","52","si","si"
"/tienda/categoria/tecnologia/","categoria","151108","Tecnología personalizables con logo | Promocionales J&J","Tecnología personalizables con tu logo","https://www.promocionalesjj.co/tienda/categoria/tecnologia/","","54 modelos de tecnología para personalizar con el logo de tu empresa. Gadgets tecnológicos y accesorios electrónicos personalizados.","https://www.promocionalesjj.co/og-default.jpg","Organization WebSite BreadcrumbList","71","si","si"
"/tienda/categoria/tecnologia/pagina/2/","categoria-paginada","149897","Tecnología personalizables con logo — página 2 | Promocionales J&J","Tecnología personalizables con tu logo — página 2","https://www.promocionalesjj.co/tienda/categoria/tecnologia/pagina/2/","","Página 2 de 3 de tecnología para personalizar con el logo de tu empresa en Colombia.","https://www.promocionalesjj.co/og-default.jpg","Organization WebSite BreadcrumbList","70","si","no"
"/tienda/categoria/tecnologia/pagina/3/","categoria-paginada","88905","Tecnología personalizables con logo — página 3 | Promocionales J&J","Tecnología personalizables con tu logo — página 3","https://www.promocionalesjj.co/tienda/categoria/tecnologia/pagina/3/","","Página 3 de 3 de tecnología para personalizar con el logo de tu empresa en Colombia.","https://www.promocionalesjj.co/og-default.jpg","Organization WebSite BreadcrumbList","52","si","no"
"/tienda/categoria/termos-personalizados/","categoria","70132","Termos Personalizados con logo | Promocionales J&J","Termos Personalizados","https://www.promocionalesjj.co/tienda/categoria/termos-personalizados/","","1 modelo de termos personalizados para personalizar con el logo de tu empresa. Termos personalizados con tu logo: acero inoxidable y opciones ecológicas para mantener tu marca presente todo el día.","https://www.promocionalesjj.co/og-default.jpg","Organization WebSite BreadcrumbList","45","si","si"
"/tienda/categoria/tomatodos-y-botilitos-personalizados/","categoria","129682","Tomatodos y Botilitos Personalizados con logo | Promocionales J&J","Tomatodos y Botilitos Personalizados","https://www.promocionalesjj.co/tienda/categoria/tomatodos-y-botilitos-personalizados/","","19 modelos de tomatodos y botilitos personalizados para personalizar con el logo de tu empresa. Tomatodos y botilitos personalizados con tu logo: metálicos, plásticos y ecológicos, ideales para regalos corporativos y deportivos.","https://www.promocionalesjj.co/og-default.jpg","Organization WebSite BreadcrumbList","64","si","si"
"/tienda/categoria/variedades/","categoria","151279","Variedades personalizables con logo | Promocionales J&J","Variedades personalizables con tu logo","https://www.promocionalesjj.co/tienda/categoria/variedades/","","168 modelos de variedades para personalizar con el logo de tu empresa. Artículos promocionales variados para toda ocasión.","https://www.promocionalesjj.co/og-default.jpg","Organization WebSite BreadcrumbList","71","si","si"
"/tienda/categoria/variedades/pagina/2/","categoria-paginada","144847","Variedades personalizables con logo — página 2 | Promocionales J&J","Variedades personalizables con tu logo — página 2","https://www.promocionalesjj.co/tienda/categoria/variedades/pagina/2/","","Página 2 de 7 de variedades para personalizar con el logo de tu empresa en Colombia.","https://www.promocionalesjj.co/og-default.jpg","Organization WebSite BreadcrumbList","72","si","no"
"/tienda/categoria/variedades/pagina/3/","categoria-paginada","146763","Variedades personalizables con logo — página 3 | Promocionales J&J","Variedades personalizables con tu logo — página 3","https://www.promocionalesjj.co/tienda/categoria/variedades/pagina/3/","","Página 3 de 7 de variedades para personalizar con el logo de tu empresa en Colombia.","https://www.promocionalesjj.co/og-default.jpg","Organization WebSite BreadcrumbList","73","si","no"
"/tienda/categoria/variedades/pagina/4/","categoria-paginada","143951","Variedades personalizables con logo — página 4 | Promocionales J&J","Variedades personalizables con tu logo — página 4","https://www.promocionalesjj.co/tienda/categoria/variedades/pagina/4/","","Página 4 de 7 de variedades para personalizar con el logo de tu empresa en Colombia.","https://www.promocionalesjj.co/og-default.jpg","Organization WebSite BreadcrumbList","74","si","no"
"/tienda/categoria/variedades/pagina/5/","categoria-paginada","147278","Variedades personalizables con logo — página 5 | Promocionales J&J","Variedades personalizables con tu logo — página 5","https://www.promocionalesjj.co/tienda/categoria/variedades/pagina/5/","","Página 5 de 7 de variedades para personalizar con el logo de tu empresa en Colombia.","https://www.promocionalesjj.co/og-default.jpg","Organization WebSite BreadcrumbList","73","si","no"
"/tienda/categoria/variedades/pagina/6/","categoria-paginada","145287","Variedades personalizables con logo — página 6 | Promocionales J&J","Variedades personalizables con tu logo — página 6","https://www.promocionalesjj.co/tienda/categoria/variedades/pagina/6/","","Página 6 de 7 de variedades para personalizar con el logo de tu empresa en Colombia.","https://www.promocionalesjj.co/og-default.jpg","Organization WebSite BreadcrumbList","72","si","no"
"/tienda/categoria/variedades/pagina/7/","categoria-paginada","141754","Variedades personalizables con logo — página 7 | Promocionales J&J","Variedades personalizables con tu logo — página 7","https://www.promocionalesjj.co/tienda/categoria/variedades/pagina/7/","","Página 7 de 7 de variedades para personalizar con el logo de tu empresa en Colombia.","https://www.promocionalesjj.co/og-default.jpg","Organization WebSite BreadcrumbList","71","si","no"
"/tienda/categoria/vasos-personalizados/","categoria","74413","Vasos personalizados con logo para empresas | Promocionales J&J","Vasos personalizados con tu logo","https://www.promocionalesjj.co/tienda/categoria/vasos-personalizados/","","2 modelos de vasos personalizados para personalizar con el logo de tu empresa. Vasos personalizados con tu logo para eventos, oficinas y regalos corporativos.","https://www.promocionalesjj.co/og-default.jpg","Organization WebSite BreadcrumbList","46","si","si"
"/tienda/cepillo-de-dientes-bambu/","producto","68245","Cepillo de Dientes Bambú con logo personalizado | Promocionales J&J","Cepillo de Dientes Bambú","https://www.promocionalesjj.co/tienda/cepillo-de-dientes-bambu/","","Cepillo de Dientes Bambú para personalizar con el logo de tu empresa. Cepillo de dientes de bambú. Cotiza por WhatsApp.","https://www.promocionalesjj.co/og-default.jpg","Organization WebSite Product BreadcrumbList","28","si","si"
"/tienda/cepillo-de-dientes-travel/","producto","68307","Cepillo de Dientes Travel con logo personalizado | Promocionales J&J","Cepillo de Dientes Travel","https://www.promocionalesjj.co/tienda/cepillo-de-dientes-travel/","","Cepillo de Dientes Travel para personalizar con el logo de tu empresa. Cepillo de dientes plegable de trigo. Cotiza por WhatsApp.","https://www.promocionalesjj.co/og-default.jpg","Organization WebSite Product BreadcrumbList","28","si","si"
"/tienda/cepillo-eco-bamboo/","producto","66849","Cepillo Eco Bamboo con logo personalizado | Promocionales J&J","Cepillo Eco Bamboo","https://www.promocionalesjj.co/tienda/cepillo-eco-bamboo/","","Cepillo Eco Bamboo para personalizar con el logo de tu empresa. Cepillo de bambú para limpieza facial. Cotiza por WhatsApp.","https://www.promocionalesjj.co/img/productos/cepillo-eco-bamboo.jpg","Organization WebSite Product BreadcrumbList","28","si","si"
"/tienda/cepillo-en-bamboo-con-espejo/","producto","68933","Cepillo en Bamboo con Espejo con logo personalizado | Promocionales J&J","Cepillo en Bamboo con Espejo","https://www.promocionalesjj.co/tienda/cepillo-en-bamboo-con-espejo/","","Cepillo en Bamboo con Espejo para personalizar con el logo de tu empresa. Cepillo y espejo individuales en bambú que se pueden juntar por medio de imanes.","https://www.promocionalesjj.co/img/productos/cepillo-en-bamboo-con-espejo.jpg","Organization WebSite Product BreadcrumbList","28","si","si"
"/tienda/cepillo-en-bamboo-hair/","producto","68167","Cepillo en Bamboo Hair con logo personalizado | Promocionales J&J","Cepillo en Bamboo Hair","https://www.promocionalesjj.co/tienda/cepillo-en-bamboo-hair/","","Cepillo en Bamboo Hair para personalizar con el logo de tu empresa. Cepillo de bambú. Cotiza por WhatsApp.","https://www.promocionalesjj.co/img/productos/cepillo-en-bamboo-hair.jpg","Organization WebSite Product BreadcrumbList","28","si","si"
"/tienda/cepillo-en-bamboo-hair-max/","producto","68343","Cepillo en Bamboo Hair Max con logo personalizado | Promocionales J&J","Cepillo en Bamboo Hair Max","https://www.promocionalesjj.co/tienda/cepillo-en-bamboo-hair-max/","","Cepillo en Bamboo Hair Max para personalizar con el logo de tu empresa. Cepillo de bambú. Cotiza por WhatsApp.","https://www.promocionalesjj.co/img/productos/cepillo-en-bamboo-hair-max.jpg","Organization WebSite Product BreadcrumbList","28","si","si"
"/tienda/cepillo-en-silicona-eco/","producto","69021","Cepillo en Silicona Eco con logo personalizado | Promocionales J&J","Cepillo en Silicona Eco","https://www.promocionalesjj.co/tienda/cepillo-en-silicona-eco/","","Cepillo en Silicona Eco para personalizar con el logo de tu empresa. Cepillo para limpieza facial, elaborado en fibra de trigo. Cotiza por WhatsApp.","https://www.promocionalesjj.co/img/productos/cepillo-en-silicona-eco.jpg","Organization WebSite Product BreadcrumbList","28","si","si"
"/tienda/cepillo-exfoliante-skin/","producto","68337","Cepillo Exfoliante Skin con logo personalizado | Promocionales J&J","Cepillo Exfoliante Skin","https://www.promocionalesjj.co/tienda/cepillo-exfoliante-skin/","","Cepillo Exfoliante Skin para personalizar con el logo de tu empresa. Cepillo y masajeador para limpieza facial en madera natural. Cotiza por WhatsApp.","https://www.promocionalesjj.co/og-default.jpg","Organization WebSite Product BreadcrumbList","28","si","si"
"/tienda/cinta-para-portacarnet-cork/","producto","74283","Cinta para Portacarnet Cork con logo personalizado | Promocionales J&J","Cinta para Portacarnet Cork","https://www.promocionalesjj.co/tienda/cinta-para-portacarnet-cork/","","Cinta para Portacarnet Cork para personalizar con el logo de tu empresa. Cinta para portacarnet en corcho con broche de seguridad y gancho metálico.","https://www.promocionalesjj.co/img/productos/cinta-para-portacarnet-cork.jpg","Organization WebSite Product BreadcrumbList","28","si","si"
"/tienda/cinta-portacarnet-puzzle/","producto","73482","Cinta Portacarnet Puzzle con logo personalizado | Promocionales J&J","Cinta Portacarnet Puzzle","https://www.promocionalesjj.co/tienda/cinta-portacarnet-puzzle/","","Cinta Portacarnet Puzzle para personalizar con el logo de tu empresa. Cotiza por WhatsApp.","https://www.promocionalesjj.co/img/productos/cinta-portacarnet-puzzle.jpg","Organization WebSite Product BreadcrumbList","28","si","si"
"/tienda/clark-metalizado/","producto","74044","Bolígrafo plástico Clark Metalizado con logo personalizado | Promocionales J&J","Bolígrafo plástico Clark Metalizado","https://www.promocionalesjj.co/tienda/clark-metalizado/","","Bolígrafo plástico Clark Metalizado para personalizar con el logo de tu empresa. Marcación en tampografía. Cotiza por WhatsApp.","https://www.promocionalesjj.co/img/productos/clark-metalizado.jpg","Organization WebSite Product BreadcrumbList","27","si","si"
"/tienda/clark-solido/","producto","73457","Bolígrafo plástico Clark Sólido con logo personalizado | Promocionales J&J","Bolígrafo plástico Clark Sólido","https://www.promocionalesjj.co/tienda/clark-solido/","","Bolígrafo plástico Clark Sólido para personalizar con el logo de tu empresa. Marcación en tampografía. Cotiza por WhatsApp.","https://www.promocionalesjj.co/img/productos/clark-solido.jpg","Organization WebSite Product BreadcrumbList","27","si","si"
"/tienda/clas/","producto","72624","Bolígrafo metálico Clas con logo personalizado | Promocionales J&J","Bolígrafo metálico Clas","https://www.promocionalesjj.co/tienda/clas/","","Bolígrafo metálico Clas para personalizar con el logo de tu empresa. Marcación en láser. Cotiza por WhatsApp.","https://www.promocionalesjj.co/img/productos/clas.jpg","Organization WebSite Product BreadcrumbList","27","si","si"
"/tienda/clip-cork/","producto","73471","Clip Cork con logo personalizado | Promocionales J&J","Clip Cork","https://www.promocionalesjj.co/tienda/clip-cork/","","Clip Cork para personalizar con el logo de tu empresa. Clip plástico con corcho e imán y dos pines. Cotiza por WhatsApp.","https://www.promocionalesjj.co/img/productos/clip-cork.jpg","Organization WebSite Product BreadcrumbList","28","si","si"
"/tienda/clip-marcador-de-hojas/","producto","66468","Clip Marcador de Hojas con logo personalizado | Promocionales J&J","Clip Marcador de Hojas","https://www.promocionalesjj.co/tienda/clip-marcador-de-hojas/","","Clip Marcador de Hojas para personalizar con el logo de tu empresa. Clip plástico en forma triangular. Marcación en tampografía. Cotiza por WhatsApp.","https://www.promocionalesjj.co/img/productos/clip-marcador-de-hojas.jpg","Organization WebSite Product BreadcrumbList","26","si","si"
"/tienda/clip-portamensajes-mini-car/","producto","62303","Clip Portamensajes Mini Car con logo personalizado | Promocionales J&J","Clip Portamensajes Mini Car","https://www.promocionalesjj.co/tienda/clip-portamensajes-mini-car/","","Clip Portamensajes Mini Car para personalizar con el logo de tu empresa. Portamensajes y portacelular metálico con clip portapapel. Cotiza por WhatsApp.","https://www.promocionalesjj.co/img/productos/clip-portamensajes-mini-car.jpg","Organization WebSite Product BreadcrumbList","25","si","si"
"/tienda/colgador-de-botellas-con-carabinero/","producto","74351","Colgador de Botellas con Carabinero con logo personalizado | Promocionales J&J","Colgador de Botellas con Carabinero","https://www.promocionalesjj.co/tienda/colgador-de-botellas-con-carabinero/","","Colgador de Botellas con Carabinero para personalizar con el logo de tu empresa. Colgador de botellas plástico con carabinero decorativo. Cotiza por WhatsApp.","https://www.promocionalesjj.co/img/productos/colgador-de-botellas-con-carabinero.jpg","Organization WebSite Product BreadcrumbList","28","si","si"
"/tienda/cooler-para-botellas/","producto","72752","Cooler para Botellas con logo personalizado | Promocionales J&J","Cooler para Botellas","https://www.promocionalesjj.co/tienda/cooler-para-botellas/","","Cooler para Botellas para personalizar con el logo de tu empresa. Cooler / enfriador en poliéster para botellas. Cotiza por WhatsApp.","https://www.promocionalesjj.co/img/productos/cooler-para-botellas.jpg","Organization WebSite Product BreadcrumbList","28","si","si"
"/tienda/corazon-antiestres/","producto","71617","Corazon Antiestrés con logo personalizado | Promocionales J&J","Corazon Antiestrés","https://www.promocionalesjj.co/tienda/corazon-antiestres/","","Corazon Antiestrés para personalizar con el logo de tu empresa. Sin bolsa individual. Cotiza por WhatsApp.","https://www.promocionalesjj.co/img/productos/corazon-antiestres.jpg","Organization WebSite Product BreadcrumbList","28","si","si"
"/tienda/cordon-para-celular-bamboo-eco/","producto","71582","Cordón para Celular Bamboo Eco con logo personalizado | Promocionales J&J","Cordón para Celular Bamboo Eco","https://www.promocionalesjj.co/tienda/cordon-para-celular-bamboo-eco/","","Cordón para Celular Bamboo Eco para personalizar con el logo de tu empresa. Cotiza por WhatsApp.","https://www.promocionalesjj.co/og-default.jpg","Organization WebSite Product BreadcrumbList","28","si","si"
"/tienda/corpy/","producto","72663","Bolígrafo metálico Corpy con logo personalizado | Promocionales J&J","Bolígrafo metálico Corpy","https://www.promocionalesjj.co/tienda/corpy/","","Bolígrafo metálico Corpy para personalizar con el logo de tu empresa. Marcación en láser. Cotiza por WhatsApp.","https://www.promocionalesjj.co/img/productos/corpy.jpg","Organization WebSite Product BreadcrumbList","27","si","si"
"/tienda/cosmetirquera-terra/","producto","67880","Cosmetirquera Terra con logo personalizado | Promocionales J&J","Cosmetirquera Terra","https://www.promocionalesjj.co/tienda/cosmetirquera-terra/","","Cosmetirquera Terra para personalizar con el logo de tu empresa. Cosmetiquera en algodón con yute. Cotiza por WhatsApp.","https://www.promocionalesjj.co/img/productos/cosmetirquera-terra.jpg","Organization WebSite Product BreadcrumbList","28","si","si"
"/tienda/cosmo-borrable/","producto","72178","Bolígrafo plástico Cosmo Borrable con logo personalizado | Promocionales J&J","Bolígrafo plástico Cosmo Borrable","https://www.promocionalesjj.co/tienda/cosmo-borrable/","","Bolígrafo plástico Cosmo Borrable para personalizar con el logo de tu empresa. Bolígrafo plástico con tinta borrable. Cotiza por WhatsApp.","https://www.promocionalesjj.co/img/productos/cosmo-borrable.jpg","Organization WebSite Product BreadcrumbList","27","si","si"
"/tienda/cubo-pop-it/","producto","69866","Cubo Pop It con logo personalizado | Promocionales J&J","Cubo Pop It","https://www.promocionalesjj.co/tienda/cubo-pop-it/","","Cubo Pop It para personalizar con el logo de tu empresa. Cubo antiestrés en silicona. Cotiza por WhatsApp.","https://www.promocionalesjj.co/img/productos/cubo-pop-it.jpg","Organization WebSite Product BreadcrumbList","28","si","si"
"/tienda/cubre-camara-eco-clip/","producto","74646","Cubre Cámara Eco Clip con logo personalizado | Promocionales J&J","Cubre Cámara Eco Clip","https://www.promocionalesjj.co/tienda/cubre-camara-eco-clip/","","Cubre Cámara Eco Clip para personalizar con el logo de tu empresa. Cubre cámara en plástico reciclable para cámara frontal del portátil o tablet.","https://www.promocionalesjj.co/img/productos/cubre-camara-eco-clip.jpg","Organization WebSite Product BreadcrumbList","28","si","si"
"/tienda/cuello-multifuncional-para-sublimacion/","producto","74023","Cuello Multifuncional para Sublimación con logo personalizado | Promocionales J&J","Cuello Multifuncional para Sublimación","https://www.promocionalesjj.co/tienda/cuello-multifuncional-para-sublimacion/","","Cuello Multifuncional para Sublimación para personalizar con el logo de tu empresa. Cuello multifuncional en poliéster para sublimación. Cotiza por WhatsApp.","https://www.promocionalesjj.co/img/productos/cuello-multifuncional-para-sublimacion.jpg","Organization WebSite Product BreadcrumbList","28","si","si"
"/tienda/cuerpo-en-madera-para-abanico/","producto","72891","Cuerpo en Madera para Abanico con logo personalizado | Promocionales J&J","Cuerpo en Madera para Abanico","https://www.promocionalesjj.co/tienda/cuerpo-en-madera-para-abanico/","","Cuerpo en Madera para Abanico para personalizar con el logo de tu empresa. Cuerpo en madera para abanico importado de 14 brazos. Cotiza por WhatsApp.","https://www.promocionalesjj.co/img/productos/cuerpo-en-madera-para-abanico.jpg","Organization WebSite Product BreadcrumbList","28","si","si"
"/tienda/descorchador-de-dos-tiempos-kiblack/","producto","73572","Descorchador de Dos Tiempos Kiblack con logo personalizado | Promocionales J&J","Descorchador de Dos Tiempos Kiblack","https://www.promocionalesjj.co/tienda/descorchador-de-dos-tiempos-kiblack/","","Descorchador de Dos Tiempos Kiblack para personalizar con el logo de tu empresa. Sacacorchos de dos tiempos en acero inoxidable. Cotiza por WhatsApp.","https://www.promocionalesjj.co/img/productos/descorchador-de-dos-tiempos-kiblack.jpg","Organization WebSite Product BreadcrumbList","28","si","si"
"/tienda/destapador-bamboo/","producto","72201","Destapador Bamboo con logo personalizado | Promocionales J&J","Destapador Bamboo","https://www.promocionalesjj.co/tienda/destapador-bamboo/","","Destapador Bamboo para personalizar con el logo de tu empresa. Por tratarse de un material natural el tono entre unidades puede variar. Cotiza por WhatsApp.","https://www.promocionalesjj.co/img/productos/destapador-bamboo.jpg","Organization WebSite Product BreadcrumbList","28","si","si"
"/tienda/destapador-bamboo-wine/","producto","72290","Destapador Bamboo Wine con logo personalizado | Promocionales J&J","Destapador Bamboo Wine","https://www.promocionalesjj.co/tienda/destapador-bamboo-wine/","","Destapador Bamboo Wine para personalizar con el logo de tu empresa. Destapador multifunción con descorchador de vino y navaja. Cotiza por WhatsApp.","https://www.promocionalesjj.co/img/productos/destapador-bamboo-wine.jpg","Organization WebSite Product BreadcrumbList","28","si","si"
"/tienda/destapador-con-navaja-eco/","producto","72423","Destapador con Navaja Eco con logo personalizado | Promocionales J&J","Destapador con Navaja Eco","https://www.promocionalesjj.co/tienda/destapador-con-navaja-eco/","","Destapador con Navaja Eco para personalizar con el logo de tu empresa. Destapador multifunción con descorchador de vino y navaja. Cotiza por WhatsApp.","https://www.promocionalesjj.co/img/productos/destapador-con-navaja-eco.jpg","Organization WebSite Product BreadcrumbList","28","si","si"
"/tienda/destapador-eco-wine/","producto","73822","Destapador Eco Wine con logo personalizado | Promocionales J&J","Destapador Eco Wine","https://www.promocionalesjj.co/tienda/destapador-eco-wine/","","Destapador Eco Wine para personalizar con el logo de tu empresa. Marcación en tampografía. Cotiza por WhatsApp.","https://www.promocionalesjj.co/img/productos/destapador-eco-wine.jpg","Organization WebSite Product BreadcrumbList","28","si","si"
"/tienda/destapador-electrico-para-vino/","producto","73271","Destapador Electrico para Vino con logo personalizado | Promocionales J&J","Destapador Electrico para Vino","https://www.promocionalesjj.co/tienda/destapador-electrico-para-vino/","","Destapador Electrico para Vino para personalizar con el logo de tu empresa. Diseño ergonómico con base de plástico. Cotiza por WhatsApp.","https://www.promocionalesjj.co/img/productos/destapador-electrico-para-vino.jpg","Organization WebSite Product BreadcrumbList","28","si","si"
"/tienda/destapador-house-bamboo/","producto","72442","Destapador House Bamboo con logo personalizado | Promocionales J&J","Destapador House Bamboo","https://www.promocionalesjj.co/tienda/destapador-house-bamboo/","","Destapador House Bamboo para personalizar con el logo de tu empresa. Destapador en bambú con imán. Cotiza por WhatsApp.","https://www.promocionalesjj.co/img/productos/destapador-house-bamboo.jpg","Organization WebSite Product BreadcrumbList","28","si","si"
"/tienda/destapador-nacul/","producto","72167","Destapador Nacul con logo personalizado | Promocionales J&J","Destapador Nacul","https://www.promocionalesjj.co/tienda/destapador-nacul/","","Destapador Nacul para personalizar con el logo de tu empresa. Destapador de acero inoxidable con madera. Cotiza por WhatsApp.","https://www.promocionalesjj.co/img/productos/destapador-nacul.jpg","Organization WebSite Product BreadcrumbList","28","si","si"
"/tienda/dickens-metalico/","producto","73197","Bolígrafo Dickens Metálico con logo personalizado | Promocionales J&J","Bolígrafo Dickens Metálico","https://www.promocionalesjj.co/tienda/dickens-metalico/","","Bolígrafo Dickens Metálico para personalizar con el logo de tu empresa. Bolígrafo metálico. Marcación en tampografía, láser. Cotiza por WhatsApp.","https://www.promocionalesjj.co/img/productos/dickens-metalico.jpg","Organization WebSite Product BreadcrumbList","27","si","si"
"/tienda/dispensador-de-bolsas-bone-material-antibacteriano/","producto","72801","Dispensador de Bolsas Bone Material Antibacteriano con logo personalizado | Promocionales J&J","Dispensador de Bolsas Bone Material Antibacteriano","https://www.promocionalesjj.co/tienda/dispensador-de-bolsas-bone-material-antibacteriano/","","Dispensador de Bolsas Bone Material Antibacteriano para personalizar con el logo de tu empresa. Cotiza por WhatsApp.","https://www.promocionalesjj.co/img/productos/dispensador-de-bolsas-bone-material-antibacteriano.jpg","Organization WebSite Product BreadcrumbList","27","si","si"
"/tienda/dispensador-de-bolsas-muller/","producto","53595","Dispensador de Bolsas Muller con logo personalizado | Promocionales J&J","Dispensador de Bolsas Muller","https://www.promocionalesjj.co/tienda/dispensador-de-bolsas-muller/","","Dispensador de Bolsas Muller para personalizar con el logo de tu empresa. Dispensador de bolsas para mascota con linterna de un LED integrada.","https://www.promocionalesjj.co/img/productos/dispensador-de-bolsas-muller.jpg","Organization WebSite Product BreadcrumbList","22","si","si"
"/tienda/domino-bamboo/","producto","71900","Dominó Bamboo con logo personalizado | Promocionales J&J","Dominó Bamboo","https://www.promocionalesjj.co/tienda/domino-bamboo/","","Dominó Bamboo para personalizar con el logo de tu empresa. Juego de dominó en bambú. Cotiza por WhatsApp.","https://www.promocionalesjj.co/img/productos/domino-bamboo.jpg","Organization WebSite Product BreadcrumbList","28","si","si"
"/tienda/ducal-eco/","producto","71802","Bolígrafo plástico Ducal Eco con logo personalizado | Promocionales J&J","Bolígrafo plástico Ducal Eco","https://www.promocionalesjj.co/tienda/ducal-eco/","","Bolígrafo plástico Ducal Eco para personalizar con el logo de tu empresa. Mecanismo push. Cotiza por WhatsApp.","https://www.promocionalesjj.co/img/productos/ducal-eco.jpg","Organization WebSite Product BreadcrumbList","27","si","si"
"/tienda/dwyn-metalico/","producto","73090","Bolígrafo Dwyn Metálico con logo personalizado | Promocionales J&J","Bolígrafo Dwyn Metálico","https://www.promocionalesjj.co/tienda/dwyn-metalico/","","Bolígrafo Dwyn Metálico para personalizar con el logo de tu empresa. Bolígrafo metálico / plástico con obturador en el clip. Cotiza por WhatsApp.","https://www.promocionalesjj.co/img/productos/dwyn-metalico.jpg","Organization WebSite Product BreadcrumbList","27","si","si"
"/tienda/eco-pet/","producto","71678","Bolígrafo plástico Eco Pet con logo personalizado | Promocionales J&J","Bolígrafo plástico Eco Pet","https://www.promocionalesjj.co/tienda/eco-pet/","","Bolígrafo plástico Eco Pet para personalizar con el logo de tu empresa. Mecanismo Push. Cotiza por WhatsApp.","https://www.promocionalesjj.co/img/productos/eco-pet.jpg","Organization WebSite Product BreadcrumbList","27","si","si"
"/tienda/ecologik/","producto","72929","Bolígrafo Ecologik con logo personalizado | Promocionales J&J","Bolígrafo Ecologik","https://www.promocionalesjj.co/tienda/ecologik/","","Bolígrafo Ecologik para personalizar con el logo de tu empresa. Bolígrafo en cartón. Marcación en tampografía. Cotiza por WhatsApp.","https://www.promocionalesjj.co/img/productos/ecologik.jpg","Organization WebSite Product BreadcrumbList","27","si","si"
"/tienda/ellison-solido/","producto","70649","Bolígrafo plástico Ellison Sólido con logo personalizado | Promocionales J&J","Bolígrafo plástico Ellison Sólido","https://www.promocionalesjj.co/tienda/ellison-solido/","","Bolígrafo plástico Ellison Sólido para personalizar con el logo de tu empresa. Mecanismo twist. Cotiza por WhatsApp.","https://www.promocionalesjj.co/og-default.jpg","Organization WebSite Product BreadcrumbList","27","si","si"
"/tienda/emory-neon/","producto","70513","Bolígrafo plástico Emory Neón con logo personalizado | Promocionales J&J","Bolígrafo plástico Emory Neón","https://www.promocionalesjj.co/tienda/emory-neon/","","Bolígrafo plástico Emory Neón para personalizar con el logo de tu empresa. Mecanismo twist. Cotiza por WhatsApp.","https://www.promocionalesjj.co/og-default.jpg","Organization WebSite Product BreadcrumbList","27","si","si"
"/tienda/espejo-bamboo/","producto","71938","Espejo Bamboo con logo personalizado | Promocionales J&J","Espejo Bamboo","https://www.promocionalesjj.co/tienda/espejo-bamboo/","","Espejo Bamboo para personalizar con el logo de tu empresa. Espejo en bambú natural. Marcación en tampografía, láser. Cotiza por WhatsApp.","https://www.promocionalesjj.co/img/productos/espejo-bamboo.jpg","Organization WebSite Product BreadcrumbList","28","si","si"
"/tienda/espejo-bamboo-max/","producto","71980","Espejo Bamboo Max con logo personalizado | Promocionales J&J","Espejo Bamboo Max","https://www.promocionalesjj.co/tienda/espejo-bamboo-max/","","Espejo Bamboo Max para personalizar con el logo de tu empresa. Espejo en bambú natural. Marcación en láser. Cotiza por WhatsApp.","https://www.promocionalesjj.co/img/productos/espejo-bamboo-max.jpg","Organization WebSite Product BreadcrumbList","28","si","si"
"/tienda/espejo-beauty-eco/","producto","71505","Espejo Beauty Eco con logo personalizado | Promocionales J&J","Espejo Beauty Eco","https://www.promocionalesjj.co/tienda/espejo-beauty-eco/","","Espejo Beauty Eco para personalizar con el logo de tu empresa. Espejo plástico en ABS reciclable. Cotiza por WhatsApp.","https://www.promocionalesjj.co/img/productos/espejo-beauty-eco.jpg","Organization WebSite Product BreadcrumbList","28","si","si"
"/tienda/espejo-cork-ii/","producto","71378","Espejo Cork II con logo personalizado | Promocionales J&J","Espejo Cork II","https://www.promocionalesjj.co/tienda/espejo-cork-ii/","","Espejo Cork II para personalizar con el logo de tu empresa. Espejo doble en corcho con uno de aumento. Cotiza por WhatsApp.","https://www.promocionalesjj.co/img/productos/espejo-cork-ii.jpg","Organization WebSite Product BreadcrumbList","28","si","si"
"/tienda/espejo-doble-steffi/","producto","71364","Espejo Doble Steffi con logo personalizado | Promocionales J&J","Espejo Doble Steffi","https://www.promocionalesjj.co/tienda/espejo-doble-steffi/","","Espejo Doble Steffi para personalizar con el logo de tu empresa. Mini espejo doble rectangular. Cotiza por WhatsApp.","https://www.promocionalesjj.co/img/productos/espejo-doble-steffi.jpg","Organization WebSite Product BreadcrumbList","28","si","si"
"/tienda/espejo-doble-tod/","producto","71165","Espejo Doble Tod con logo personalizado | Promocionales J&J","Espejo Doble Tod","https://www.promocionalesjj.co/tienda/espejo-doble-tod/","","Espejo Doble Tod para personalizar con el logo de tu empresa. Espejo plástico doble. Cotiza por WhatsApp.","https://www.promocionalesjj.co/img/productos/espejo-doble-tod.jpg","Organization WebSite Product BreadcrumbList","28","si","si"
"/tienda/espejo-doble-zonder/","producto","71294","Espejo Doble Zonder con logo personalizado | Promocionales J&J","Espejo Doble Zonder","https://www.promocionalesjj.co/tienda/espejo-doble-zonder/","","Espejo Doble Zonder para personalizar con el logo de tu empresa. Espejo plástico doble. Cotiza por WhatsApp.","https://www.promocionalesjj.co/img/productos/espejo-doble-zonder.jpg","Organization WebSite Product BreadcrumbList","28","si","si"
"/tienda/espejo-jordi-cork/","producto","71283","Espejo Jordi Cork con logo personalizado | Promocionales J&J","Espejo Jordi Cork","https://www.promocionalesjj.co/tienda/espejo-jordi-cork/","","Espejo Jordi Cork para personalizar con el logo de tu empresa. Espejo en corcho. Cotiza por WhatsApp.","https://www.promocionalesjj.co/img/productos/espejo-jordi-cork.jpg","Organization WebSite Product BreadcrumbList","28","si","si"
"/tienda/espejo-joyero-bamboo/","producto","72149","Espejo Joyero Bamboo con logo personalizado | Promocionales J&J","Espejo Joyero Bamboo","https://www.promocionalesjj.co/tienda/espejo-joyero-bamboo/","","Espejo Joyero Bamboo para personalizar con el logo de tu empresa. Espejo con joyero en bambú. Marcación en láser. Cotiza por WhatsApp.","https://www.promocionalesjj.co/img/productos/espejo-joyero-bamboo.jpg","Organization WebSite Product BreadcrumbList","28","si","si"
"/tienda/espejo-randy-eco/","producto","71326","Espejo Randy Eco con logo personalizado | Promocionales J&J","Espejo Randy Eco","https://www.promocionalesjj.co/tienda/espejo-randy-eco/","","Espejo Randy Eco para personalizar con el logo de tu empresa. Espejo en bambú natural. Cotiza por WhatsApp.","https://www.promocionalesjj.co/img/productos/espejo-randy-eco.jpg","Organization WebSite Product BreadcrumbList","28","si","si"
"/tienda/esterilizador-con-luz-uv-led-klean-bamboo/","producto","75032","Esterilizador con Luz Uv LED Klean Bamboo con logo personalizado | Promocionales J&J","Esterilizador con Luz Uv LED Klean Bamboo","https://www.promocionalesjj.co/tienda/esterilizador-con-luz-uv-led-klean-bamboo/","","Esterilizador con Luz Uv LED Klean Bamboo para personalizar con el logo de tu empresa. Cotiza por WhatsApp.","https://www.promocionalesjj.co/img/productos/esterilizador-con-luz-uv-led-klean-bamboo.jpg","Organization WebSite Product BreadcrumbList","28","si","si"
"/tienda/esterilizador-con-luz-uv-smart/","producto","75176","Esterilizador con Luz Uv Smart con logo personalizado | Promocionales J&J","Esterilizador con Luz Uv Smart","https://www.promocionalesjj.co/tienda/esterilizador-con-luz-uv-smart/","","Esterilizador con Luz Uv Smart para personalizar con el logo de tu empresa. Esterilizador para móviles multifuncional. Cotiza por WhatsApp.","https://www.promocionalesjj.co/img/productos/esterilizador-con-luz-uv-smart.jpg","Organization WebSite Product BreadcrumbList","28","si","si"
"/tienda/esterilizador-inalambrico-con-luz-uv-led-klean/","producto","76343","Esterilizador Inalámbrico con Luz Uv LED Klean con logo personalizado | Promocionales J&J","Esterilizador Inalámbrico con Luz Uv LED Klean","https://www.promocionalesjj.co/tienda/esterilizador-inalambrico-con-luz-uv-led-klean/","","Esterilizador Inalámbrico con Luz Uv LED Klean para personalizar con el logo de tu empresa. Cotiza por WhatsApp.","https://www.promocionalesjj.co/img/productos/esterilizador-inalambrico-con-luz-uv-led-klean.jpg","Organization WebSite Product BreadcrumbList","28","si","si"
"/tienda/estuche-aluminio/","producto","73913","Estuche Aluminio con logo personalizado | Promocionales J&J","Estuche Aluminio","https://www.promocionalesjj.co/tienda/estuche-aluminio/","","Estuche Aluminio para personalizar con el logo de tu empresa. Sencillo o doble. Cotiza por WhatsApp.","https://www.promocionalesjj.co/img/productos/estuche-aluminio.jpg","Organization WebSite Product BreadcrumbList","27","si","si"
"/tienda/estuche-ariston/","producto","71539","Estuche Ariston con logo personalizado | Promocionales J&J","Estuche Ariston","https://www.promocionalesjj.co/tienda/estuche-ariston/","","Estuche Ariston para personalizar con el logo de tu empresa. Estuche plástico acabado frost. Cotiza por WhatsApp.","https://www.promocionalesjj.co/img/productos/estuche-ariston.jpg","Organization WebSite Product BreadcrumbList","27","si","si"
"/tienda/estuche-black-carton/","producto","74109","Estuche Black Cartón con logo personalizado | Promocionales J&J","Estuche Black Cartón","https://www.promocionalesjj.co/tienda/estuche-black-carton/","","Estuche Black Cartón para personalizar con el logo de tu empresa. Estuche en cartón. Cotiza por WhatsApp.","https://www.promocionalesjj.co/img/productos/estuche-black-carton.jpg","Organization WebSite Product BreadcrumbList","27","si","si"
"/tienda/estuche-carton-box/","producto","74366","Estuche Cartón Box con logo personalizado | Promocionales J&J","Estuche Cartón Box","https://www.promocionalesjj.co/tienda/estuche-carton-box/","","Estuche Cartón Box para personalizar con el logo de tu empresa. Estuche sencillo en cartón. Cotiza por WhatsApp.","https://www.promocionalesjj.co/img/productos/estuche-carton-box.jpg","Organization WebSite Product BreadcrumbList","27","si","si"
"/tienda/estuche-carton-produccion-nacional/","producto","75446","Estuche Cartón (producción nacional) con logo personalizado | Promocionales J&J","Estuche Cartón (producción nacional)","https://www.promocionalesjj.co/tienda/estuche-carton-produccion-nacional/","","Estuche Cartón (producción nacional) para personalizar con el logo de tu empresa. Estuche doble o sencillo en cartón. Cotiza por WhatsApp.","https://www.promocionalesjj.co/img/productos/estuche-carton-produccion-nacional.jpg","Organization WebSite Product BreadcrumbList","27","si","si"
"/tienda/estuche-clear-produccion-nacional/","producto","74933","Estuche Clear (producción nacional) con logo personalizado | Promocionales J&J","Estuche Clear (producción nacional)","https://www.promocionalesjj.co/tienda/estuche-clear-produccion-nacional/","","Estuche Clear (producción nacional) para personalizar con el logo de tu empresa. Estuche Transparente. Cotiza por WhatsApp.","https://www.promocionalesjj.co/img/productos/estuche-clear-produccion-nacional.jpg","Organization WebSite Product BreadcrumbList","27","si","si"
"/tienda/estuche-con-portacelular-rpet/","producto","71092","Estuche con Portacelular RPET con logo personalizado | Promocionales J&J","Estuche con Portacelular RPET","https://www.promocionalesjj.co/tienda/estuche-con-portacelular-rpet/","","Estuche con Portacelular RPET para personalizar con el logo de tu empresa. Cotiza por WhatsApp.","https://www.promocionalesjj.co/img/productos/estuche-con-portacelular-rpet.jpg","Organization WebSite Product BreadcrumbList","28","si","si"
"/tienda/estuche-doble-magnetic/","producto","74952","Estuche Doble Magnetic con logo personalizado | Promocionales J&J","Estuche Doble Magnetic","https://www.promocionalesjj.co/tienda/estuche-doble-magnetic/","","Estuche Doble Magnetic para personalizar con el logo de tu empresa. Estuche en cartón con cierre magnético para 2 bolígrafos. Cotiza por WhatsApp.","https://www.promocionalesjj.co/img/productos/estuche-doble-magnetic.jpg","Organization WebSite Product BreadcrumbList","27","si","si"
"/tienda/estuche-jar-para-of-376-y-of-19/","producto","72959","Estuche Jar para Of-376 y Of-19 con logo personalizado | Promocionales J&J","Estuche Jar para Of-376 y Of-19","https://www.promocionalesjj.co/tienda/estuche-jar-para-of-376-y-of-19/","","Estuche Jar para Of-376 y Of-19 para personalizar con el logo de tu empresa. Estuche transparente plástico circular en forma de frasco con tapa rosca.","https://www.promocionalesjj.co/og-default.jpg","Organization WebSite Product BreadcrumbList","27","si","si"
"/tienda/estuche-metalico-avalon/","producto","74703","Estuche Metálico Avalon con logo personalizado | Promocionales J&J","Estuche Metálico Avalon","https://www.promocionalesjj.co/tienda/estuche-metalico-avalon/","","Estuche Metálico Avalon para personalizar con el logo de tu empresa. Opción de espuma EVA con compartimiento para 1 o 2 bolígrafos. Cotiza por WhatsApp.","https://www.promocionalesjj.co/img/productos/estuche-metalico-avalon.jpg","Organization WebSite Product BreadcrumbList","27","si","si"
"/tienda/estuche-para-2-resaltadores-en-cera-adam/","producto","72124","Estuche para 2 Resaltadores en Cera Adam con logo personalizado | Promocionales J&J","Estuche para 2 Resaltadores en Cera Adam","https://www.promocionalesjj.co/tienda/estuche-para-2-resaltadores-en-cera-adam/","","Estuche para 2 Resaltadores en Cera Adam para personalizar con el logo de tu empresa. Cotiza por WhatsApp.","https://www.promocionalesjj.co/img/productos/estuche-para-2-resaltadores-en-cera-adam.jpg","Organization WebSite Product BreadcrumbList","27","si","si"
"/tienda/estuche-para-4-resaltadores-en-cera-adam/","producto","72124","Estuche para 4 Resaltadores en Cera Adam con logo personalizado | Promocionales J&J","Estuche para 4 Resaltadores en Cera Adam","https://www.promocionalesjj.co/tienda/estuche-para-4-resaltadores-en-cera-adam/","","Estuche para 4 Resaltadores en Cera Adam para personalizar con el logo de tu empresa. Cotiza por WhatsApp.","https://www.promocionalesjj.co/img/productos/estuche-para-4-resaltadores-en-cera-adam.jpg","Organization WebSite Product BreadcrumbList","27","si","si"
"/tienda/estuche-para-resaltador-de-cera-fiona/","producto","72165","Estuche para Resaltador de Cera Fiona con logo personalizado | Promocionales J&J","Estuche para Resaltador de Cera Fiona","https://www.promocionalesjj.co/tienda/estuche-para-resaltador-de-cera-fiona/","","Estuche para Resaltador de Cera Fiona para personalizar con el logo de tu empresa. Estuche para 3 resaltadores. Cotiza por WhatsApp.","https://www.promocionalesjj.co/img/productos/estuche-para-resaltador-de-cera-fiona.jpg","Organization WebSite Product BreadcrumbList","27","si","si"
"/tienda/estuche-para-resaltador-magico-mega/","producto","73351","Estuche para Resaltador Magico Mega con logo personalizado | Promocionales J&J","Estuche para Resaltador Magico Mega","https://www.promocionalesjj.co/tienda/estuche-para-resaltador-magico-mega/","","Estuche para Resaltador Magico Mega para personalizar con el logo de tu empresa. Estuche plástico. Marcación en tampografía. Cotiza por WhatsApp.","https://www.promocionalesjj.co/img/productos/estuche-para-resaltador-magico-mega.jpg","Organization WebSite Product BreadcrumbList","27","si","si"
"/tienda/estuche-para-resaltador-magico-produccion-nacional/","producto","72844","Estuche para Resaltador Magico (producción nacional) con logo personalizado | Promocionales J&J","Estuche para Resaltador Magico (producción nacional)","https://www.promocionalesjj.co/tienda/estuche-para-resaltador-magico-produccion-nacional/","","Estuche para Resaltador Magico (producción nacional) para personalizar con el logo de tu empresa. Estuche para 3 resaltadores. Cotiza por WhatsApp.","https://www.promocionalesjj.co/img/productos/estuche-para-resaltador-magico-produccion-nacional.jpg","Organization WebSite Product BreadcrumbList","27","si","si"
"/tienda/estuche-rectangular-para-of-376/","producto","72883","Estuche Rectangular para Of-376 con logo personalizado | Promocionales J&J","Estuche Rectangular para Of-376","https://www.promocionalesjj.co/tienda/estuche-rectangular-para-of-376/","","Estuche Rectangular para Of-376 para personalizar con el logo de tu empresa. Estuche transparente plástico rectangular para 5 resaltadores.","https://www.promocionalesjj.co/og-default.jpg","Organization WebSite Product BreadcrumbList","27","si","si"
"/tienda/estuche-sencillo-magnetic/","producto","75071","Estuche Sencillo Magnetic con logo personalizado | Promocionales J&J","Estuche Sencillo Magnetic","https://www.promocionalesjj.co/tienda/estuche-sencillo-magnetic/","","Estuche Sencillo Magnetic para personalizar con el logo de tu empresa. Estuche de cartón con cierre magnético para 1 bolígrafo. Cotiza por WhatsApp.","https://www.promocionalesjj.co/img/productos/estuche-sencillo-magnetic.jpg","Organization WebSite Product BreadcrumbList","27","si","si"
"/tienda/florero-inox-produccion-nacional/","producto","74831","Florero Inox - Producción Nacional con logo personalizado | Promocionales J&J","Florero Inox - Producción Nacional","https://www.promocionalesjj.co/tienda/florero-inox-produccion-nacional/","","Florero Inox - Producción Nacional para personalizar con el logo de tu empresa. Cotiza por WhatsApp.","https://www.promocionalesjj.co/img/productos/florero-inox-produccion-nacional.jpg","Organization WebSite Product BreadcrumbList","28","si","si"
"/tienda/floyd-stylus/","producto","71635","Bolígrafo metálico Floyd Stylus con logo personalizado | Promocionales J&J","Bolígrafo metálico Floyd Stylus","https://www.promocionalesjj.co/tienda/floyd-stylus/","","Bolígrafo metálico Floyd Stylus para personalizar con el logo de tu empresa. Bolígrafo metálico con stylus. Cotiza por WhatsApp.","https://www.promocionalesjj.co/img/productos/floyd-stylus.jpg","Organization WebSite Product BreadcrumbList","27","si","si"
"/tienda/focus-ii-resaltador-de-cera/","producto","71143","Bolígrafo Focus II Resaltador de Cera con logo personalizado | Promocionales J&J","Bolígrafo Focus II Resaltador de Cera","https://www.promocionalesjj.co/tienda/focus-ii-resaltador-de-cera/","","Bolígrafo Focus II Resaltador de Cera para personalizar con el logo de tu empresa. Bolígrafo de plástico con resaltador de cera. Cotiza por WhatsApp.","https://www.promocionalesjj.co/og-default.jpg","Organization WebSite Product BreadcrumbList","27","si","si"
"/tienda/frisbee-pop/","producto","69409","Frisbee Pop con logo personalizado | Promocionales J&J","Frisbee Pop","https://www.promocionalesjj.co/tienda/frisbee-pop/","","Frisbee Pop para personalizar con el logo de tu empresa. Frisbee en silicona. Cotiza por WhatsApp.","https://www.promocionalesjj.co/img/productos/frisbee-pop.jpg","Organization WebSite Product BreadcrumbList","28","si","si"
"/tienda/funda-para-boligrafos-rpet/","producto","73016","Funda para Bolígrafos RPET con logo personalizado | Promocionales J&J","Funda para Bolígrafos RPET","https://www.promocionalesjj.co/tienda/funda-para-boligrafos-rpet/","","Funda para Bolígrafos RPET para personalizar con el logo de tu empresa. Estuche para bolígrafo de poliéster RPET. Marcación en serigrafía, screen.","https://www.promocionalesjj.co/img/productos/funda-para-boligrafos-rpet.jpg","Organization WebSite Product BreadcrumbList","27","si","si"
"/tienda/funda-portabotella-con-destapador/","producto","71427","Funda Portabotella con Destapador con logo personalizado | Promocionales J&J","Funda Portabotella con Destapador","https://www.promocionalesjj.co/tienda/funda-portabotella-con-destapador/","","Funda Portabotella con Destapador para personalizar con el logo de tu empresa. Funda portabotella en neopreno con destapador. Marcación en screen.","https://www.promocionalesjj.co/img/productos/funda-portabotella-con-destapador.jpg","Organization WebSite Product BreadcrumbList","27","si","si"
"/tienda/funda-portacelular-reflect-sport-rpet/","producto","74730","Funda Portacelular Reflect Sport RPET con logo personalizado | Promocionales J&J","Funda Portacelular Reflect Sport RPET","https://www.promocionalesjj.co/tienda/funda-portacelular-reflect-sport-rpet/","","Funda Portacelular Reflect Sport RPET para personalizar con el logo de tu empresa. Cotiza por WhatsApp.","https://www.promocionalesjj.co/img/productos/funda-portacelular-reflect-sport-rpet.jpg","Organization WebSite Product BreadcrumbList","28","si","si"
"/tienda/gafas-bamboo-eco/","producto","71288","Gafas Bamboo Eco con logo personalizado | Promocionales J&J","Gafas Bamboo Eco","https://www.promocionalesjj.co/tienda/gafas-bamboo-eco/","","Gafas Bamboo Eco para personalizar con el logo de tu empresa. Gafas con marco en fibra de trigo y bambú. Cotiza por WhatsApp.","https://www.promocionalesjj.co/img/productos/gafas-bamboo-eco.jpg","Organization WebSite Product BreadcrumbList","28","si","si"
"/tienda/gemini-roller/","producto","72018","Bolígrafo Gemini Roller con logo personalizado | Promocionales J&J","Bolígrafo Gemini Roller","https://www.promocionalesjj.co/tienda/gemini-roller/","","Bolígrafo Gemini Roller para personalizar con el logo de tu empresa. Bolígrafo roller de plástico con tapa. Cotiza por WhatsApp.","https://www.promocionalesjj.co/img/productos/gemini-roller.jpg","Organization WebSite Product BreadcrumbList","27","si","si"
"/tienda/globo-terraqueo-antique/","producto","74417","Globo Terraqueo Antique con logo personalizado | Promocionales J&J","Globo Terraqueo Antique","https://www.promocionalesjj.co/tienda/globo-terraqueo-antique/","","Globo Terraqueo Antique para personalizar con el logo de tu empresa. Globo decorativo plástico con base en madera. Marcación en láser. Cotiza por WhatsApp.","https://www.promocionalesjj.co/img/productos/globo-terraqueo-antique.jpg","Organization WebSite Product BreadcrumbList","28","si","si"
"/tienda/gorra-emergency/","producto","73656","Gorra Emergency con logo personalizado | Promocionales J&J","Gorra Emergency","https://www.promocionalesjj.co/tienda/gorra-emergency/","","Gorra Emergency para personalizar con el logo de tu empresa. Gorra de seguridad en microfibra, con cinta reflectiva y 5 o 6 paneles, cierre en velcro.","https://www.promocionalesjj.co/img/productos/gorra-emergency.jpg","Organization WebSite Product BreadcrumbList","28","si","si"
"/tienda/gorra-sport-en-microfibra-urban-travel/","producto","74447","Gorra Sport en Microfibra Urban Travel con logo personalizado | Promocionales J&J","Gorra Sport en Microfibra Urban Travel","https://www.promocionalesjj.co/tienda/gorra-sport-en-microfibra-urban-travel/","","Gorra Sport en Microfibra Urban Travel para personalizar con el logo de tu empresa. Marcación en screen. Cotiza por WhatsApp.","https://www.promocionalesjj.co/img/productos/gorra-sport-en-microfibra-urban-travel.jpg","Organization WebSite Product BreadcrumbList","28","si","si"
"/tienda/gota-antiestres/","producto","71431","Gota Antiestrés con logo personalizado | Promocionales J&J","Gota Antiestrés","https://www.promocionalesjj.co/tienda/gota-antiestres/","","Gota Antiestrés para personalizar con el logo de tu empresa. Sin bolsa individual. Cotiza por WhatsApp.","https://www.promocionalesjj.co/img/productos/gota-antiestres.jpg","Organization WebSite Product BreadcrumbList","28","si","si"
"/tienda/grayson-stylus/","producto","74204","Bolígrafo plástico Grayson Stylus con logo personalizado | Promocionales J&J","Bolígrafo plástico Grayson Stylus","https://www.promocionalesjj.co/tienda/grayson-stylus/","","Bolígrafo plástico Grayson Stylus para personalizar con el logo de tu empresa. Bolígrafo plástico con mecanismo twist, stylus y clip metálico.","https://www.promocionalesjj.co/img/productos/grayson-stylus.jpg","Organization WebSite Product BreadcrumbList","27","si","si"
"/tienda/grip-gyro/","producto","70173","Grip Gyro con logo personalizado | Promocionales J&J","Grip Gyro","https://www.promocionalesjj.co/tienda/grip-gyro/","","Grip Gyro para personalizar con el logo de tu empresa. Grip giratorio antiestrés en caucho y base plástica. Cotiza por WhatsApp.","https://www.promocionalesjj.co/img/productos/grip-gyro.jpg","Organization WebSite Product BreadcrumbList","28","si","si"
"/tienda/hamond-stylus/","producto","70229","Bolígrafo metálico Hamond Stylus con logo personalizado | Promocionales J&J","Bolígrafo metálico Hamond Stylus","https://www.promocionalesjj.co/tienda/hamond-stylus/","","Bolígrafo metálico Hamond Stylus para personalizar con el logo de tu empresa. Bolígrafo metálico con stylus. Cotiza por WhatsApp.","https://www.promocionalesjj.co/og-default.jpg","Organization WebSite Product BreadcrumbList","27","si","si"
"/tienda/herramientero-bamboo-box/","producto","73667","Herramientero Bamboo Box con logo personalizado | Promocionales J&J","Herramientero Bamboo Box","https://www.promocionalesjj.co/tienda/herramientero-bamboo-box/","","Herramientero Bamboo Box para personalizar con el logo de tu empresa. Set de herramientas de 20 piezas en estuche de bambú. Cotiza por WhatsApp.","https://www.promocionalesjj.co/img/productos/herramientero-bamboo-box.jpg","Organization WebSite Product BreadcrumbList","28","si","si"
"/tienda/herramientero-denby/","producto","73303","Herramientero Denby con logo personalizado | Promocionales J&J","Herramientero Denby","https://www.promocionalesjj.co/tienda/herramientero-denby/","","Herramientero Denby para personalizar con el logo de tu empresa. Set de herramientas de 21 piezas en estuche de plástico con tres modos diferentes de luz.","https://www.promocionalesjj.co/img/productos/herramientero-denby.jpg","Organization WebSite Product BreadcrumbList","28","si","si"
"/tienda/herramientero-orca/","producto","73156","Herramientero Orca con logo personalizado | Promocionales J&J","Herramientero Orca","https://www.promocionalesjj.co/tienda/herramientero-orca/","","Herramientero Orca para personalizar con el logo de tu empresa. Set de herramientas de plástico de 24 piezas con linterna. Cotiza por WhatsApp.","https://www.promocionalesjj.co/img/productos/herramientero-orca.jpg","Organization WebSite Product BreadcrumbList","28","si","si"
"/tienda/hielera-plastica-produccion-nacional/","producto","75727","Hielera Plástica (producción nacional) con logo personalizado | Promocionales J&J","Hielera Plástica (producción nacional)","https://www.promocionalesjj.co/tienda/hielera-plastica-produccion-nacional/","","Hielera Plástica (producción nacional) para personalizar con el logo de tu empresa. Hielera plástica en SAN. Marcación en screen. Cotiza por WhatsApp.","https://www.promocionalesjj.co/img/productos/hielera-plastica-produccion-nacional.jpg","Organization WebSite Product BreadcrumbList","28","si","si"
"/tienda/identificador-de-maletas-cork/","producto","74270","Identificador de Maletas Cork con logo personalizado | Promocionales J&J","Identificador de Maletas Cork","https://www.promocionalesjj.co/tienda/identificador-de-maletas-cork/","","Identificador de Maletas Cork para personalizar con el logo de tu empresa. Timbre para bicicleta en plástico y metal. Cotiza por WhatsApp.","https://www.promocionalesjj.co/img/productos/identificador-de-maletas-cork.jpg","Organization WebSite Product BreadcrumbList","28","si","si"
"/tienda/identificador-de-maletas-murdock/","producto","73402","Identificador de Maletas Murdock con logo personalizado | Promocionales J&J","Identificador de Maletas Murdock","https://www.promocionalesjj.co/tienda/identificador-de-maletas-murdock/","","Identificador de Maletas Murdock para personalizar con el logo de tu empresa. Identificador de maletas en bambú con forro en silicona. Cotiza por WhatsApp.","https://www.promocionalesjj.co/img/productos/identificador-de-maletas-murdock.jpg","Organization WebSite Product BreadcrumbList","28","si","si"
"/tienda/identificador-de-maletas-pop/","producto","72923","Identificador de Maletas Pop con logo personalizado | Promocionales J&J","Identificador de Maletas Pop","https://www.promocionalesjj.co/tienda/identificador-de-maletas-pop/","","Identificador de Maletas Pop para personalizar con el logo de tu empresa. Identificador de maletas antiestrés en silicona. Marcación en tampografía.","https://www.promocionalesjj.co/img/productos/identificador-de-maletas-pop.jpg","Organization WebSite Product BreadcrumbList","28","si","si"
"/tienda/","tienda","144044","Catálogo de productos promocionales en Colombia | Promocionales J&J","Catálogo de productos promocionales","https://www.promocionalesjj.co/tienda/","","Catálogo de 840 productos promocionales personalizables con tu logo, en 34 categorías. Cotiza por WhatsApp para tu empresa.","https://www.promocionalesjj.co/og-default.jpg","Organization WebSite BreadcrumbList","72","si","si"
"/tienda/joyero-eco-bamboo/","producto","72496","Joyero Eco Bamboo con logo personalizado | Promocionales J&J","Joyero Eco Bamboo","https://www.promocionalesjj.co/tienda/joyero-eco-bamboo/","","Joyero Eco Bamboo para personalizar con el logo de tu empresa. Joyero en bambú con espejo y 4 compartimentos. Marcación en láser. Cotiza por WhatsApp.","https://www.promocionalesjj.co/img/productos/joyero-eco-bamboo.jpg","Organization WebSite Product BreadcrumbList","28","si","si"
"/tienda/joyero-en-algodon-200-gr/","producto","69453","Joyero en Algodón (200 gr) con logo personalizado | Promocionales J&J","Joyero en Algodón (200 gr)","https://www.promocionalesjj.co/tienda/joyero-en-algodon-200-gr/","","Joyero en Algodón (200 gr) para personalizar con el logo de tu empresa. Joyero plegable en algodón. Cotiza por WhatsApp.","https://www.promocionalesjj.co/og-default.jpg","Organization WebSite Product BreadcrumbList","28","si","si"
"/tienda/juego-brain/","producto","70347","Juego Brain con logo personalizado | Promocionales J&J","Juego Brain","https://www.promocionalesjj.co/tienda/juego-brain/","","Juego Brain para personalizar con el logo de tu empresa. Juego de 4 piezas en madera natural, diseñado para desarrollar habilidades. Cotiza por WhatsApp.","https://www.promocionalesjj.co/og-default.jpg","Organization WebSite Product BreadcrumbList","28","si","si"
"/tienda/juego-cartas-y-domino-eco/","producto","69516","Juego Cartas y Dominó Eco con logo personalizado | Promocionales J&J","Juego Cartas y Dominó Eco","https://www.promocionalesjj.co/tienda/juego-cartas-y-domino-eco/","","Juego Cartas y Dominó Eco para personalizar con el logo de tu empresa. Set de juegos de madera. Cotiza por WhatsApp.","https://www.promocionalesjj.co/img/productos/juego-cartas-y-domino-eco.jpg","Organization WebSite Product BreadcrumbList","28","si","si"
"/tienda/juego-de-dados/","producto","69763","Juego de Dados con logo personalizado | Promocionales J&J","Juego de Dados","https://www.promocionalesjj.co/tienda/juego-de-dados/","","Juego de Dados para personalizar con el logo de tu empresa. Juego de 5 dados en caja elaborados en madera natural. Cotiza por WhatsApp.","https://www.promocionalesjj.co/og-default.jpg","Organization WebSite Product BreadcrumbList","28","si","si"
"/tienda/juego-de-letras/","producto","69206","Juego de Letras con logo personalizado | Promocionales J&J","Juego de Letras","https://www.promocionalesjj.co/tienda/juego-de-letras/","","Juego de Letras para personalizar con el logo de tu empresa. Juego de letras en madera que funciona para hacer palabras. Cotiza por WhatsApp.","https://www.promocionalesjj.co/og-default.jpg","Organization WebSite Product BreadcrumbList","28","si","si"
"/tienda/juego-de-madera-win/","producto","69189","Juego de Madera Win con logo personalizado | Promocionales J&J","Juego de Madera Win","https://www.promocionalesjj.co/tienda/juego-de-madera-win/","","Juego de Madera Win para personalizar con el logo de tu empresa. Juego de madera de eyección. Cotiza por WhatsApp.","https://www.promocionalesjj.co/img/productos/juego-de-madera-win.jpg","Organization WebSite Product BreadcrumbList","28","si","si"
"/tienda/juego-de-raquetas-board-game/","producto","69960","Juego de Raquetas Board Game con logo personalizado | Promocionales J&J","Juego de Raquetas Board Game","https://www.promocionalesjj.co/tienda/juego-de-raquetas-board-game/","","Juego de Raquetas Board Game para personalizar con el logo de tu empresa. Raquetas de madera para la playa con una pelota de color negro. Cotiza por WhatsApp.","https://www.promocionalesjj.co/img/productos/juego-de-raquetas-board-game.jpg","Organization WebSite Product BreadcrumbList","28","si","si"
"/tienda/juego-de-raquetas-wood-beach/","producto","69828","Juego de Raquetas Wood Beach con logo personalizado | Promocionales J&J","Juego de Raquetas Wood Beach","https://www.promocionalesjj.co/tienda/juego-de-raquetas-wood-beach/","","Juego de Raquetas Wood Beach para personalizar con el logo de tu empresa. Raquetas de madera para la playa con pelota de color negro. Cotiza por WhatsApp.","https://www.promocionalesjj.co/img/productos/juego-de-raquetas-wood-beach.jpg","Organization WebSite Product BreadcrumbList","28","si","si"
"/tienda/juego-desestresante-con-clips/","producto","73408","Juego Desestresante con Clips con logo personalizado | Promocionales J&J","Juego Desestresante con Clips","https://www.promocionalesjj.co/tienda/juego-desestresante-con-clips/","","Juego Desestresante con Clips para personalizar con el logo de tu empresa. Juego de 8 clips metálicos en forma de humano, base plástica ovalada magnética.","https://www.promocionalesjj.co/img/productos/juego-desestresante-con-clips.jpg","Organization WebSite Product BreadcrumbList","28","si","si"
"/tienda/juego-imantado-desestresante/","producto","72772","Juego Imantado Desestresante con logo personalizado | Promocionales J&J","Juego Imantado Desestresante","https://www.promocionalesjj.co/tienda/juego-imantado-desestresante/","","Juego Imantado Desestresante para personalizar con el logo de tu empresa. Juego de esferas metálicas, base plástica ovalada magnética. Cotiza por WhatsApp.","https://www.promocionalesjj.co/img/productos/juego-imantado-desestresante.jpg","Organization WebSite Product BreadcrumbList","28","si","si"
"/tienda/juego-parchis-nuevo/","producto","71483","Juego Parchis Nuevo con logo personalizado | Promocionales J&J","Juego Parchis Nuevo","https://www.promocionalesjj.co/tienda/juego-parchis-nuevo/","","Juego Parchis Nuevo para personalizar con el logo de tu empresa. Parques en madera con bolsa en algodón. Marcación en screen. Cotiza por WhatsApp.","https://www.promocionalesjj.co/img/productos/juego-parchis-nuevo.jpg","Organization WebSite Product BreadcrumbList","28","si","si"
"/tienda/juego-triqui/","producto","70688","Juego Triqui con logo personalizado | Promocionales J&J","Juego Triqui","https://www.promocionalesjj.co/tienda/juego-triqui/","","Juego Triqui para personalizar con el logo de tu empresa. Juego triqui fabricado en corcho natural con 5 fichas circulares y 5 fichas en cruz.","https://www.promocionalesjj.co/img/productos/juego-triqui.jpg","Organization WebSite Product BreadcrumbList","28","si","si"
"/tienda/juego-triqui-box-eco/","producto","69491","Juego Triqui Box Eco con logo personalizado | Promocionales J&J","Juego Triqui Box Eco","https://www.promocionalesjj.co/tienda/juego-triqui-box-eco/","","Juego Triqui Box Eco para personalizar con el logo de tu empresa. Juego de triqui en madera. Cotiza por WhatsApp.","https://www.promocionalesjj.co/img/productos/juego-triqui-box-eco.jpg","Organization WebSite Product BreadcrumbList","28","si","si"
"/tienda/juego-triqui-eco/","producto","69042","Juego Triqui Eco con logo personalizado | Promocionales J&J","Juego Triqui Eco","https://www.promocionalesjj.co/tienda/juego-triqui-eco/","","Juego Triqui Eco para personalizar con el logo de tu empresa. Juego de triqui en madera. Cotiza por WhatsApp.","https://www.promocionalesjj.co/img/productos/juego-triqui-eco.jpg","Organization WebSite Product BreadcrumbList","28","si","si"
"/tienda/kaiser-stylus/","producto","73752","Bolígrafo plástico Kaiser Stylus con logo personalizado | Promocionales J&J","Bolígrafo plástico Kaiser Stylus","https://www.promocionalesjj.co/tienda/kaiser-stylus/","","Bolígrafo plástico Kaiser Stylus para personalizar con el logo de tu empresa. Bolígrafo plástico con stylus y tres minas: azul, rojo, negro.","https://www.promocionalesjj.co/img/productos/kaiser-stylus.jpg","Organization WebSite Product BreadcrumbList","27","si","si"
"/tienda/kaiser-stylus-bamboo/","producto","73467","Bolígrafo plástico Kaiser Stylus Bamboo con logo personalizado | Promocionales J&J","Bolígrafo plástico Kaiser Stylus Bamboo","https://www.promocionalesjj.co/tienda/kaiser-stylus-bamboo/","","Bolígrafo plástico Kaiser Stylus Bamboo para personalizar con el logo de tu empresa. Bolígrafo plástico con stylus y bambú. Cotiza por WhatsApp.","https://www.promocionalesjj.co/img/productos/kaiser-stylus-bamboo.jpg","Organization WebSite Product BreadcrumbList","27","si","si"
"/tienda/kirk-eco/","producto","71740","Bolígrafo plástico Kirk Eco con logo personalizado | Promocionales J&J","Bolígrafo plástico Kirk Eco","https://www.promocionalesjj.co/tienda/kirk-eco/","","Bolígrafo plástico Kirk Eco para personalizar con el logo de tu empresa. Mecanismo push. Cotiza por WhatsApp.","https://www.promocionalesjj.co/img/productos/kirk-eco.jpg","Organization WebSite Product BreadcrumbList","27","si","si"
"/tienda/klean-antibacteriano/","producto","73234","Bolígrafo plástico Klean Antibacteriano con logo personalizado | Promocionales J&J","Bolígrafo plástico Klean Antibacteriano","https://www.promocionalesjj.co/tienda/klean-antibacteriano/","","Bolígrafo plástico Klean Antibacteriano para personalizar con el logo de tu empresa. Cotiza por WhatsApp.","https://www.promocionalesjj.co/img/productos/klean-antibacteriano.jpg","Organization WebSite Product BreadcrumbList","27","si","si"
"/tienda/korn-roller/","producto","71628","Roller plástico Korn Roller con logo personalizado | Promocionales J&J","Roller plástico Korn Roller","https://www.promocionalesjj.co/tienda/korn-roller/","","Roller plástico Korn Roller para personalizar con el logo de tu empresa. Roller plástico con tapa. Marcación en tampografía. Cotiza por WhatsApp.","https://www.promocionalesjj.co/img/productos/korn-roller.jpg","Organization WebSite Product BreadcrumbList","27","si","si"
"/tienda/lamont/","producto","72222","Bolígrafo plástico Lamont con logo personalizado | Promocionales J&J","Bolígrafo plástico Lamont","https://www.promocionalesjj.co/tienda/lamont/","","Bolígrafo plástico Lamont para personalizar con el logo de tu empresa. Bolígrafo plástico con mecanismo twist. Cotiza por WhatsApp.","https://www.promocionalesjj.co/img/productos/lamont.jpg","Organization WebSite Product BreadcrumbList","27","si","si"
"/tienda/lapiz-eco/","producto","70720","Lápiz Eco con logo personalizado | Promocionales J&J","Lápiz Eco","https://www.promocionalesjj.co/tienda/lapiz-eco/","","Lápiz Eco para personalizar con el logo de tu empresa. Lápiz de madera con grip de EVA, mina tipo HB. Marcación en tampografía. Cotiza por WhatsApp.","https://www.promocionalesjj.co/og-default.jpg","Organization WebSite Product BreadcrumbList","27","si","si"
"/tienda/lapiz-eco-natural/","producto","70006","Lápiz Eco Natural con logo personalizado | Promocionales J&J","Lápiz Eco Natural","https://www.promocionalesjj.co/tienda/lapiz-eco-natural/","","Lápiz Eco Natural para personalizar con el logo de tu empresa. Lápiz ecológico, mina tipo HB. Cotiza por WhatsApp.","https://www.promocionalesjj.co/img/productos/lapiz-eco-natural.jpg","Organization WebSite Product BreadcrumbList","27","si","si"
"/tienda/lapiz-golf-pencil/","producto","69833","Lápiz Golf Pencil con logo personalizado | Promocionales J&J","Lápiz Golf Pencil","https://www.promocionalesjj.co/tienda/lapiz-golf-pencil/","","Lápiz Golf Pencil para personalizar con el logo de tu empresa. Mini lápiz para golf en madera. Cotiza por WhatsApp.","https://www.promocionalesjj.co/img/productos/lapiz-golf-pencil.jpg","Organization WebSite Product BreadcrumbList","27","si","si"
"/tienda/lapiz-infinito-gemini/","producto","69678","Lápiz Infinito Gemini con logo personalizado | Promocionales J&J","Lápiz Infinito Gemini","https://www.promocionalesjj.co/tienda/lapiz-infinito-gemini/","","Lápiz Infinito Gemini para personalizar con el logo de tu empresa. Cotiza por WhatsApp.","https://www.promocionalesjj.co/og-default.jpg","Organization WebSite Product BreadcrumbList","27","si","si"
"/tienda/lapiz-infinity-con-borrador/","producto","71331","Lápiz Infinity con Borrador con logo personalizado | Promocionales J&J","Lápiz Infinity con Borrador","https://www.promocionalesjj.co/tienda/lapiz-infinity-con-borrador/","","Lápiz Infinity con Borrador para personalizar con el logo de tu empresa. Cotiza por WhatsApp.","https://www.promocionalesjj.co/img/productos/lapiz-infinity-con-borrador.jpg","Organization WebSite Product BreadcrumbList","27","si","si"
"/tienda/lapiz-infinity-eco/","producto","70940","Lápiz Infinity Eco con logo personalizado | Promocionales J&J","Lápiz Infinity Eco","https://www.promocionalesjj.co/tienda/lapiz-infinity-eco/","","Lápiz Infinity Eco para personalizar con el logo de tu empresa. Cotiza por WhatsApp.","https://www.promocionalesjj.co/img/productos/lapiz-infinity-eco.jpg","Organization WebSite Product BreadcrumbList","27","si","si"
"/tienda/lapiz-neon/","producto","69040","Lápiz Neón con logo personalizado | Promocionales J&J","Lápiz Neón","https://www.promocionalesjj.co/tienda/lapiz-neon/","","Lápiz Neón para personalizar con el logo de tu empresa. Lápiz de madera. Cotiza por WhatsApp.","https://www.promocionalesjj.co/img/productos/lapiz-neon.jpg","Organization WebSite Product BreadcrumbList","27","si","si"
"/tienda/lapiz-rojo-check-para-contabilidad/","producto","71025","Lápiz Rojo Check (Para Contabilidad) con logo personalizado | Promocionales J&J","Lápiz Rojo Check (Para Contabilidad)","https://www.promocionalesjj.co/tienda/lapiz-rojo-check-para-contabilidad/","","Lápiz Rojo Check (Para Contabilidad) para personalizar con el logo de tu empresa. Lápiz marcador para contabilidad (checker) color rojo con borrador.","https://www.promocionalesjj.co/img/productos/lapiz-rojo-check-para-contabilidad.jpg","Organization WebSite Product BreadcrumbList","27","si","si"
"/tienda/lazo-jump/","producto","70657","Lazo Jump con logo personalizado | Promocionales J&J","Lazo Jump","https://www.promocionalesjj.co/tienda/lazo-jump/","","Lazo Jump para personalizar con el logo de tu empresa. Cuerda de saltar de 240 cm con mangos de madera. Cotiza por WhatsApp.","https://www.promocionalesjj.co/og-default.jpg","Organization WebSite Product BreadcrumbList","28","si","si"
"/tienda/legox/","producto","71550","Bolígrafo plástico Legox con logo personalizado | Promocionales J&J","Bolígrafo plástico Legox","https://www.promocionalesjj.co/tienda/legox/","","Bolígrafo plástico Legox para personalizar con el logo de tu empresa. Mecanismo push. Cotiza por WhatsApp.","https://www.promocionalesjj.co/img/productos/legox.jpg","Organization WebSite Product BreadcrumbList","27","si","si"
"/tienda/libreta-albus/","producto","71953","Libreta Albus con logo personalizado | Promocionales J&J","Libreta Albus","https://www.promocionalesjj.co/tienda/libreta-albus/","","Libreta Albus para personalizar con el logo de tu empresa. Libreta en poliuretano con fibra de bambú. Cotiza por WhatsApp.","https://www.promocionalesjj.co/img/productos/libreta-albus.jpg","Organization WebSite Product BreadcrumbList","27","si","si"
"/tienda/libreta-astralis-cork/","producto","70715","Libreta Astralis Cork con logo personalizado | Promocionales J&J","Libreta Astralis Cork","https://www.promocionalesjj.co/tienda/libreta-astralis-cork/","","Libreta Astralis Cork para personalizar con el logo de tu empresa. Libreta en corcho con estuche para bolígrafo y soporte para celular. Cotiza por WhatsApp.","https://www.promocionalesjj.co/img/productos/libreta-astralis-cork.jpg","Organization WebSite Product BreadcrumbList","27","si","si"
"/tienda/libreta-century/","producto","72512","Libreta Century con logo personalizado | Promocionales J&J","Libreta Century","https://www.promocionalesjj.co/tienda/libreta-century/","","Libreta Century para personalizar con el logo de tu empresa. Libreta de cartón con 5 stickies adhesivos. Marcación en tampografía. Cotiza por WhatsApp.","https://www.promocionalesjj.co/img/productos/libreta-century.jpg","Organization WebSite Product BreadcrumbList","27","si","si"
"/tienda/libreta-con-boligrafo-bamboo/","producto","72969","Libreta con Bolígrafo Bamboo con logo personalizado | Promocionales J&J","Libreta con Bolígrafo Bamboo","https://www.promocionalesjj.co/tienda/libreta-con-boligrafo-bamboo/","","Libreta con Bolígrafo Bamboo para personalizar con el logo de tu empresa. Cotiza por WhatsApp.","https://www.promocionalesjj.co/img/productos/libreta-con-boligrafo-bamboo.jpg","Organization WebSite Product BreadcrumbList","27","si","si"
"/tienda/libreta-con-boligrafo-button-reciclable/","producto","74281","Libreta con Bolígrafo Button Reciclable con logo personalizado | Promocionales J&J","Libreta con Bolígrafo Button Reciclable","https://www.promocionalesjj.co/tienda/libreta-con-boligrafo-button-reciclable/","","Libreta con Bolígrafo Button Reciclable para personalizar con el logo de tu empresa. Marcación en tampografía. Cotiza por WhatsApp.","https://www.promocionalesjj.co/img/productos/libreta-con-boligrafo-button-reciclable.jpg","Organization WebSite Product BreadcrumbList","27","si","si"
"/tienda/libreta-con-boligrafo-gulliver-eco/","producto","72695","Libreta con Bolígrafo Gulliver Eco con logo personalizado | Promocionales J&J","Libreta con Bolígrafo Gulliver Eco","https://www.promocionalesjj.co/tienda/libreta-con-boligrafo-gulliver-eco/","","Libreta con Bolígrafo Gulliver Eco para personalizar con el logo de tu empresa. Libreta doble argolla y bolígrafo de cartón. Cotiza por WhatsApp.","https://www.promocionalesjj.co/img/productos/libreta-con-boligrafo-gulliver-eco.jpg","Organization WebSite Product BreadcrumbList","27","si","si"
"/tienda/libreta-con-portalapices-produccion-nacional/","producto","73362","Libreta con Portalápices (producción nacional) con logo personalizado | Promocionales J&J","Libreta con Portalápices (producción nacional)","https://www.promocionalesjj.co/tienda/libreta-con-portalapices-produccion-nacional/","","Libreta con Portalápices (producción nacional) para personalizar con el logo de tu empresa. Cotiza por WhatsApp.","https://www.promocionalesjj.co/img/productos/libreta-con-portalapices-produccion-nacional.jpg","Organization WebSite Product BreadcrumbList","27","si","si"
"/tienda/libreta-cork/","producto","70020","Libreta Cork con logo personalizado | Promocionales J&J","Libreta Cork","https://www.promocionalesjj.co/tienda/libreta-cork/","","Libreta Cork para personalizar con el logo de tu empresa. Cubierta en cartón imitación corcho y poliuretano. Cotiza por WhatsApp.","https://www.promocionalesjj.co/og-default.jpg","Organization WebSite Product BreadcrumbList","27","si","si"
"/tienda/libreta-eco-milk-70-hojas/","producto","72389","Libreta Eco Milk 70 Hojas con logo personalizado | Promocionales J&J","Libreta Eco Milk 70 Hojas","https://www.promocionalesjj.co/tienda/libreta-eco-milk-70-hojas/","","Libreta Eco Milk 70 Hojas para personalizar con el logo de tu empresa. Cotiza por WhatsApp.","https://www.promocionalesjj.co/img/productos/libreta-eco-milk-70-hojas.jpg","Organization WebSite Product BreadcrumbList","27","si","si"
"/tienda/libreta-futbol-produccion-nacional/","producto","72867","Libreta Futbol (producción nacional) con logo personalizado | Promocionales J&J","Libreta Futbol (producción nacional)","https://www.promocionalesjj.co/tienda/libreta-futbol-produccion-nacional/","","Libreta Futbol (producción nacional) para personalizar con el logo de tu empresa. Libreta argollada de 80 hojas con banda elástica para cerrar.","https://www.promocionalesjj.co/img/productos/libreta-futbol-produccion-nacional.jpg","Organization WebSite Product BreadcrumbList","27","si","si"
"/tienda/libreta-hakan-eco/","producto","71560","Libreta Hakan Eco con logo personalizado | Promocionales J&J","Libreta Hakan Eco","https://www.promocionalesjj.co/tienda/libreta-hakan-eco/","","Libreta Hakan Eco para personalizar con el logo de tu empresa. Libreta de cartón, 70 hojas con rayas. Cotiza por WhatsApp.","https://www.promocionalesjj.co/img/productos/libreta-hakan-eco.jpg","Organization WebSite Product BreadcrumbList","27","si","si"
"/tienda/libreta-igor-bamboo/","producto","72163","Libreta Igor Bamboo con logo personalizado | Promocionales J&J","Libreta Igor Bamboo","https://www.promocionalesjj.co/tienda/libreta-igor-bamboo/","","Libreta Igor Bamboo para personalizar con el logo de tu empresa. Libreta con carátula en bambú y PU. Cotiza por WhatsApp.","https://www.promocionalesjj.co/img/productos/libreta-igor-bamboo.jpg","Organization WebSite Product BreadcrumbList","27","si","si"
"/tienda/libreta-inker-rpet/","producto","72302","Libreta Inker RPET con logo personalizado | Promocionales J&J","Libreta Inker RPET","https://www.promocionalesjj.co/tienda/libreta-inker-rpet/","","Libreta Inker RPET para personalizar con el logo de tu empresa. Libreta en poliéster reciclado RPET y cierre con imán. Cotiza por WhatsApp.","https://www.promocionalesjj.co/img/productos/libreta-inker-rpet.jpg","Organization WebSite Product BreadcrumbList","27","si","si"
"/tienda/libreta-pollux-eco/","producto","71762","Libreta Pollux Eco con logo personalizado | Promocionales J&J","Libreta Pollux Eco","https://www.promocionalesjj.co/tienda/libreta-pollux-eco/","","Libreta Pollux Eco para personalizar con el logo de tu empresa. Libreta en cartón reciclado, 70 hojas blancas rayas. Cotiza por WhatsApp.","https://www.promocionalesjj.co/img/productos/libreta-pollux-eco.jpg","Organization WebSite Product BreadcrumbList","27","si","si"
"/tienda/libreta-valdis-cork/","producto","70722","Libreta Valdis Cork con logo personalizado | Promocionales J&J","Libreta Valdis Cork","https://www.promocionalesjj.co/tienda/libreta-valdis-cork/","","Libreta Valdis Cork para personalizar con el logo de tu empresa. Cotiza por WhatsApp.","https://www.promocionalesjj.co/img/productos/libreta-valdis-cork.jpg","Organization WebSite Product BreadcrumbList","27","si","si"
"/tienda/libreta-vincent/","producto","71365","Libreta Vincent con logo personalizado | Promocionales J&J","Libreta Vincent","https://www.promocionalesjj.co/tienda/libreta-vincent/","","Libreta Vincent para personalizar con el logo de tu empresa. Cubierta elaborada en corcho, 80 hojas de papel de 70g reciclado con rayas. Marcación en screen.","https://www.promocionalesjj.co/img/productos/libreta-vincent.jpg","Organization WebSite Product BreadcrumbList","27","si","si"
"/tienda/libreta-woody-ecologica-produccion-nacional/","producto","73507","Libreta Woody Ecológica (producción nacional) con logo personalizado | Promocionales J&J","Libreta Woody Ecológica (producción nacional)","https://www.promocionalesjj.co/tienda/libreta-woody-ecologica-produccion-nacional/","","Libreta Woody Ecológica (producción nacional) para personalizar con el logo de tu empresa. Libreta argollada de 80 hojas con banda elástica para cerrar.","https://www.promocionalesjj.co/img/productos/libreta-woody-ecologica-produccion-nacional.jpg","Organization WebSite Product BreadcrumbList","27","si","si"
"/tienda/libreta-zipper/","producto","71483","Libreta Zipper con logo personalizado | Promocionales J&J","Libreta Zipper","https://www.promocionalesjj.co/tienda/libreta-zipper/","","Libreta Zipper para personalizar con el logo de tu empresa. Cubierta en tela y bolsillo frontal con cremallera. Cotiza por WhatsApp.","https://www.promocionalesjj.co/img/productos/libreta-zipper.jpg","Organization WebSite Product BreadcrumbList","28","si","si"
"/tienda/linterna-carabinero-bamboo/","producto","73249","Linterna Carabinero Bamboo con logo personalizado | Promocionales J&J","Linterna Carabinero Bamboo","https://www.promocionalesjj.co/tienda/linterna-carabinero-bamboo/","","Linterna Carabinero Bamboo para personalizar con el logo de tu empresa. Linterna de bambú con mosquetón en plástico. Cotiza por WhatsApp.","https://www.promocionalesjj.co/img/productos/linterna-carabinero-bamboo.jpg","Organization WebSite Product BreadcrumbList","28","si","si"
"/tienda/linterna-para-bicicleta-snake-ii/","producto","73798","Linterna para Bicicleta Snake II con logo personalizado | Promocionales J&J","Linterna para Bicicleta Snake II","https://www.promocionalesjj.co/tienda/linterna-para-bicicleta-snake-ii/","","Linterna para Bicicleta Snake II para personalizar con el logo de tu empresa. Linterna de dos LED para bicicleta, material de silicona + ABS.","https://www.promocionalesjj.co/img/productos/linterna-para-bicicleta-snake-ii.jpg","Organization WebSite Product BreadcrumbList","28","si","si"
"/tienda/linterna-recargable-head/","producto","73596","Linterna Recargable Head con logo personalizado | Promocionales J&J","Linterna Recargable Head","https://www.promocionalesjj.co/tienda/linterna-recargable-head/","","Linterna Recargable Head para personalizar con el logo de tu empresa. Linterna de aluminio con 4 LED y 4 potencias diferentes de luz. Cotiza por WhatsApp.","https://www.promocionalesjj.co/img/productos/linterna-recargable-head.jpg","Organization WebSite Product BreadcrumbList","28","si","si"
"/tienda/lipsy/","producto","71579","Bolígrafo plástico Lipsy con logo personalizado | Promocionales J&J","Bolígrafo plástico Lipsy","https://www.promocionalesjj.co/tienda/lipsy/","","Bolígrafo plástico Lipsy para personalizar con el logo de tu empresa. Mecanismo twist. Cotiza por WhatsApp.","https://www.promocionalesjj.co/img/productos/lipsy.jpg","Organization WebSite Product BreadcrumbList","27","si","si"
"/tienda/llavero-antiestres-ball/","producto","71519","Llavero Antiestrés Ball con logo personalizado | Promocionales J&J","Llavero Antiestrés Ball","https://www.promocionalesjj.co/tienda/llavero-antiestres-ball/","","Llavero Antiestrés Ball para personalizar con el logo de tu empresa. Llavero en poliuretano. Cotiza por WhatsApp.","https://www.promocionalesjj.co/img/productos/llavero-antiestres-ball.jpg","Organization WebSite Product BreadcrumbList","27","si","si"
"/tienda/llavero-bamboo-round/","producto","71572","Llavero Bamboo Round con logo personalizado | Promocionales J&J","Llavero Bamboo Round","https://www.promocionalesjj.co/tienda/llavero-bamboo-round/","","Llavero Bamboo Round para personalizar con el logo de tu empresa. En bambú con placa en caucho. Cotiza por WhatsApp.","https://www.promocionalesjj.co/img/productos/llavero-bamboo-round.jpg","Organization WebSite Product BreadcrumbList","27","si","si"
"/tienda/llavero-bamboo-square/","producto","71615","Llavero Bamboo Square con logo personalizado | Promocionales J&J","Llavero Bamboo Square","https://www.promocionalesjj.co/tienda/llavero-bamboo-square/","","Llavero Bamboo Square para personalizar con el logo de tu empresa. En bambú con placa en caucho. Cotiza por WhatsApp.","https://www.promocionalesjj.co/img/productos/llavero-bamboo-square.jpg","Organization WebSite Product BreadcrumbList","27","si","si"
"/tienda/llavero-bici/","producto","72123","Llavero Bici con logo personalizado | Promocionales J&J","Llavero Bici","https://www.promocionalesjj.co/tienda/llavero-bici/","","Llavero Bici para personalizar con el logo de tu empresa. Llavero metálico. Marcación en láser. Cotiza por WhatsApp.","https://www.promocionalesjj.co/img/productos/llavero-bici.jpg","Organization WebSite Product BreadcrumbList","27","si","si"
"/tienda/llavero-con-nivelador-magnet/","producto","73714","Llavero con Nivelador Magnet con logo personalizado | Promocionales J&J","Llavero con Nivelador Magnet","https://www.promocionalesjj.co/tienda/llavero-con-nivelador-magnet/","","Llavero con Nivelador Magnet para personalizar con el logo de tu empresa. Llavero plástico con nivelador con imán y regla de 7 cm. Cotiza por WhatsApp.","https://www.promocionalesjj.co/img/productos/llavero-con-nivelador-magnet.jpg","Organization WebSite Product BreadcrumbList","27","si","si"
"/tienda/llavero-corcho/","producto","72497","Llavero Corcho con logo personalizado | Promocionales J&J","Llavero Corcho","https://www.promocionalesjj.co/tienda/llavero-corcho/","","Llavero Corcho para personalizar con el logo de tu empresa. Llavero en corcho. Marcación en láser. Cotiza por WhatsApp.","https://www.promocionalesjj.co/img/productos/llavero-corcho.jpg","Organization WebSite Product BreadcrumbList","27","si","si"
"/tienda/llavero-metro-3-1/","producto","73305","Llavero Metro 3-1 con logo personalizado | Promocionales J&J","Llavero Metro 3-1","https://www.promocionalesjj.co/tienda/llavero-metro-3-1/","","Llavero Metro 3-1 para personalizar con el logo de tu empresa. Llavero plástico con metro de 1 m, soporte para celular y limpia pantallas.","https://www.promocionalesjj.co/img/productos/llavero-metro-3-1.jpg","Organization WebSite Product BreadcrumbList","27","si","si"
"/tienda/llavero-metro-con-destapador-mimic/","producto","74475","Llavero Metro con Destapador Mimic con logo personalizado | Promocionales J&J","Llavero Metro con Destapador Mimic","https://www.promocionalesjj.co/tienda/llavero-metro-con-destapador-mimic/","","Llavero Metro con Destapador Mimic para personalizar con el logo de tu empresa. Llavero plástico de 1 metro con destapador y linterna. Cotiza por WhatsApp.","https://www.promocionalesjj.co/img/productos/llavero-metro-con-destapador-mimic.jpg","Organization WebSite Product BreadcrumbList","27","si","si"
"/tienda/llavero-metro-con-nivelador/","producto","74626","Llavero Metro con Nivelador con logo personalizado | Promocionales J&J","Llavero Metro con Nivelador","https://www.promocionalesjj.co/tienda/llavero-metro-con-nivelador/","","Llavero Metro con Nivelador para personalizar con el logo de tu empresa. Llavero de metro plástico de 1 m con nivelador. Marcación en tampografía.","https://www.promocionalesjj.co/img/productos/llavero-metro-con-nivelador.jpg","Organization WebSite Product BreadcrumbList","27","si","si"
"/tienda/llavero-metro-con-nivelador-jazzy/","producto","73865","Llavero Metro con Nivelador Jazzy con logo personalizado | Promocionales J&J","Llavero Metro con Nivelador Jazzy","https://www.promocionalesjj.co/tienda/llavero-metro-con-nivelador-jazzy/","","Llavero Metro con Nivelador Jazzy para personalizar con el logo de tu empresa. Llavero plástico con metro de 1 m con nivelador. Cotiza por WhatsApp.","https://www.promocionalesjj.co/img/productos/llavero-metro-con-nivelador-jazzy.jpg","Organization WebSite Product BreadcrumbList","27","si","si"
"/tienda/llavero-metro-light/","producto","72742","Llavero Metro Light con logo personalizado | Promocionales J&J","Llavero Metro Light","https://www.promocionalesjj.co/tienda/llavero-metro-light/","","Llavero Metro Light para personalizar con el logo de tu empresa. Llavero plástico con metro de 1 m. Cotiza por WhatsApp.","https://www.promocionalesjj.co/img/productos/llavero-metro-light.jpg","Organization WebSite Product BreadcrumbList","27","si","si"
"/tienda/llavero-metro-tools/","producto","73133","Llavero Metro Tools con logo personalizado | Promocionales J&J","Llavero Metro Tools","https://www.promocionalesjj.co/tienda/llavero-metro-tools/","","Llavero Metro Tools para personalizar con el logo de tu empresa. Llavero plástico con metro de 2 mts. Cotiza por WhatsApp.","https://www.promocionalesjj.co/img/productos/llavero-metro-tools.jpg","Organization WebSite Product BreadcrumbList","27","si","si"
"/tienda/llavero-ml-393/","producto","71188","Llavero Ml-393 con logo personalizado | Promocionales J&J","Llavero Ml-393","https://www.promocionalesjj.co/tienda/llavero-ml-393/","","Llavero Ml-393 para personalizar con el logo de tu empresa. Llavero en bambú y metal. Cotiza por WhatsApp.","https://www.promocionalesjj.co/img/productos/llavero-ml-393.jpg","Organization WebSite Product BreadcrumbList","27","si","si"
"/tienda/llavero-ml-401/","producto","71188","Llavero Ml-401 con logo personalizado | Promocionales J&J","Llavero Ml-401","https://www.promocionalesjj.co/tienda/llavero-ml-401/","","Llavero Ml-401 para personalizar con el logo de tu empresa. Llavero en corcho y metal. Cotiza por WhatsApp.","https://www.promocionalesjj.co/img/productos/llavero-ml-401.jpg","Organization WebSite Product BreadcrumbList","27","si","si"
"/tienda/llavero-ml-402/","producto","71318","Llavero Ml-402 con logo personalizado | Promocionales J&J","Llavero Ml-402","https://www.promocionalesjj.co/tienda/llavero-ml-402/","","Llavero Ml-402 para personalizar con el logo de tu empresa. Llavero metálico con partes en bambú. Cotiza por WhatsApp.","https://www.promocionalesjj.co/img/productos/llavero-ml-402.jpg","Organization WebSite Product BreadcrumbList","27","si","si"
"/tienda/llavero-ml-408/","producto","71138","Llavero Ml-408 con logo personalizado | Promocionales J&J","Llavero Ml-408","https://www.promocionalesjj.co/tienda/llavero-ml-408/","","Llavero Ml-408 para personalizar con el logo de tu empresa. Metálico con madera. Cotiza por WhatsApp.","https://www.promocionalesjj.co/img/productos/llavero-ml-408.jpg","Organization WebSite Product BreadcrumbList","27","si","si"
"/tienda/llavero-ml-416/","producto","71268","Llavero Ml-416 con logo personalizado | Promocionales J&J","Llavero Ml-416","https://www.promocionalesjj.co/tienda/llavero-ml-416/","","Llavero Ml-416 para personalizar con el logo de tu empresa. Metálico con bambú y destapador. Cotiza por WhatsApp.","https://www.promocionalesjj.co/img/productos/llavero-ml-416.jpg","Organization WebSite Product BreadcrumbList","27","si","si"
"/tienda/llavero-ml-417/","producto","71138","Llavero Ml-417 con logo personalizado | Promocionales J&J","Llavero Ml-417","https://www.promocionalesjj.co/tienda/llavero-ml-417/","","Llavero Ml-417 para personalizar con el logo de tu empresa. Metálico con bambú. Cotiza por WhatsApp.","https://www.promocionalesjj.co/img/productos/llavero-ml-417.jpg","Organization WebSite Product BreadcrumbList","27","si","si"
"/tienda/llavero-multiusos-metalico-touch-free-ml-386/","producto","72699","Llavero Multiusos Metálico Touch Free Ml-386 con logo personalizado | Promocionales J&J","Llavero Multiusos Metálico Touch Free Ml-386","https://www.promocionalesjj.co/tienda/llavero-multiusos-metalico-touch-free-ml-386/","","Llavero Multiusos Metálico Touch Free Ml-386 para personalizar con el logo de tu empresa. Llavero en aleación de zinc con recubrimiento plateado.","https://www.promocionalesjj.co/img/productos/llavero-multiusos-metalico-touch-free-ml-386.jpg","Organization WebSite Product BreadcrumbList","27","si","si"
"/tienda/llavero-pop/","producto","72175","Llavero Pop con logo personalizado | Promocionales J&J","Llavero Pop","https://www.promocionalesjj.co/tienda/llavero-pop/","","Llavero Pop para personalizar con el logo de tu empresa. Llavero antiestrés en silicona con placa y argolla metálica. Marcación en tampografía, láser.","https://www.promocionalesjj.co/img/productos/llavero-pop.jpg","Organization WebSite Product BreadcrumbList","27","si","si"
"/tienda/llavero-pop-it-bolt/","producto","71771","Llavero Pop It Bolt con logo personalizado | Promocionales J&J","Llavero Pop It Bolt","https://www.promocionalesjj.co/tienda/llavero-pop-it-bolt/","","Llavero Pop It Bolt para personalizar con el logo de tu empresa. Llavero antiestrés en silicona. Cotiza por WhatsApp.","https://www.promocionalesjj.co/img/productos/llavero-pop-it-bolt.jpg","Organization WebSite Product BreadcrumbList","27","si","si"
"/tienda/loman-roller-pen-ver-mina-roller-europea-o-china/","producto","71737","Roller metálico Loman Roller Pen (Ver Mina Roller Europea o China) con logo personalizado | Promocionales J&J","Roller metálico Loman Roller Pen (Ver Mina Roller Europea o China)","https://www.promocionalesjj.co/tienda/loman-roller-pen-ver-mina-roller-europea-o-china/","","Roller metálico Loman Roller Pen (Ver Mina Roller Europea o China) para personalizar con el logo de tu empresa. Marcación en tampografía, láser.","https://www.promocionalesjj.co/og-default.jpg","Organization WebSite Product BreadcrumbList","27","si","si"
"/tienda/luz-de-emergencia-v16-magnetica/","producto","73719","Luz de Emergencia V16 Magnética con logo personalizado | Promocionales J&J","Luz de Emergencia V16 Magnética","https://www.promocionalesjj.co/tienda/luz-de-emergencia-v16-magnetica/","","Luz de Emergencia V16 Magnética para personalizar con el logo de tu empresa. Luz de emergencia plástica recargable con imán. Cotiza por WhatsApp.","https://www.promocionalesjj.co/img/productos/luz-de-emergencia-v16-magnetica.jpg","Organization WebSite Product BreadcrumbList","28","si","si"
"/tienda/magno/","producto","72543","Bolígrafo metálico Magno con logo personalizado | Promocionales J&J","Bolígrafo metálico Magno","https://www.promocionalesjj.co/tienda/magno/","","Bolígrafo metálico Magno para personalizar con el logo de tu empresa. Marcación en tampografía, láser. Cotiza por WhatsApp.","https://www.promocionalesjj.co/img/productos/magno.jpg","Organization WebSite Product BreadcrumbList","27","si","si"
"/tienda/maletin-avenue/","producto","72369","Maletín Avenue con logo personalizado | Promocionales J&J","Maletín Avenue","https://www.promocionalesjj.co/tienda/maletin-avenue/","","Maletín Avenue para personalizar con el logo de tu empresa. Maletín para portátil en lona y cuero recuperado Europeo, con 2 bolsillos. Cotiza por WhatsApp.","https://www.promocionalesjj.co/img/productos/maletin-avenue.jpg","Organization WebSite Product BreadcrumbList","28","si","si"
"/tienda/maletin-en-cambrel/","producto","73545","Maletín en Cambrel con logo personalizado | Promocionales J&J","Maletín en Cambrel","https://www.promocionalesjj.co/tienda/maletin-en-cambrel/","","Maletín en Cambrel para personalizar con el logo de tu empresa. Maletín en cambrel 80 gr. Cotiza por WhatsApp.","https://www.promocionalesjj.co/img/productos/maletin-en-cambrel.jpg","Organization WebSite Product BreadcrumbList","28","si","si"
"/tienda/maletin-harmony-rpet/","producto","73447","Maletín Harmony RPET con logo personalizado | Promocionales J&J","Maletín Harmony RPET","https://www.promocionalesjj.co/tienda/maletin-harmony-rpet/","","Maletín Harmony RPET para personalizar con el logo de tu empresa. Maletín para viaje en poliuretano reciclado RPET. Cotiza por WhatsApp.","https://www.promocionalesjj.co/img/productos/maletin-harmony-rpet.jpg","Organization WebSite Product BreadcrumbList","28","si","si"
"/tienda/maletin-trolley-bag-norris/","producto","72529","Maletín Trolley Bag Norris con logo personalizado | Promocionales J&J","Maletín Trolley Bag Norris","https://www.promocionalesjj.co/tienda/maletin-trolley-bag-norris/","","Maletín Trolley Bag Norris para personalizar con el logo de tu empresa. Maletín en poliéster 600D. Cotiza por WhatsApp.","https://www.promocionalesjj.co/img/productos/maletin-trolley-bag-norris.jpg","Organization WebSite Product BreadcrumbList","28","si","si"
"/tienda/marcador-borrable/","producto","73592","Marcador Borrable con logo personalizado | Promocionales J&J","Marcador Borrable","https://www.promocionalesjj.co/tienda/marcador-borrable/","","Marcador Borrable para personalizar con el logo de tu empresa. Marcador borrable, con almohadilla para borrar e imán. Marcación en tampografía.","https://www.promocionalesjj.co/img/productos/marcador-borrable.jpg","Organization WebSite Product BreadcrumbList","27","si","si"
"/tienda/martillo-con-navaja-eco/","producto","73275","Martillo con Navaja Eco con logo personalizado | Promocionales J&J","Martillo con Navaja Eco","https://www.promocionalesjj.co/tienda/martillo-con-navaja-eco/","","Martillo con Navaja Eco para personalizar con el logo de tu empresa. Mini llavero con martillo. Cotiza por WhatsApp.","https://www.promocionalesjj.co/img/productos/martillo-con-navaja-eco.jpg","Organization WebSite Product BreadcrumbList","28","si","si"
"/tienda/marvel-stylus/","producto","74164","Bolígrafo plástico Marvel Stylus con logo personalizado | Promocionales J&J","Bolígrafo plástico Marvel Stylus","https://www.promocionalesjj.co/tienda/marvel-stylus/","","Bolígrafo plástico Marvel Stylus para personalizar con el logo de tu empresa. Bolígrafo plástico con stylus. Marcación en tampografía. Cotiza por WhatsApp.","https://www.promocionalesjj.co/img/productos/marvel-stylus.jpg","Organization WebSite Product BreadcrumbList","27","si","si"
"/tienda/masajeador-bamboo/","producto","72888","Masajeador Bamboo con logo personalizado | Promocionales J&J","Masajeador Bamboo","https://www.promocionalesjj.co/tienda/masajeador-bamboo/","","Masajeador Bamboo para personalizar con el logo de tu empresa. Masajeador en bambú. Cotiza por WhatsApp.","https://www.promocionalesjj.co/img/productos/masajeador-bamboo.jpg","Organization WebSite Product BreadcrumbList","28","si","si"
"/tienda/masajeador-brandon/","producto","72884","Masajeador Brandon con logo personalizado | Promocionales J&J","Masajeador Brandon","https://www.promocionalesjj.co/tienda/masajeador-brandon/","","Masajeador Brandon para personalizar con el logo de tu empresa. Rodillo masajeador de corcho y madera. Cotiza por WhatsApp.","https://www.promocionalesjj.co/img/productos/masajeador-brandon.jpg","Organization WebSite Product BreadcrumbList","28","si","si"
"/tienda/masajeador-hyper-eco/","producto","72894","Masajeador Hyper Eco con logo personalizado | Promocionales J&J","Masajeador Hyper Eco","https://www.promocionalesjj.co/tienda/masajeador-hyper-eco/","","Masajeador Hyper Eco para personalizar con el logo de tu empresa. Masajeador plástico con bambú. Cotiza por WhatsApp.","https://www.promocionalesjj.co/img/productos/masajeador-hyper-eco.jpg","Organization WebSite Product BreadcrumbList","28","si","si"
"/tienda/maui/","producto","73280","Bolígrafo plástico Maui con logo personalizado | Promocionales J&J","Bolígrafo plástico Maui","https://www.promocionalesjj.co/tienda/maui/","","Bolígrafo plástico Maui para personalizar con el logo de tu empresa. Bolígrafo plástico con base triangular plástica. Marcación en tampografía.","https://www.promocionalesjj.co/img/productos/maui.jpg","Organization WebSite Product BreadcrumbList","27","si","si"
"/tienda/medidor-de-presion-atmo/","producto","70596","Medidor de Presión Atmo con logo personalizado | Promocionales J&J","Medidor de Presión Atmo","https://www.promocionalesjj.co/tienda/medidor-de-presion-atmo/","","Medidor de Presión Atmo para personalizar con el logo de tu empresa. Mini medidor de presión para neumáticos en plástico. Cotiza por WhatsApp.","https://www.promocionalesjj.co/og-default.jpg","Organization WebSite Product BreadcrumbList","28","si","si"
"/tienda/medidor-de-presion-twist/","producto","70575","Medidor de Presión Twist con logo personalizado | Promocionales J&J","Medidor de Presión Twist","https://www.promocionalesjj.co/tienda/medidor-de-presion-twist/","","Medidor de Presión Twist para personalizar con el logo de tu empresa. Medidor de presión para neumáticos en plástico. Cotiza por WhatsApp.","https://www.promocionalesjj.co/og-default.jpg","Organization WebSite Product BreadcrumbList","28","si","si"
"/tienda/medidor-digital-de-presion-para-neumaticos/","producto","71847","Medidor Digital de Presión para Neumáticos con logo personalizado | Promocionales J&J","Medidor Digital de Presión para Neumáticos","https://www.promocionalesjj.co/tienda/medidor-digital-de-presion-para-neumaticos/","","Medidor Digital de Presión para Neumáticos para personalizar con el logo de tu empresa. Medidor de presión para neumáticos en plástico y aluminio.","https://www.promocionalesjj.co/img/productos/medidor-digital-de-presion-para-neumaticos.jpg","Organization WebSite Product BreadcrumbList","28","si","si"
"/tienda/memo-clip-bamboo-ii/","producto","72725","Memo Clip Bamboo II con logo personalizado | Promocionales J&J","Memo Clip Bamboo II","https://www.promocionalesjj.co/tienda/memo-clip-bamboo-ii/","","Memo Clip Bamboo II para personalizar con el logo de tu empresa. Clip portamemos y mensajes con base en madera natural. Marcación en tampografía, láser.","https://www.promocionalesjj.co/img/productos/memo-clip-bamboo-ii.jpg","Organization WebSite Product BreadcrumbList","28","si","si"
"/tienda/memo-pad-milk/","producto","73030","Memo Pad Milk con logo personalizado | Promocionales J&J","Memo Pad Milk","https://www.promocionalesjj.co/tienda/memo-pad-milk/","","Memo Pad Milk para personalizar con el logo de tu empresa. Set de portastickies en cartón reciclado de leche. Cotiza por WhatsApp.","https://www.promocionalesjj.co/img/productos/memo-pad-milk.jpg","Organization WebSite Product BreadcrumbList","28","si","si"
"/tienda/memo-stickies-house/","producto","73285","Memo Stickies House con logo personalizado | Promocionales J&J","Memo Stickies House","https://www.promocionalesjj.co/tienda/memo-stickies-house/","","Memo Stickies House para personalizar con el logo de tu empresa. Cotiza por WhatsApp.","https://www.promocionalesjj.co/img/productos/memo-stickies-house.jpg","Organization WebSite Product BreadcrumbList","28","si","si"
"/tienda/memo-sticky-set-bamboo/","producto","72311","Memo Sticky Set Bamboo con logo personalizado | Promocionales J&J","Memo Sticky Set Bamboo","https://www.promocionalesjj.co/tienda/memo-sticky-set-bamboo/","","Memo Sticky Set Bamboo para personalizar con el logo de tu empresa. Set de portastickies de bambú argollado doble O. Cotiza por WhatsApp.","https://www.promocionalesjj.co/img/productos/memo-sticky-set-bamboo.jpg","Organization WebSite Product BreadcrumbList","28","si","si"
"/tienda/memo-sticky-set-clapton/","producto","73396","Memo Sticky Set Clapton con logo personalizado | Promocionales J&J","Memo Sticky Set Clapton","https://www.promocionalesjj.co/tienda/memo-sticky-set-clapton/","","Memo Sticky Set Clapton para personalizar con el logo de tu empresa. Set de portastickies de cartón con cubierta de tela, argollado doble O.","https://www.promocionalesjj.co/img/productos/memo-sticky-set-clapton.jpg","Organization WebSite Product BreadcrumbList","28","si","si"
"/tienda/memo-sticky-set-ring/","producto","73173","Memo Sticky Set Ring con logo personalizado | Promocionales J&J","Memo Sticky Set Ring","https://www.promocionalesjj.co/tienda/memo-sticky-set-ring/","","Memo Sticky Set Ring para personalizar con el logo de tu empresa. Set de portastickies de cartón argollado doble O. Cotiza por WhatsApp.","https://www.promocionalesjj.co/img/productos/memo-sticky-set-ring.jpg","Organization WebSite Product BreadcrumbList","28","si","si"
"/tienda/memoria-usb-boligrafo-king-precio-neto/","producto","74328","Memoria USB Bolígrafo King Precio Neto con logo personalizado | Promocionales J&J","Memoria USB Bolígrafo King Precio Neto","https://www.promocionalesjj.co/tienda/memoria-usb-boligrafo-king-precio-neto/","","Memoria USB Bolígrafo King Precio Neto para personalizar con el logo de tu empresa. Bolígrafo metálico USB parte superior con stylus, dos minas adicionales.","https://www.promocionalesjj.co/img/productos/memoria-usb-boligrafo-king-precio-neto.jpg","Organization WebSite Product BreadcrumbList","27","si","si"
"/tienda/memoria-usb-eco-precio-neto/","producto","76283","Memoria USB Eco Precio Neto con logo personalizado | Promocionales J&J","Memoria USB Eco Precio Neto","https://www.promocionalesjj.co/tienda/memoria-usb-eco-precio-neto/","","Memoria USB Eco Precio Neto para personalizar con el logo de tu empresa. USB en cartón. Marcación en tampografía. Cotiza por WhatsApp.","https://www.promocionalesjj.co/img/productos/memoria-usb-eco-precio-neto.jpg","Organization WebSite Product BreadcrumbList","28","si","si"
"/tienda/memoria-usb-mini-bamboo-precio-neto/","producto","76363","Memoria USB Mini Bamboo Precio Neto con logo personalizado | Promocionales J&J","Memoria USB Mini Bamboo Precio Neto","https://www.promocionalesjj.co/tienda/memoria-usb-mini-bamboo-precio-neto/","","Memoria USB Mini Bamboo Precio Neto para personalizar con el logo de tu empresa. Memoria USB en Bamboo. Marcación en láser. Cotiza por WhatsApp.","https://www.promocionalesjj.co/img/productos/memoria-usb-mini-bamboo-precio-neto.jpg","Organization WebSite Product BreadcrumbList","28","si","si"
"/tienda/metro-arkitect/","producto","71309","Metro Arkitect con logo personalizado | Promocionales J&J","Metro Arkitect","https://www.promocionalesjj.co/tienda/metro-arkitect/","","Metro Arkitect para personalizar con el logo de tu empresa. Cinta metálica de 2 metros. Cotiza por WhatsApp.","https://www.promocionalesjj.co/img/productos/metro-arkitect.jpg","Organization WebSite Product BreadcrumbList","28","si","si"
"/tienda/metro-arkitect-con-destornilladores/","producto","73519","Metro Arkitect con Destornilladores con logo personalizado | Promocionales J&J","Metro Arkitect con Destornilladores","https://www.promocionalesjj.co/tienda/metro-arkitect-con-destornilladores/","","Metro Arkitect con Destornilladores para personalizar con el logo de tu empresa. Metro plástico de 3 metros con partes de bambú. Cotiza por WhatsApp.","https://www.promocionalesjj.co/img/productos/metro-arkitect-con-destornilladores.jpg","Organization WebSite Product BreadcrumbList","28","si","si"
"/tienda/metro-arkitect-eco/","producto","71485","Metro Arkitect Eco con logo personalizado | Promocionales J&J","Metro Arkitect Eco","https://www.promocionalesjj.co/tienda/metro-arkitect-eco/","","Metro Arkitect Eco para personalizar con el logo de tu empresa. Cinta metálica de 2 metros. Cotiza por WhatsApp.","https://www.promocionalesjj.co/img/productos/metro-arkitect-eco.jpg","Organization WebSite Product BreadcrumbList","28","si","si"
"/tienda/metro-bamboo/","producto","73292","Metro Bamboo con logo personalizado | Promocionales J&J","Metro Bamboo","https://www.promocionalesjj.co/tienda/metro-bamboo/","","Metro Bamboo para personalizar con el logo de tu empresa. Metro plástico de 5 m con partes de bambú. Marcación en láser. Cotiza por WhatsApp.","https://www.promocionalesjj.co/img/productos/metro-bamboo.jpg","Organization WebSite Product BreadcrumbList","28","si","si"
"/tienda/metro-carabinero-stanley/","producto","72689","Metro Carabinero Stanley con logo personalizado | Promocionales J&J","Metro Carabinero Stanley","https://www.promocionalesjj.co/tienda/metro-carabinero-stanley/","","Metro Carabinero Stanley para personalizar con el logo de tu empresa. 50 m en plástico con carabinero y botón a presión para recoger la cinta.","https://www.promocionalesjj.co/img/productos/metro-carabinero-stanley.jpg","Organization WebSite Product BreadcrumbList","28","si","si"
"/tienda/metro-destapador-bamboo/","producto","73292","Metro Destapador Bamboo con logo personalizado | Promocionales J&J","Metro Destapador Bamboo","https://www.promocionalesjj.co/tienda/metro-destapador-bamboo/","","Metro Destapador Bamboo para personalizar con el logo de tu empresa. Metro Destapador en Bambú de 1 m. Cotiza por WhatsApp.","https://www.promocionalesjj.co/img/productos/metro-destapador-bamboo.jpg","Organization WebSite Product BreadcrumbList","28","si","si"
"/tienda/metro-llavero-bone/","producto","73053","Metro Llavero Bone con logo personalizado | Promocionales J&J","Metro Llavero Bone","https://www.promocionalesjj.co/tienda/metro-llavero-bone/","","Metro Llavero Bone para personalizar con el logo de tu empresa. Cinta metrica de 1 metro. Marcación en tampografía. Cotiza por WhatsApp.","https://www.promocionalesjj.co/img/productos/metro-llavero-bone.jpg","Organization WebSite Product BreadcrumbList","27","si","si"
"/tienda/metro-llavero-car/","producto","73128","Metro Llavero Car con logo personalizado | Promocionales J&J","Metro Llavero Car","https://www.promocionalesjj.co/tienda/metro-llavero-car/","","Metro Llavero Car para personalizar con el logo de tu empresa. Llavero metro plástico de 1 metro. Marcación en tampografía. Cotiza por WhatsApp.","https://www.promocionalesjj.co/img/productos/metro-llavero-car.jpg","Organization WebSite Product BreadcrumbList","27","si","si"
"/tienda/metro-llavero-house/","producto","72852","Metro Llavero House con logo personalizado | Promocionales J&J","Metro Llavero House","https://www.promocionalesjj.co/tienda/metro-llavero-house/","","Metro Llavero House para personalizar con el logo de tu empresa. Llavero de metro de 1. Marcación en tampografía. Cotiza por WhatsApp.","https://www.promocionalesjj.co/img/productos/metro-llavero-house.jpg","Organization WebSite Product BreadcrumbList","27","si","si"
"/tienda/metro-llavero-kurtis/","producto","72929","Metro Llavero Kurtis con logo personalizado | Promocionales J&J","Metro Llavero Kurtis","https://www.promocionalesjj.co/tienda/metro-llavero-kurtis/","","Metro Llavero Kurtis para personalizar con el logo de tu empresa. Metro plástico de 1 m de longitud, con destapador y argolla llavero. Cotiza por WhatsApp.","https://www.promocionalesjj.co/img/productos/metro-llavero-kurtis.jpg","Organization WebSite Product BreadcrumbList","27","si","si"
"/tienda/metro-llavero-nitto/","producto","72820","Metro Llavero Nitto con logo personalizado | Promocionales J&J","Metro Llavero Nitto","https://www.promocionalesjj.co/tienda/metro-llavero-nitto/","","Metro Llavero Nitto para personalizar con el logo de tu empresa. Marcación en tampografía. Cotiza por WhatsApp.","https://www.promocionalesjj.co/img/productos/metro-llavero-nitto.jpg","Organization WebSite Product BreadcrumbList","27","si","si"
"/tienda/metro-llavero-saloon/","producto","71783","Metro Llavero Saloon con logo personalizado | Promocionales J&J","Metro Llavero Saloon","https://www.promocionalesjj.co/tienda/metro-llavero-saloon/","","Metro Llavero Saloon para personalizar con el logo de tu empresa. Cinta métrica de 1 metro. Cotiza por WhatsApp.","https://www.promocionalesjj.co/img/productos/metro-llavero-saloon.jpg","Organization WebSite Product BreadcrumbList","27","si","si"
"/tienda/metro-llavero-truck/","producto","73350","Metro Llavero Truck con logo personalizado | Promocionales J&J","Metro Llavero Truck","https://www.promocionalesjj.co/tienda/metro-llavero-truck/","","Metro Llavero Truck para personalizar con el logo de tu empresa. Cinta métrica de 1 m y llavero plástico en forma de camión. Marcación en tampografía.","https://www.promocionalesjj.co/img/productos/metro-llavero-truck.jpg","Organization WebSite Product BreadcrumbList","27","si","si"
"/tienda/metro-neumatic/","producto","72865","Metro Neumatic con logo personalizado | Promocionales J&J","Metro Neumatic","https://www.promocionalesjj.co/tienda/metro-neumatic/","","Metro Neumatic para personalizar con el logo de tu empresa. Cinta métrica de 1 metro y llavero plástico en forma de neumático. Marcación en tampografía.","https://www.promocionalesjj.co/img/productos/metro-neumatic.jpg","Organization WebSite Product BreadcrumbList","28","si","si"
"/tienda/metro-oliver/","producto","71901","Metro Oliver con logo personalizado | Promocionales J&J","Metro Oliver","https://www.promocionalesjj.co/tienda/metro-oliver/","","Metro Oliver para personalizar con el logo de tu empresa. Metro plástico de 3 m. Marcación en tampografía. Cotiza por WhatsApp.","https://www.promocionalesjj.co/img/productos/metro-oliver.jpg","Organization WebSite Product BreadcrumbList","28","si","si"
"/tienda/metro-oval-eco/","producto","71111","Metro Oval Eco con logo personalizado | Promocionales J&J","Metro Oval Eco","https://www.promocionalesjj.co/tienda/metro-oval-eco/","","Metro Oval Eco para personalizar con el logo de tu empresa. Metro plástico de 1. Cotiza por WhatsApp.","https://www.promocionalesjj.co/img/productos/metro-oval-eco.jpg","Organization WebSite Product BreadcrumbList","28","si","si"
"/tienda/metro-paddy/","producto","71846","Metro Paddy con logo personalizado | Promocionales J&J","Metro Paddy","https://www.promocionalesjj.co/tienda/metro-paddy/","","Metro Paddy para personalizar con el logo de tu empresa. Metro plástico de 3 m. Marcación en tampografía. Cotiza por WhatsApp.","https://www.promocionalesjj.co/img/productos/metro-paddy.jpg","Organization WebSite Product BreadcrumbList","28","si","si"
"/tienda/metro-retractil-button/","producto","72836","Metro Retráctil Button con logo personalizado | Promocionales J&J","Metro Retráctil Button","https://www.promocionalesjj.co/tienda/metro-retractil-button/","","Metro Retráctil Button para personalizar con el logo de tu empresa. Cinta métrica de 1. Marcación en tampografía. Cotiza por WhatsApp.","https://www.promocionalesjj.co/img/productos/metro-retractil-button.jpg","Organization WebSite Product BreadcrumbList","28","si","si"
"/tienda/metro-retractil-kolors/","producto","72374","Metro Retráctil Kolors con logo personalizado | Promocionales J&J","Metro Retráctil Kolors","https://www.promocionalesjj.co/tienda/metro-retractil-kolors/","","Metro Retráctil Kolors para personalizar con el logo de tu empresa. Cinta métrica de 1. Marcación en tampografía. Cotiza por WhatsApp.","https://www.promocionalesjj.co/img/productos/metro-retractil-kolors.jpg","Organization WebSite Product BreadcrumbList","28","si","si"
"/tienda/metro-square-bamboo/","producto","73777","Metro Square Bamboo con logo personalizado | Promocionales J&J","Metro Square Bamboo","https://www.promocionalesjj.co/tienda/metro-square-bamboo/","","Metro Square Bamboo para personalizar con el logo de tu empresa. Metro plástico de 1 m con partes de bambú, con argolla tipo llavero. Cotiza por WhatsApp.","https://www.promocionalesjj.co/img/productos/metro-square-bamboo.jpg","Organization WebSite Product BreadcrumbList","28","si","si"
"/tienda/mezclador-en-madera/","producto","72288","Mezclador en Madera con logo personalizado | Promocionales J&J","Mezclador en Madera","https://www.promocionalesjj.co/tienda/mezclador-en-madera/","","Mezclador en Madera para personalizar con el logo de tu empresa. Cotiza por WhatsApp.","https://www.promocionalesjj.co/img/productos/mezclador-en-madera.jpg","Organization WebSite Product BreadcrumbList","28","si","si"
"/tienda/milla-roller-stylus/","producto","73327","Bolígrafo Milla Roller Stylus con logo personalizado | Promocionales J&J","Bolígrafo Milla Roller Stylus","https://www.promocionalesjj.co/tienda/milla-roller-stylus/","","Bolígrafo Milla Roller Stylus para personalizar con el logo de tu empresa. Bolígrafo roller metálico con stylus. Marcación en tampografía, láser.","https://www.promocionalesjj.co/img/productos/milla-roller-stylus.jpg","Organization WebSite Product BreadcrumbList","27","si","si"
"/tienda/mina-roller-europea/","producto","71996","Mina Roller - Europea con logo personalizado | Promocionales J&J","Mina Roller - Europea","https://www.promocionalesjj.co/tienda/mina-roller-europea/","","Mina Roller - Europea para personalizar con el logo de tu empresa. Mina Roller EUROPEA. Cotiza por WhatsApp.","https://www.promocionalesjj.co/img/productos/mina-roller-europea.jpg","Organization WebSite Product BreadcrumbList","27","si","si"
"/tienda/mini-bolsa-en-algodon-100gr/","producto","73896","Mini Bolsa en Algodón 100 gr con logo personalizado | Promocionales J&J","Mini Bolsa en Algodón 100 gr","https://www.promocionalesjj.co/tienda/mini-bolsa-en-algodon-100gr/","","Mini Bolsa en Algodón 100 gr para personalizar con el logo de tu empresa. Mini bolsa en algodón de 100gr/mt2. Marcación en screen. Cotiza por WhatsApp.","https://www.promocionalesjj.co/img/productos/mini-bolsa-en-algodon-100gr.jpg","Organization WebSite Product BreadcrumbList","27","si","si"
"/tienda/mini-bolsa-en-cambrel/","producto","72809","Mini Bolsa en Cambrel con logo personalizado | Promocionales J&J","Mini Bolsa en Cambrel","https://www.promocionalesjj.co/tienda/mini-bolsa-en-cambrel/","","Mini Bolsa en Cambrel para personalizar con el logo de tu empresa. Mini bolsa en cambrel 80 gm cosida, ideal para Resistencia: 1 kg. Cotiza por WhatsApp.","https://www.promocionalesjj.co/img/productos/mini-bolsa-en-cambrel.jpg","Organization WebSite Product BreadcrumbList","27","si","si"
"/tienda/mini-destornilladores-con-soporte/","producto","71122","Mini Destornilladores con Soporte con logo personalizado | Promocionales J&J","Mini Destornilladores con Soporte","https://www.promocionalesjj.co/tienda/mini-destornilladores-con-soporte/","","Mini Destornilladores con Soporte para personalizar con el logo de tu empresa. Llavero con soporte y dos destornilladores. Cotiza por WhatsApp.","https://www.promocionalesjj.co/og-default.jpg","Organization WebSite Product BreadcrumbList","28","si","si"
"/tienda/mini-destornilladores-twist/","producto","70635","Mini Destornilladores Twist con logo personalizado | Promocionales J&J","Mini Destornilladores Twist","https://www.promocionalesjj.co/tienda/mini-destornilladores-twist/","","Mini Destornilladores Twist para personalizar con el logo de tu empresa. Juego de destornilladores y linterna de dos leds. Cotiza por WhatsApp.","https://www.promocionalesjj.co/og-default.jpg","Organization WebSite Product BreadcrumbList","28","si","si"
"/tienda/mini-herramientero-blazor/","producto","71218","Mini Herramientero Blazor con logo personalizado | Promocionales J&J","Mini Herramientero Blazor","https://www.promocionalesjj.co/tienda/mini-herramientero-blazor/","","Mini Herramientero Blazor para personalizar con el logo de tu empresa. Cotiza por WhatsApp.","https://www.promocionalesjj.co/img/productos/mini-herramientero-blazor.jpg","Organization WebSite Product BreadcrumbList","28","si","si"
"/tienda/mini-herramientero-clipin/","producto","70939","Mini Herramientero Clipin con logo personalizado | Promocionales J&J","Mini Herramientero Clipin","https://www.promocionalesjj.co/tienda/mini-herramientero-clipin/","","Mini Herramientero Clipin para personalizar con el logo de tu empresa. Mini set de destornilladores de plástico de 4 piezas. Cotiza por WhatsApp.","https://www.promocionalesjj.co/img/productos/mini-herramientero-clipin.jpg","Organization WebSite Product BreadcrumbList","28","si","si"
"/tienda/mini-herramientero-kronus/","producto","71498","Mini Herramientero Kronus con logo personalizado | Promocionales J&J","Mini Herramientero Kronus","https://www.promocionalesjj.co/tienda/mini-herramientero-kronus/","","Mini Herramientero Kronus para personalizar con el logo de tu empresa. Mini set de destornilladores en estuche de plástico que funciona como mango de agarre.","https://www.promocionalesjj.co/img/productos/mini-herramientero-kronus.jpg","Organization WebSite Product BreadcrumbList","28","si","si"
"/tienda/mini-libreta-bamboo-eco/","producto","70941","Mini Libreta Bamboo Eco con logo personalizado | Promocionales J&J","Mini Libreta Bamboo Eco","https://www.promocionalesjj.co/tienda/mini-libreta-bamboo-eco/","","Mini Libreta Bamboo Eco para personalizar con el logo de tu empresa. Libreta con cubierta en bambú. Cotiza por WhatsApp.","https://www.promocionalesjj.co/img/productos/mini-libreta-bamboo-eco.jpg","Organization WebSite Product BreadcrumbList","28","si","si"
"/tienda/mini-libreta-cork/","producto","70703","Mini Libreta Cork con logo personalizado | Promocionales J&J","Mini Libreta Cork","https://www.promocionalesjj.co/tienda/mini-libreta-cork/","","Mini Libreta Cork para personalizar con el logo de tu empresa. Cubierta en cartón imitación corcho y poliuretano. Cotiza por WhatsApp.","https://www.promocionalesjj.co/og-default.jpg","Organization WebSite Product BreadcrumbList","28","si","si"
"/tienda/mini-libreta-forest/","producto","71991","Mini Libreta Forest con logo personalizado | Promocionales J&J","Mini Libreta Forest","https://www.promocionalesjj.co/tienda/mini-libreta-forest/","","Mini Libreta Forest para personalizar con el logo de tu empresa. Marcación en tampografía. Cotiza por WhatsApp.","https://www.promocionalesjj.co/img/productos/mini-libreta-forest.jpg","Organization WebSite Product BreadcrumbList","28","si","si"
"/tienda/mini-licorera-6oz/","producto","72356","Mini Licorera 6 oz con logo personalizado | Promocionales J&J","Mini Licorera 6 oz","https://www.promocionalesjj.co/tienda/mini-licorera-6oz/","","Mini Licorera 6 oz para personalizar con el logo de tu empresa. En acero inoxidable. Cotiza por WhatsApp.","https://www.promocionalesjj.co/img/productos/mini-licorera-6oz.jpg","Organization WebSite Product BreadcrumbList","28","si","si"
"/tienda/mini-licorera-jacoby-6oz/","producto","72700","Mini Licorera Jacoby 6 oz con logo personalizado | Promocionales J&J","Mini Licorera Jacoby 6 oz","https://www.promocionalesjj.co/tienda/mini-licorera-jacoby-6oz/","","Mini Licorera Jacoby 6 oz para personalizar con el logo de tu empresa. En acero inoxidable con partes en bambú. Cotiza por WhatsApp.","https://www.promocionalesjj.co/img/productos/mini-licorera-jacoby-6oz.jpg","Organization WebSite Product BreadcrumbList","28","si","si"
"/tienda/mini-linterna-bamboo/","producto","71104","Mini Linterna Bamboo con logo personalizado | Promocionales J&J","Mini Linterna Bamboo","https://www.promocionalesjj.co/tienda/mini-linterna-bamboo/","","Mini Linterna Bamboo para personalizar con el logo de tu empresa. Mini linterna plástica con superficie de bambú de 1 LED. Cotiza por WhatsApp.","https://www.promocionalesjj.co/img/productos/mini-linterna-bamboo.jpg","Organization WebSite Product BreadcrumbList","28","si","si"
"/tienda/mini-linterna-ozen/","producto","70946","Mini Linterna Ozen con logo personalizado | Promocionales J&J","Mini Linterna Ozen","https://www.promocionalesjj.co/tienda/mini-linterna-ozen/","","Mini Linterna Ozen para personalizar con el logo de tu empresa. Linterna plástica y de aluminio de 3 LED. Cotiza por WhatsApp.","https://www.promocionalesjj.co/img/productos/mini-linterna-ozen.jpg","Organization WebSite Product BreadcrumbList","28","si","si"
"/tienda/mini-resaltador-de-cera/","producto","72865","Mini Resaltador de Cera con logo personalizado | Promocionales J&J","Mini Resaltador de Cera","https://www.promocionalesjj.co/tienda/mini-resaltador-de-cera/","","Mini Resaltador de Cera para personalizar con el logo de tu empresa. Cotiza por WhatsApp.","https://www.promocionalesjj.co/img/productos/mini-resaltador-de-cera.jpg","Organization WebSite Product BreadcrumbList","27","si","si"
"/tienda/mini-set-de-colores-baby/","producto","74394","Mini Set de Colores Baby con logo personalizado | Promocionales J&J","Mini Set de Colores Baby","https://www.promocionalesjj.co/tienda/mini-set-de-colores-baby/","","Mini Set de Colores Baby para personalizar con el logo de tu empresa. Mini estuche de cartón con 6 colores y tajalápiz plástico. Cotiza por WhatsApp.","https://www.promocionalesjj.co/img/productos/mini-set-de-colores-baby.jpg","Organization WebSite Product BreadcrumbList","27","si","si"
"/tienda/mini-set-de-colores-x-12-unidades/","producto","72618","Mini Set de Colores x 12 Unidades con logo personalizado | Promocionales J&J","Mini Set de Colores x 12 Unidades","https://www.promocionalesjj.co/tienda/mini-set-de-colores-x-12-unidades/","","Mini Set de Colores x 12 Unidades para personalizar con el logo de tu empresa. Estuche de cartón con 12 colores y tajalápiz plástico. Marcación en serigrafía.","https://www.promocionalesjj.co/img/productos/mini-set-de-colores-x-12-unidades.jpg","Organization WebSite Product BreadcrumbList","28","si","si"
"/tienda/mini-set-de-destornilladores-duck/","producto","71383","Mini Set de Destornilladores Duck con logo personalizado | Promocionales J&J","Mini Set de Destornilladores Duck","https://www.promocionalesjj.co/tienda/mini-set-de-destornilladores-duck/","","Mini Set de Destornilladores Duck para personalizar con el logo de tu empresa. Mini set de plástico de 6 piezas de destornilladores y metro de 1 m.","https://www.promocionalesjj.co/img/productos/mini-set-de-destornilladores-duck.jpg","Organization WebSite Product BreadcrumbList","28","si","si"
"/tienda/mini-set-de-destornilladores-koda/","producto","72679","Mini Set de Destornilladores Koda con logo personalizado | Promocionales J&J","Mini Set de Destornilladores Koda","https://www.promocionalesjj.co/tienda/mini-set-de-destornilladores-koda/","","Mini Set de Destornilladores Koda para personalizar con el logo de tu empresa. Miniset de destornilladores de plástico de 4 piezas. Marcación en tampografía.","https://www.promocionalesjj.co/img/productos/mini-set-de-destornilladores-koda.jpg","Organization WebSite Product BreadcrumbList","28","si","si"
"/tienda/mini-set-de-destornilladores-level/","producto","71485","Mini Set de Destornilladores Level con logo personalizado | Promocionales J&J","Mini Set de Destornilladores Level","https://www.promocionalesjj.co/tienda/mini-set-de-destornilladores-level/","","Mini Set de Destornilladores Level para personalizar con el logo de tu empresa. Cotiza por WhatsApp.","https://www.promocionalesjj.co/img/productos/mini-set-de-destornilladores-level.jpg","Organization WebSite Product BreadcrumbList","28","si","si"
"/tienda/mini-set-de-herramientas-avante/","producto","71329","Mini Set de Herramientas Avante con logo personalizado | Promocionales J&J","Mini Set de Herramientas Avante","https://www.promocionalesjj.co/tienda/mini-set-de-herramientas-avante/","","Mini Set de Herramientas Avante para personalizar con el logo de tu empresa. Mini set de herramientas multifuncional con luz LED. Cotiza por WhatsApp.","https://www.promocionalesjj.co/img/productos/mini-set-de-herramientas-avante.jpg","Organization WebSite Product BreadcrumbList","28","si","si"
"/tienda/mini-set-goblet-eco/","producto","71021","Mini Set Goblet Eco con logo personalizado | Promocionales J&J","Mini Set Goblet Eco","https://www.promocionalesjj.co/tienda/mini-set-goblet-eco/","","Mini Set Goblet Eco para personalizar con el logo de tu empresa. Libreta en cartón, 80 hojas rayadas recicladas. Cotiza por WhatsApp.","https://www.promocionalesjj.co/img/productos/mini-set-goblet-eco.jpg","Organization WebSite Product BreadcrumbList","28","si","si"
"/tienda/molde-de-hielo-nook/","producto","72816","Molde de Hielo Nook con logo personalizado | Promocionales J&J","Molde de Hielo Nook","https://www.promocionalesjj.co/tienda/molde-de-hielo-nook/","","Molde de Hielo Nook para personalizar con el logo de tu empresa. Molde de esfera para hielo, de silicona y con tapa plástica. Cotiza por WhatsApp.","https://www.promocionalesjj.co/img/productos/molde-de-hielo-nook.jpg","Organization WebSite Product BreadcrumbList","28","si","si"
"/tienda/mop-bicolor/","producto","72018","Mop Bicolor con logo personalizado | Promocionales J&J","Mop Bicolor","https://www.promocionalesjj.co/tienda/mop-bicolor/","","Mop Bicolor para personalizar con el logo de tu empresa. Bolígrafo plástico. Cotiza por WhatsApp.","https://www.promocionalesjj.co/img/productos/mop-bicolor.jpg","Organization WebSite Product BreadcrumbList","27","si","si"
"/tienda/mop-medic-stylus/","producto","73933","Mop Medic Stylus con logo personalizado | Promocionales J&J","Mop Medic Stylus","https://www.promocionalesjj.co/tienda/mop-medic-stylus/","","Mop Medic Stylus para personalizar con el logo de tu empresa. Bolígrafo plástico con stylus y cabeza con microfibra para limpiar pantallas.","https://www.promocionalesjj.co/img/productos/mop-medic-stylus.jpg","Organization WebSite Product BreadcrumbList","27","si","si"
"/tienda/mop-stylus/","producto","73797","Mop Stylus con logo personalizado | Promocionales J&J","Mop Stylus","https://www.promocionalesjj.co/tienda/mop-stylus/","","Mop Stylus para personalizar con el logo de tu empresa. Bolígrafo plástico con stylus y cabeza con microfibra para limpiar pantallas. Cotiza por WhatsApp.","https://www.promocionalesjj.co/img/productos/mop-stylus.jpg","Organization WebSite Product BreadcrumbList","27","si","si"
"/tienda/morral-backpack-glow/","producto","74118","Morral Backpack Glow con logo personalizado | Promocionales J&J","Morral Backpack Glow","https://www.promocionalesjj.co/tienda/morral-backpack-glow/","","Morral Backpack Glow para personalizar con el logo de tu empresa. Marcación en screen. Cotiza por WhatsApp.","https://www.promocionalesjj.co/img/productos/morral-backpack-glow.jpg","Organization WebSite Product BreadcrumbList","28","si","si"
"/tienda/morral-backpack-nordic/","producto","72136","Morral Backpack Nordic con logo personalizado | Promocionales J&J","Morral Backpack Nordic","https://www.promocionalesjj.co/tienda/morral-backpack-nordic/","","Morral Backpack Nordic para personalizar con el logo de tu empresa. Poliéster 1680D. Cotiza por WhatsApp.","https://www.promocionalesjj.co/img/productos/morral-backpack-nordic.jpg","Organization WebSite Product BreadcrumbList","28","si","si"
"/tienda/morral-backpack-padrax/","producto","73006","Morral Backpack Padrax con logo personalizado | Promocionales J&J","Morral Backpack Padrax","https://www.promocionalesjj.co/tienda/morral-backpack-padrax/","","Morral Backpack Padrax para personalizar con el logo de tu empresa. Morral en poliester. Marcación en serigrafía. Cotiza por WhatsApp.","https://www.promocionalesjj.co/img/productos/morral-backpack-padrax.jpg","Organization WebSite Product BreadcrumbList","28","si","si"
"/tienda/morral-backpack-reflect/","producto","73523","Morral Backpack Reflect con logo personalizado | Promocionales J&J","Morral Backpack Reflect","https://www.promocionalesjj.co/tienda/morral-backpack-reflect/","","Morral Backpack Reflect para personalizar con el logo de tu empresa. Cotiza por WhatsApp.","https://www.promocionalesjj.co/img/productos/morral-backpack-reflect.jpg","Organization WebSite Product BreadcrumbList","28","si","si"
"/tienda/morral-backpack-reflective/","producto","74564","Morral Backpack Reflective con logo personalizado | Promocionales J&J","Morral Backpack Reflective","https://www.promocionalesjj.co/tienda/morral-backpack-reflective/","","Morral Backpack Reflective para personalizar con el logo de tu empresa. Morral backpack en poliéster reflectivo con dos bolsillos, y dos bolsillos de malla.","https://www.promocionalesjj.co/img/productos/morral-backpack-reflective.jpg","Organization WebSite Product BreadcrumbList","28","si","si"
"/tienda/mouse-bamboo/","producto","72802","Mouse Bamboo con logo personalizado | Promocionales J&J","Mouse Bamboo","https://www.promocionalesjj.co/tienda/mouse-bamboo/","","Mouse Bamboo para personalizar con el logo de tu empresa. Mouse plástico inalámbrico con partes de bambú. Cotiza por WhatsApp.","https://www.promocionalesjj.co/img/productos/mouse-bamboo.jpg","Organization WebSite Product BreadcrumbList","27","si","si"
"/tienda/mouse-inalambrico-zenith-eco/","producto","73709","Mouse Inalámbrico Zenith Eco con logo personalizado | Promocionales J&J","Mouse Inalámbrico Zenith Eco","https://www.promocionalesjj.co/tienda/mouse-inalambrico-zenith-eco/","","Mouse Inalámbrico Zenith Eco para personalizar con el logo de tu empresa. Mouse plástico inalámbrico con aluminio reciclado. Cotiza por WhatsApp.","https://www.promocionalesjj.co/img/productos/mouse-inalambrico-zenith-eco.jpg","Organization WebSite Product BreadcrumbList","27","si","si"
"/tienda/mouse-pad-con-cargador-inalambrico-dexter/","producto","74172","Mouse Pad con Cargador Inalámbrico Dexter con logo personalizado | Promocionales J&J","Mouse Pad con Cargador Inalámbrico Dexter","https://www.promocionalesjj.co/tienda/mouse-pad-con-cargador-inalambrico-dexter/","","Mouse Pad con Cargador Inalámbrico Dexter para personalizar con el logo de tu empresa. Cotiza por WhatsApp.","https://www.promocionalesjj.co/img/productos/mouse-pad-con-cargador-inalambrico-dexter.jpg","Organization WebSite Product BreadcrumbList","28","si","si"
"/tienda/mouse-pad-cork/","producto","73921","Mouse Pad Cork con logo personalizado | Promocionales J&J","Mouse Pad Cork","https://www.promocionalesjj.co/tienda/mouse-pad-cork/","","Mouse Pad Cork para personalizar con el logo de tu empresa. Mouse Pad en corcho rectangular. Marcación en tampografía, láser. Cotiza por WhatsApp.","https://www.promocionalesjj.co/img/productos/mouse-pad-cork.jpg","Organization WebSite Product BreadcrumbList","28","si","si"
"/tienda/mouse-pad-cork-con-apoya-munecas/","producto","73561","Mouse Pad Cork con Apoya Munecas con logo personalizado | Promocionales J&J","Mouse Pad Cork con Apoya Munecas","https://www.promocionalesjj.co/tienda/mouse-pad-cork-con-apoya-munecas/","","Mouse Pad Cork con Apoya Munecas para personalizar con el logo de tu empresa. Mouse Pad en corcho. Cotiza por WhatsApp.","https://www.promocionalesjj.co/img/productos/mouse-pad-cork-con-apoya-munecas.jpg","Organization WebSite Product BreadcrumbList","28","si","si"
"/tienda/mug-ceramica-neon-11oz/","producto","72871","Mug Cerámica Neón 11 oz con logo personalizado | Promocionales J&J","Mug Cerámica Neón 11 oz","https://www.promocionalesjj.co/tienda/mug-ceramica-neon-11oz/","","Mug Cerámica Neón 11 oz para personalizar con el logo de tu empresa. Mug en cerámica, en colores neón. Cotiza por WhatsApp.","https://www.promocionalesjj.co/img/productos/mug-ceramica-neon-11oz.jpg","Organization WebSite Product BreadcrumbList","27","si","si"
"/tienda/mug-ceramica-ottis-11oz/","producto","72841","Mug Cerámica Ottis 11 oz con logo personalizado | Promocionales J&J","Mug Cerámica Ottis 11 oz","https://www.promocionalesjj.co/tienda/mug-ceramica-ottis-11oz/","","Mug Cerámica Ottis 11 oz para personalizar con el logo de tu empresa. Apto para uso en microondas y lava vajillas. Cotiza por WhatsApp.","https://www.promocionalesjj.co/img/productos/mug-ceramica-ottis-11oz.jpg","Organization WebSite Product BreadcrumbList","27","si","si"
"/tienda/mug-ethio-coffee-473-ml/","producto","70512","Mug Ethio Coffee 473 ml con logo personalizado | Promocionales J&J","Mug Ethio Coffee 473 ml","https://www.promocionalesjj.co/tienda/mug-ethio-coffee-473-ml/","","Mug Ethio Coffee 473 ml para personalizar con el logo de tu empresa. Mug metálico doble pared en acero inoxidable reciclado con fibra de café.","https://www.promocionalesjj.co/img/productos/mug-ethio-coffee-473-ml.jpg","Organization WebSite Product BreadcrumbList","27","si","si"
"/tienda/mug-metalico-avenix-380-ml/","producto","70294","Mug Metálico Avenix 380 ml con logo personalizado | Promocionales J&J","Mug Metálico Avenix 380 ml","https://www.promocionalesjj.co/tienda/mug-metalico-avenix-380-ml/","","Mug Metálico Avenix 380 ml para personalizar con el logo de tu empresa. Cotiza por WhatsApp.","https://www.promocionalesjj.co/og-default.jpg","Organization WebSite Product BreadcrumbList","27","si","si"
"/tienda/mug-metalico-bamboo-eco-350ml/","producto","70845","Mug Metálico Bamboo Eco 350 ml con logo personalizado | Promocionales J&J","Mug Metálico Bamboo Eco 350 ml","https://www.promocionalesjj.co/tienda/mug-metalico-bamboo-eco-350ml/","","Mug Metálico Bamboo Eco 350 ml para personalizar con el logo de tu empresa. Mug en acero inoxidable con exterior en bambú natural y tapa de cierre a presión.","https://www.promocionalesjj.co/img/productos/mug-metalico-bamboo-eco-350ml.jpg","Organization WebSite Product BreadcrumbList","27","si","si"
"/tienda/mug-metalico-brumo-1200-ml/","producto","70670","Mug Metálico Brumo 1200 ml con logo personalizado | Promocionales J&J","Mug Metálico Brumo 1200 ml","https://www.promocionalesjj.co/tienda/mug-metalico-brumo-1200-ml/","","Mug Metálico Brumo 1200 ml para personalizar con el logo de tu empresa. Cotiza por WhatsApp.","https://www.promocionalesjj.co/img/productos/mug-metalico-brumo-1200-ml.jpg","Organization WebSite Product BreadcrumbList","27","si","si"
"/tienda/mug-metalico-con-bamboo-500ml/","producto","70771","Mug Metálico con Bamboo 500 ml con logo personalizado | Promocionales J&J","Mug Metálico con Bamboo 500 ml","https://www.promocionalesjj.co/tienda/mug-metalico-con-bamboo-500ml/","","Mug Metálico con Bamboo 500 ml para personalizar con el logo de tu empresa. Mug en acero inoxidable con exterior en bambú y tapa plástica.","https://www.promocionalesjj.co/img/productos/mug-metalico-con-bamboo-500ml.jpg","Organization WebSite Product BreadcrumbList","27","si","si"
"/tienda/mug-metalico-gillan-550-ml/","producto","70691","Mug Metálico Gillan 550 ml con logo personalizado | Promocionales J&J","Mug Metálico Gillan 550 ml","https://www.promocionalesjj.co/tienda/mug-metalico-gillan-550-ml/","","Mug Metálico Gillan 550 ml para personalizar con el logo de tu empresa. Mug metálico doble pared en acero inoxidable reciclado. Cotiza por WhatsApp.","https://www.promocionalesjj.co/og-default.jpg","Organization WebSite Product BreadcrumbList","27","si","si"
"/tienda/mug-metalico-lorenz-360ml/","producto","70780","Mug Metálico Lorenz 360 ml con logo personalizado | Promocionales J&J","Mug Metálico Lorenz 360 ml","https://www.promocionalesjj.co/tienda/mug-metalico-lorenz-360ml/","","Mug Metálico Lorenz 360 ml para personalizar con el logo de tu empresa. Mug metálico en acero inoxidable doble pared con interior plástico y base en corcho.","https://www.promocionalesjj.co/img/productos/mug-metalico-lorenz-360ml.jpg","Organization WebSite Product BreadcrumbList","27","si","si"
"/tienda/mug-metalico-tasso-500-ml/","producto","70547","Mug Metálico Tasso 500 ml con logo personalizado | Promocionales J&J","Mug Metálico Tasso 500 ml","https://www.promocionalesjj.co/tienda/mug-metalico-tasso-500-ml/","","Mug Metálico Tasso 500 ml para personalizar con el logo de tu empresa. Cotiza por WhatsApp.","https://www.promocionalesjj.co/img/productos/mug-metalico-tasso-500-ml.jpg","Organization WebSite Product BreadcrumbList","27","si","si"
"/tienda/mug-plastico-atom-370-ml/","producto","72004","Mug Plástico Atom 370 ml con logo personalizado | Promocionales J&J","Mug Plástico Atom 370 ml","https://www.promocionalesjj.co/tienda/mug-plastico-atom-370-ml/","","Mug Plástico Atom 370 ml para personalizar con el logo de tu empresa. En polipropileno con base en corcho importada. Cotiza por WhatsApp.","https://www.promocionalesjj.co/og-default.jpg","Organization WebSite Product BreadcrumbList","27","si","si"
"/tienda/mug-plastico-con-corcho-16oz/","producto","72295","Mug Plástico con Corcho 16 oz con logo personalizado | Promocionales J&J","Mug Plástico con Corcho 16 oz","https://www.promocionalesjj.co/tienda/mug-plastico-con-corcho-16oz/","","Mug Plástico con Corcho 16 oz para personalizar con el logo de tu empresa. Mug plástico recubierto con corcho. Cotiza por WhatsApp.","https://www.promocionalesjj.co/img/productos/mug-plastico-con-corcho-16oz.jpg","Organization WebSite Product BreadcrumbList","27","si","si"
"/tienda/mug-plastico-doble-pared-eco-350ml/","producto","73080","Mug Plástico Doble Pared Eco 350 ml con logo personalizado | Promocionales J&J","Mug Plástico Doble Pared Eco 350 ml","https://www.promocionalesjj.co/tienda/mug-plastico-doble-pared-eco-350ml/","","Mug Plástico Doble Pared Eco 350 ml para personalizar con el logo de tu empresa. Mug plástico doble pared con tapa de cierre a presión. Cotiza por WhatsApp.","https://www.promocionalesjj.co/img/productos/mug-plastico-doble-pared-eco-350ml.jpg","Organization WebSite Product BreadcrumbList","27","si","si"
"/tienda/mug-plastico-glimm-eco-300-ml/","producto","73976","Mug Plástico Glimm Eco 300 ml con logo personalizado | Promocionales J&J","Mug Plástico Glimm Eco 300 ml","https://www.promocionalesjj.co/tienda/mug-plastico-glimm-eco-300-ml/","","Mug Plástico Glimm Eco 300 ml para personalizar con el logo de tu empresa. Mug plástico doble pared con base en bambú. Cotiza por WhatsApp.","https://www.promocionalesjj.co/img/productos/mug-plastico-glimm-eco-300-ml.jpg","Organization WebSite Product BreadcrumbList","27","si","si"
"/tienda/mug-plastico-morning-320-ml-produccion-nacional/","producto","73414","Mug Plástico Morning 320 ml (producción nacional) con logo personalizado | Promocionales J&J","Mug Plástico Morning 320 ml (producción nacional)","https://www.promocionalesjj.co/tienda/mug-plastico-morning-320-ml-produccion-nacional/","","Mug Plástico Morning 320 ml (producción nacional) para personalizar con el logo de tu empresa. En polipropileno. Cotiza por WhatsApp.","https://www.promocionalesjj.co/img/productos/mug-plastico-morning-320-ml-produccion-nacional.jpg","Organization WebSite Product BreadcrumbList","27","si","si"
"/tienda/mug-plastico-pacific-450ml/","producto","72575","Mug Plástico Pacific 450 ml con logo personalizado | Promocionales J&J","Mug Plástico Pacific 450 ml","https://www.promocionalesjj.co/tienda/mug-plastico-pacific-450ml/","","Mug Plástico Pacific 450 ml para personalizar con el logo de tu empresa. Mug plástico doble pared con tapa plástica. Cotiza por WhatsApp.","https://www.promocionalesjj.co/img/productos/mug-plastico-pacific-450ml.jpg","Organization WebSite Product BreadcrumbList","27","si","si"
"/tienda/natura-eco/","producto","71864","Bolígrafo plástico Natura Eco con logo personalizado | Promocionales J&J","Bolígrafo plástico Natura Eco","https://www.promocionalesjj.co/tienda/natura-eco/","","Bolígrafo plástico Natura Eco para personalizar con el logo de tu empresa. Mecanismo push. Cotiza por WhatsApp.","https://www.promocionalesjj.co/img/productos/natura-eco.jpg","Organization WebSite Product BreadcrumbList","27","si","si"
"/tienda/nevera-cooler-bag-ava/","producto","71254","Nevera Cooler Bag Ava con logo personalizado | Promocionales J&J","Nevera Cooler Bag Ava","https://www.promocionalesjj.co/tienda/nevera-cooler-bag-ava/","","Nevera Cooler Bag Ava para personalizar con el logo de tu empresa. Poliuretano metalizado (PU). Cotiza por WhatsApp.","https://www.promocionalesjj.co/img/productos/nevera-cooler-bag-ava.jpg","Organization WebSite Product BreadcrumbList","28","si","si"
"/tienda/nevera-cooler-origin-rpet/","producto","72610","Nevera Cooler Origin RPET con logo personalizado | Promocionales J&J","Nevera Cooler Origin RPET","https://www.promocionalesjj.co/tienda/nevera-cooler-origin-rpet/","","Nevera Cooler Origin RPET para personalizar con el logo de tu empresa. Nevera en poliéster RPET con interior en PVC. Cotiza por WhatsApp.","https://www.promocionalesjj.co/og-default.jpg","Organization WebSite Product BreadcrumbList","28","si","si"
"/tienda/nevera-wine-cooler-bag-produccion-nacional/","producto","74577","Nevera Wine Cooler Bag (producción nacional) con logo personalizado | Promocionales J&J","Nevera Wine Cooler Bag (producción nacional)","https://www.promocionalesjj.co/tienda/nevera-wine-cooler-bag-produccion-nacional/","","Nevera Wine Cooler Bag (producción nacional) para personalizar con el logo de tu empresa. Nevera en lona de poliéster con bolsillos laterales.","https://www.promocionalesjj.co/img/productos/nevera-wine-cooler-bag-produccion-nacional.jpg","Organization WebSite Product BreadcrumbList","28","si","si"
"/tienda/nivelador-con-iman/","producto","73042","Nivelador con Imán con logo personalizado | Promocionales J&J","Nivelador con Imán","https://www.promocionalesjj.co/tienda/nivelador-con-iman/","","Nivelador con Imán para personalizar con el logo de tu empresa. Nivelador plástico con imán. Cotiza por WhatsApp.","https://www.promocionalesjj.co/img/productos/nivelador-con-iman.jpg","Organization WebSite Product BreadcrumbList","28","si","si"
"/tienda/nolton/","producto","73042","Bolígrafo plástico Nolton con logo personalizado | Promocionales J&J","Bolígrafo plástico Nolton","https://www.promocionalesjj.co/tienda/nolton/","","Bolígrafo plástico Nolton para personalizar con el logo de tu empresa. Marcación en tampografía. Cotiza por WhatsApp.","https://www.promocionalesjj.co/img/productos/nolton.jpg","Organization WebSite Product BreadcrumbList","27","si","si"
"/tienda/nolton-stylus/","producto","72242","Bolígrafo plástico Nolton Stylus con logo personalizado | Promocionales J&J","Bolígrafo plástico Nolton Stylus","https://www.promocionalesjj.co/tienda/nolton-stylus/","","Bolígrafo plástico Nolton Stylus para personalizar con el logo de tu empresa. Bolígrafo plástico con stylus. Marcación en tampografía. Cotiza por WhatsApp.","https://www.promocionalesjj.co/og-default.jpg","Organization WebSite Product BreadcrumbList","27","si","si"
"/tienda/opera-boligrafo/","producto","73206","Bolígrafo metálico Opera Bolígrafo con logo personalizado | Promocionales J&J","Bolígrafo metálico Opera Bolígrafo","https://www.promocionalesjj.co/tienda/opera-boligrafo/","","Bolígrafo metálico Opera Bolígrafo para personalizar con el logo de tu empresa. Marcación en tampografía, láser. Cotiza por WhatsApp.","https://www.promocionalesjj.co/img/productos/opera-boligrafo.jpg","Organization WebSite Product BreadcrumbList","27","si","si"
"/tienda/opera-roller/","producto","70680","Roller metálico Opera Roller con logo personalizado | Promocionales J&J","Roller metálico Opera Roller","https://www.promocionalesjj.co/tienda/opera-roller/","","Roller metálico Opera Roller para personalizar con el logo de tu empresa. Marcación en tampografía, láser. Cotiza por WhatsApp.","https://www.promocionalesjj.co/img/productos/opera-roller.jpg","Organization WebSite Product BreadcrumbList","27","si","si"
"/tienda/organiador-de-escritorio-bamboo/","producto","74729","Organizador Organiador de Escritorio Bamboo con logo personalizado | Promocionales J&J","Organizador Organiador de Escritorio Bamboo","https://www.promocionalesjj.co/tienda/organiador-de-escritorio-bamboo/","","Organizador Organiador de Escritorio Bamboo para personalizar con el logo de tu empresa. Organizador de escritorio en bambú. Cotiza por WhatsApp.","https://www.promocionalesjj.co/img/productos/organiador-de-escritorio-bamboo.jpg","Organization WebSite Product BreadcrumbList","28","si","si"
"/tienda/organizador-de-cables-flex/","producto","74771","Organizador de Cables Flex con logo personalizado | Promocionales J&J","Organizador de Cables Flex","https://www.promocionalesjj.co/tienda/organizador-de-cables-flex/","","Organizador de Cables Flex para personalizar con el logo de tu empresa. Organizador de cables en silicona. Cotiza por WhatsApp.","https://www.promocionalesjj.co/img/productos/organizador-de-cables-flex.jpg","Organization WebSite Product BreadcrumbList","28","si","si"
"/tienda/organizador-de-escritorio-bamboo-con-cargador/","producto","75175","Organizador de Escritorio Bamboo con Cargador con logo personalizado | Promocionales J&J","Organizador de Escritorio Bamboo con Cargador","https://www.promocionalesjj.co/tienda/organizador-de-escritorio-bamboo-con-cargador/","","Organizador de Escritorio Bamboo con Cargador para personalizar con el logo de tu empresa. Cotiza por WhatsApp.","https://www.promocionalesjj.co/img/productos/organizador-de-escritorio-bamboo-con-cargador.jpg","Organization WebSite Product BreadcrumbList","28","si","si"
"/tienda/organizador-de-viaje-cork/","producto","75865","Organizador de Viaje Cork con logo personalizado | Promocionales J&J","Organizador de Viaje Cork","https://www.promocionalesjj.co/tienda/organizador-de-viaje-cork/","","Organizador de Viaje Cork para personalizar con el logo de tu empresa. En algodón, poliéster y corcho, agarradera lateral. Marcación en serigrafía, screen.","https://www.promocionalesjj.co/img/productos/organizador-de-viaje-cork.jpg","Organization WebSite Product BreadcrumbList","28","si","si"
"/tienda/organizador-light-con-cargador-inalambrico/","producto","75597","Organizador Light con Cargador Inalámbrico con logo personalizado | Promocionales J&J","Organizador Light con Cargador Inalámbrico","https://www.promocionalesjj.co/tienda/organizador-light-con-cargador-inalambrico/","","Organizador Light con Cargador Inalámbrico para personalizar con el logo de tu empresa. Cargador inalámbrico plástico. Cotiza por WhatsApp.","https://www.promocionalesjj.co/img/productos/organizador-light-con-cargador-inalambrico.jpg","Organization WebSite Product BreadcrumbList","28","si","si"
"/tienda/organizador-multiusos-con-esterilizador-uvc-led/","producto","76199","Organizador Multiusos con Esterilizador Uvc LED con logo personalizado | Promocionales J&J","Organizador Multiusos con Esterilizador Uvc LED","https://www.promocionalesjj.co/tienda/organizador-multiusos-con-esterilizador-uvc-led/","","Organizador Multiusos con Esterilizador Uvc LED para personalizar con el logo de tu empresa. Cotiza por WhatsApp.","https://www.promocionalesjj.co/img/productos/organizador-multiusos-con-esterilizador-uvc-led.jpg","Organization WebSite Product BreadcrumbList","28","si","si"
"/tienda/organizador-para-bicicleta/","producto","75063","Organizador para Bicicleta con logo personalizado | Promocionales J&J","Organizador para Bicicleta","https://www.promocionalesjj.co/tienda/organizador-para-bicicleta/","","Organizador para Bicicleta para personalizar con el logo de tu empresa. Organizador en poliéster para bicicleta, con sujetadores en velcro.","https://www.promocionalesjj.co/img/productos/organizador-para-bicicleta.jpg","Organization WebSite Product BreadcrumbList","28","si","si"
"/tienda/organizador-para-bicicleta-reflect/","producto","75068","Organizador para Bicicleta Reflect con logo personalizado | Promocionales J&J","Organizador para Bicicleta Reflect","https://www.promocionalesjj.co/tienda/organizador-para-bicicleta-reflect/","","Organizador para Bicicleta Reflect para personalizar con el logo de tu empresa. Cotiza por WhatsApp.","https://www.promocionalesjj.co/img/productos/organizador-para-bicicleta-reflect.jpg","Organization WebSite Product BreadcrumbList","28","si","si"
"/tienda/pagina/10/","tienda-paginada","116150","Catálogo de productos promocionales — página 10 | Promocionales J&J","Catálogo de productos promocionales — página 10","https://www.promocionalesjj.co/tienda/pagina/10/","","Página 10 de 35 del catálogo de productos promocionales personalizables con tu logo para empresas en Colombia.","https://www.promocionalesjj.co/og-default.jpg","Organization WebSite BreadcrumbList","48","si","no"
"/tienda/pagina/11/","tienda-paginada","116522","Catálogo de productos promocionales — página 11 | Promocionales J&J","Catálogo de productos promocionales — página 11","https://www.promocionalesjj.co/tienda/pagina/11/","","Página 11 de 35 del catálogo de productos promocionales personalizables con tu logo para empresas en Colombia.","https://www.promocionalesjj.co/og-default.jpg","Organization WebSite BreadcrumbList","48","si","no"
"/tienda/pagina/12/","tienda-paginada","110603","Catálogo de productos promocionales — página 12 | Promocionales J&J","Catálogo de productos promocionales — página 12","https://www.promocionalesjj.co/tienda/pagina/12/","","Página 12 de 35 del catálogo de productos promocionales personalizables con tu logo para empresas en Colombia.","https://www.promocionalesjj.co/og-default.jpg","Organization WebSite BreadcrumbList","48","si","no"
"/tienda/pagina/13/","tienda-paginada","114908","Catálogo de productos promocionales — página 13 | Promocionales J&J","Catálogo de productos promocionales — página 13","https://www.promocionalesjj.co/tienda/pagina/13/","","Página 13 de 35 del catálogo de productos promocionales personalizables con tu logo para empresas en Colombia.","https://www.promocionalesjj.co/og-default.jpg","Organization WebSite BreadcrumbList","48","si","no"
"/tienda/pagina/14/","tienda-paginada","115870","Catálogo de productos promocionales — página 14 | Promocionales J&J","Catálogo de productos promocionales — página 14","https://www.promocionalesjj.co/tienda/pagina/14/","","Página 14 de 35 del catálogo de productos promocionales personalizables con tu logo para empresas en Colombia.","https://www.promocionalesjj.co/og-default.jpg","Organization WebSite BreadcrumbList","48","si","no"
"/tienda/pagina/15/","tienda-paginada","109579","Catálogo de productos promocionales — página 15 | Promocionales J&J","Catálogo de productos promocionales — página 15","https://www.promocionalesjj.co/tienda/pagina/15/","","Página 15 de 35 del catálogo de productos promocionales personalizables con tu logo para empresas en Colombia.","https://www.promocionalesjj.co/og-default.jpg","Organization WebSite BreadcrumbList","48","si","no"
"/tienda/pagina/16/","tienda-paginada","116399","Catálogo de productos promocionales — página 16 | Promocionales J&J","Catálogo de productos promocionales — página 16","https://www.promocionalesjj.co/tienda/pagina/16/","","Página 16 de 35 del catálogo de productos promocionales personalizables con tu logo para empresas en Colombia.","https://www.promocionalesjj.co/og-default.jpg","Organization WebSite BreadcrumbList","48","si","no"
"/tienda/pagina/17/","tienda-paginada","120358","Catálogo de productos promocionales — página 17 | Promocionales J&J","Catálogo de productos promocionales — página 17","https://www.promocionalesjj.co/tienda/pagina/17/","","Página 17 de 35 del catálogo de productos promocionales personalizables con tu logo para empresas en Colombia.","https://www.promocionalesjj.co/og-default.jpg","Organization WebSite BreadcrumbList","48","si","no"
"/tienda/pagina/18/","tienda-paginada","121617","Catálogo de productos promocionales — página 18 | Promocionales J&J","Catálogo de productos promocionales — página 18","https://www.promocionalesjj.co/tienda/pagina/18/","","Página 18 de 35 del catálogo de productos promocionales personalizables con tu logo para empresas en Colombia.","https://www.promocionalesjj.co/og-default.jpg","Organization WebSite BreadcrumbList","48","si","no"
"/tienda/pagina/19/","tienda-paginada","122730","Catálogo de productos promocionales — página 19 | Promocionales J&J","Catálogo de productos promocionales — página 19","https://www.promocionalesjj.co/tienda/pagina/19/","","Página 19 de 35 del catálogo de productos promocionales personalizables con tu logo para empresas en Colombia.","https://www.promocionalesjj.co/og-default.jpg","Organization WebSite BreadcrumbList","48","si","no"
"/tienda/pagina/2/","tienda-paginada","120325","Catálogo de productos promocionales — página 2 | Promocionales J&J","Catálogo de productos promocionales — página 2","https://www.promocionalesjj.co/tienda/pagina/2/","","Página 2 de 35 del catálogo de productos promocionales personalizables con tu logo para empresas en Colombia.","https://www.promocionalesjj.co/og-default.jpg","Organization WebSite BreadcrumbList","46","si","no"
"/tienda/pagina/20/","tienda-paginada","124125","Catálogo de productos promocionales — página 20 | Promocionales J&J","Catálogo de productos promocionales — página 20","https://www.promocionalesjj.co/tienda/pagina/20/","","Página 20 de 35 del catálogo de productos promocionales personalizables con tu logo para empresas en Colombia.","https://www.promocionalesjj.co/og-default.jpg","Organization WebSite BreadcrumbList","48","si","no"
"/tienda/pagina/21/","tienda-paginada","119347","Catálogo de productos promocionales — página 21 | Promocionales J&J","Catálogo de productos promocionales — página 21","https://www.promocionalesjj.co/tienda/pagina/21/","","Página 21 de 35 del catálogo de productos promocionales personalizables con tu logo para empresas en Colombia.","https://www.promocionalesjj.co/og-default.jpg","Organization WebSite BreadcrumbList","48","si","no"
"/tienda/pagina/22/","tienda-paginada","121126","Catálogo de productos promocionales — página 22 | Promocionales J&J","Catálogo de productos promocionales — página 22","https://www.promocionalesjj.co/tienda/pagina/22/","","Página 22 de 35 del catálogo de productos promocionales personalizables con tu logo para empresas en Colombia.","https://www.promocionalesjj.co/og-default.jpg","Organization WebSite BreadcrumbList","48","si","no"
"/tienda/pagina/23/","tienda-paginada","118928","Catálogo de productos promocionales — página 23 | Promocionales J&J","Catálogo de productos promocionales — página 23","https://www.promocionalesjj.co/tienda/pagina/23/","","Página 23 de 35 del catálogo de productos promocionales personalizables con tu logo para empresas en Colombia.","https://www.promocionalesjj.co/og-default.jpg","Organization WebSite BreadcrumbList","48","si","no"
"/tienda/pagina/24/","tienda-paginada","119009","Catálogo de productos promocionales — página 24 | Promocionales J&J","Catálogo de productos promocionales — página 24","https://www.promocionalesjj.co/tienda/pagina/24/","","Página 24 de 35 del catálogo de productos promocionales personalizables con tu logo para empresas en Colombia.","https://www.promocionalesjj.co/og-default.jpg","Organization WebSite BreadcrumbList","48","si","no"
"/tienda/pagina/25/","tienda-paginada","118248","Catálogo de productos promocionales — página 25 | Promocionales J&J","Catálogo de productos promocionales — página 25","https://www.promocionalesjj.co/tienda/pagina/25/","","Página 25 de 35 del catálogo de productos promocionales personalizables con tu logo para empresas en Colombia.","https://www.promocionalesjj.co/og-default.jpg","Organization WebSite BreadcrumbList","48","si","no"
"/tienda/pagina/26/","tienda-paginada","114764","Catálogo de productos promocionales — página 26 | Promocionales J&J","Catálogo de productos promocionales — página 26","https://www.promocionalesjj.co/tienda/pagina/26/","","Página 26 de 35 del catálogo de productos promocionales personalizables con tu logo para empresas en Colombia.","https://www.promocionalesjj.co/og-default.jpg","Organization WebSite BreadcrumbList","48","si","no"
"/tienda/pagina/27/","tienda-paginada","113461","Catálogo de productos promocionales — página 27 | Promocionales J&J","Catálogo de productos promocionales — página 27","https://www.promocionalesjj.co/tienda/pagina/27/","","Página 27 de 35 del catálogo de productos promocionales personalizables con tu logo para empresas en Colombia.","https://www.promocionalesjj.co/og-default.jpg","Organization WebSite BreadcrumbList","48","si","no"
"/tienda/pagina/28/","tienda-paginada","112392","Catálogo de productos promocionales — página 28 | Promocionales J&J","Catálogo de productos promocionales — página 28","https://www.promocionalesjj.co/tienda/pagina/28/","","Página 28 de 35 del catálogo de productos promocionales personalizables con tu logo para empresas en Colombia.","https://www.promocionalesjj.co/og-default.jpg","Organization WebSite BreadcrumbList","48","si","no"
"/tienda/pagina/29/","tienda-paginada","116119","Catálogo de productos promocionales — página 29 | Promocionales J&J","Catálogo de productos promocionales — página 29","https://www.promocionalesjj.co/tienda/pagina/29/","","Página 29 de 35 del catálogo de productos promocionales personalizables con tu logo para empresas en Colombia.","https://www.promocionalesjj.co/og-default.jpg","Organization WebSite BreadcrumbList","48","si","no"
"/tienda/pagina/3/","tienda-paginada","121303","Catálogo de productos promocionales — página 3 | Promocionales J&J","Catálogo de productos promocionales — página 3","https://www.promocionalesjj.co/tienda/pagina/3/","","Página 3 de 35 del catálogo de productos promocionales personalizables con tu logo para empresas en Colombia.","https://www.promocionalesjj.co/og-default.jpg","Organization WebSite BreadcrumbList","47","si","no"
"/tienda/pagina/30/","tienda-paginada","120414","Catálogo de productos promocionales — página 30 | Promocionales J&J","Catálogo de productos promocionales — página 30","https://www.promocionalesjj.co/tienda/pagina/30/","","Página 30 de 35 del catálogo de productos promocionales personalizables con tu logo para empresas en Colombia.","https://www.promocionalesjj.co/og-default.jpg","Organization WebSite BreadcrumbList","48","si","no"
"/tienda/pagina/31/","tienda-paginada","119702","Catálogo de productos promocionales — página 31 | Promocionales J&J","Catálogo de productos promocionales — página 31","https://www.promocionalesjj.co/tienda/pagina/31/","","Página 31 de 35 del catálogo de productos promocionales personalizables con tu logo para empresas en Colombia.","https://www.promocionalesjj.co/og-default.jpg","Organization WebSite BreadcrumbList","48","si","no"
"/tienda/pagina/32/","tienda-paginada","114293","Catálogo de productos promocionales — página 32 | Promocionales J&J","Catálogo de productos promocionales — página 32","https://www.promocionalesjj.co/tienda/pagina/32/","","Página 32 de 35 del catálogo de productos promocionales personalizables con tu logo para empresas en Colombia.","https://www.promocionalesjj.co/og-default.jpg","Organization WebSite BreadcrumbList","48","si","no"
"/tienda/pagina/33/","tienda-paginada","119935","Catálogo de productos promocionales — página 33 | Promocionales J&J","Catálogo de productos promocionales — página 33","https://www.promocionalesjj.co/tienda/pagina/33/","","Página 33 de 35 del catálogo de productos promocionales personalizables con tu logo para empresas en Colombia.","https://www.promocionalesjj.co/og-default.jpg","Organization WebSite BreadcrumbList","47","si","no"
"/tienda/pagina/34/","tienda-paginada","118125","Catálogo de productos promocionales — página 34 | Promocionales J&J","Catálogo de productos promocionales — página 34","https://www.promocionalesjj.co/tienda/pagina/34/","","Página 34 de 35 del catálogo de productos promocionales personalizables con tu logo para empresas en Colombia.","https://www.promocionalesjj.co/og-default.jpg","Organization WebSite BreadcrumbList","46","si","no"
"/tienda/pagina/35/","tienda-paginada","115066","Catálogo de productos promocionales — página 35 | Promocionales J&J","Catálogo de productos promocionales — página 35","https://www.promocionalesjj.co/tienda/pagina/35/","","Página 35 de 35 del catálogo de productos promocionales personalizables con tu logo para empresas en Colombia.","https://www.promocionalesjj.co/og-default.jpg","Organization WebSite BreadcrumbList","45","si","no"
"/tienda/pagina/4/","tienda-paginada","122851","Catálogo de productos promocionales — página 4 | Promocionales J&J","Catálogo de productos promocionales — página 4","https://www.promocionalesjj.co/tienda/pagina/4/","","Página 4 de 35 del catálogo de productos promocionales personalizables con tu logo para empresas en Colombia.","https://www.promocionalesjj.co/og-default.jpg","Organization WebSite BreadcrumbList","48","si","no"
"/tienda/pagina/5/","tienda-paginada","117212","Catálogo de productos promocionales — página 5 | Promocionales J&J","Catálogo de productos promocionales — página 5","https://www.promocionalesjj.co/tienda/pagina/5/","","Página 5 de 35 del catálogo de productos promocionales personalizables con tu logo para empresas en Colombia.","https://www.promocionalesjj.co/og-default.jpg","Organization WebSite BreadcrumbList","48","si","no"
"/tienda/pagina/6/","tienda-paginada","113076","Catálogo de productos promocionales — página 6 | Promocionales J&J","Catálogo de productos promocionales — página 6","https://www.promocionalesjj.co/tienda/pagina/6/","","Página 6 de 35 del catálogo de productos promocionales personalizables con tu logo para empresas en Colombia.","https://www.promocionalesjj.co/og-default.jpg","Organization WebSite BreadcrumbList","48","si","no"
"/tienda/pagina/7/","tienda-paginada","118470","Catálogo de productos promocionales — página 7 | Promocionales J&J","Catálogo de productos promocionales — página 7","https://www.promocionalesjj.co/tienda/pagina/7/","","Página 7 de 35 del catálogo de productos promocionales personalizables con tu logo para empresas en Colombia.","https://www.promocionalesjj.co/og-default.jpg","Organization WebSite BreadcrumbList","48","si","no"
"/tienda/pagina/8/","tienda-paginada","119196","Catálogo de productos promocionales — página 8 | Promocionales J&J","Catálogo de productos promocionales — página 8","https://www.promocionalesjj.co/tienda/pagina/8/","","Página 8 de 35 del catálogo de productos promocionales personalizables con tu logo para empresas en Colombia.","https://www.promocionalesjj.co/og-default.jpg","Organization WebSite BreadcrumbList","48","si","no"
"/tienda/pagina/9/","tienda-paginada","114371","Catálogo de productos promocionales — página 9 | Promocionales J&J","Catálogo de productos promocionales — página 9","https://www.promocionalesjj.co/tienda/pagina/9/","","Página 9 de 35 del catálogo de productos promocionales personalizables con tu logo para empresas en Colombia.","https://www.promocionalesjj.co/og-default.jpg","Organization WebSite BreadcrumbList","48","si","no"
"/tienda/palmer-stylus/","producto","71697","Bolígrafo metálico Palmer Stylus con logo personalizado | Promocionales J&J","Bolígrafo metálico Palmer Stylus","https://www.promocionalesjj.co/tienda/palmer-stylus/","","Bolígrafo metálico Palmer Stylus para personalizar con el logo de tu empresa. Bolígrafo metálico con stylus. Cotiza por WhatsApp.","https://www.promocionalesjj.co/img/productos/palmer-stylus.jpg","Organization WebSite Product BreadcrumbList","27","si","si"
"/tienda/paraguas-brook-ergo-27-reflectivo/","producto","73694","Paraguas Brook Ergo 27"" Reflectivo con logo personalizado | Promocionales J&J","Paraguas Brook Ergo 27"" Reflectivo","https://www.promocionalesjj.co/tienda/paraguas-brook-ergo-27-reflectivo/","","Paraguas Brook Ergo 27"" Reflectivo para personalizar con el logo de tu empresa. Poliéster pongee 190T. Cotiza por WhatsApp.","https://www.promocionalesjj.co/img/productos/paraguas-brook-ergo-27-reflectivo.jpg","Organization WebSite Product BreadcrumbList","28","si","si"
"/tienda/paraguas-golf-cuadrado-30/","producto","55899","Paraguas Golf Cuadrado 30"" con logo personalizado | Promocionales J&J","Paraguas Golf Cuadrado 30""","https://www.promocionalesjj.co/tienda/paraguas-golf-cuadrado-30/","","Paraguas Golf Cuadrado 30"" para personalizar con el logo de tu empresa. Poliéster pongee 190T. Cotiza por WhatsApp.","https://www.promocionalesjj.co/img/productos/paraguas-golf-cuadrado-30.jpg","Organization WebSite Product BreadcrumbList","23","si","si"
"/tienda/paraguas-lancelot-27/","producto","52424","Paraguas Lancelot 27"" con logo personalizado | Promocionales J&J","Paraguas Lancelot 27""","https://www.promocionalesjj.co/tienda/paraguas-lancelot-27/","","Paraguas Lancelot 27"" para personalizar con el logo de tu empresa. Poliéster pongee 190T. Cotiza por WhatsApp.","https://www.promocionalesjj.co/img/productos/paraguas-lancelot-27.jpg","Organization WebSite Product BreadcrumbList","21","si","si"
"/tienda/parrot/","producto","71986","Bolígrafo plástico Parrot con logo personalizado | Promocionales J&J","Bolígrafo plástico Parrot","https://www.promocionalesjj.co/tienda/parrot/","","Bolígrafo plástico Parrot para personalizar con el logo de tu empresa. Clip metálico. Cotiza por WhatsApp.","https://www.promocionalesjj.co/img/productos/parrot.jpg","Organization WebSite Product BreadcrumbList","27","si","si"
"/tienda/pascal-stylus-neon-4-1/","producto","74385","Bolígrafo plástico Pascal Stylus Neón 4-1 con logo personalizado | Promocionales J&J","Bolígrafo plástico Pascal Stylus Neón 4-1","https://www.promocionalesjj.co/tienda/pascal-stylus-neon-4-1/","","Bolígrafo plástico Pascal Stylus Neón 4-1 para personalizar con el logo de tu empresa. Bolígrafo plástico con stylus, resaltador de tinta y portacelular.","https://www.promocionalesjj.co/img/productos/pascal-stylus-neon-4-1.jpg","Organization WebSite Product BreadcrumbList","27","si","si"
"/tienda/pastillero-en-bambu/","producto","72490","Pastillero en Bambú con logo personalizado | Promocionales J&J","Pastillero en Bambú","https://www.promocionalesjj.co/tienda/pastillero-en-bambu/","","Pastillero en Bambú para personalizar con el logo de tu empresa. 3 divisiones internas. Marcación en láser. Cotiza por WhatsApp.","https://www.promocionalesjj.co/og-default.jpg","Organization WebSite Product BreadcrumbList","28","si","si"
"/tienda/petrus-boligrafo/","producto","70214","Bolígrafo metálico Petrus Bolígrafo con logo personalizado | Promocionales J&J","Bolígrafo metálico Petrus Bolígrafo","https://www.promocionalesjj.co/tienda/petrus-boligrafo/","","Bolígrafo metálico Petrus Bolígrafo para personalizar con el logo de tu empresa. Mecanismo twist. Cotiza por WhatsApp.","https://www.promocionalesjj.co/og-default.jpg","Organization WebSite Product BreadcrumbList","27","si","si"
"/tienda/petrus-roller/","producto","69911","Bolígrafo Petrus Roller con logo personalizado | Promocionales J&J","Bolígrafo Petrus Roller","https://www.promocionalesjj.co/tienda/petrus-roller/","","Bolígrafo Petrus Roller para personalizar con el logo de tu empresa. Bolígrafo roller metálico. Cotiza por WhatsApp.","https://www.promocionalesjj.co/og-default.jpg","Organization WebSite Product BreadcrumbList","27","si","si"
"/tienda/pila-recargable-en-bamboo-nipax-5000mah-ii/","producto","74164","Pila Recargable en Bamboo Nipax 5000Mah II con logo personalizado | Promocionales J&J","Pila Recargable en Bamboo Nipax 5000Mah II","https://www.promocionalesjj.co/tienda/pila-recargable-en-bamboo-nipax-5000mah-ii/","","Pila Recargable en Bamboo Nipax 5000Mah II para personalizar con el logo de tu empresa. Pila recargable en bamboo, 5. Cotiza por WhatsApp.","https://www.promocionalesjj.co/img/productos/pila-recargable-en-bamboo-nipax-5000mah-ii.jpg","Organization WebSite Product BreadcrumbList","28","si","si"
"/tienda/pila-recargable-kode-5000-mah-rpet/","producto","70498","Pila Recargable Kode 5000 Mah RPET con logo personalizado | Promocionales J&J","Pila Recargable Kode 5000 Mah RPET","https://www.promocionalesjj.co/tienda/pila-recargable-kode-5000-mah-rpet/","","Pila Recargable Kode 5000 Mah RPET para personalizar con el logo de tu empresa. Pila recargable en bambú y poliéster reciclado RPET de 5000 mAh.","https://www.promocionalesjj.co/og-default.jpg","Organization WebSite Product BreadcrumbList","28","si","si"
"/tienda/pitillo-reutilizable-metalico/","producto","73241","Pitillo Reutilizable Metálico con logo personalizado | Promocionales J&J","Pitillo Reutilizable Metálico","https://www.promocionalesjj.co/tienda/pitillo-reutilizable-metalico/","","Pitillo Reutilizable Metálico para personalizar con el logo de tu empresa. Cotiza por WhatsApp.","https://www.promocionalesjj.co/img/productos/pitillo-reutilizable-metalico.jpg","Organization WebSite Product BreadcrumbList","28","si","si"
"/tienda/pitillo-reutilizable-metalico-bamboo/","producto","74361","Pitillo Reutilizable Metálico Bamboo con logo personalizado | Promocionales J&J","Pitillo Reutilizable Metálico Bamboo","https://www.promocionalesjj.co/tienda/pitillo-reutilizable-metalico-bamboo/","","Pitillo Reutilizable Metálico Bamboo para personalizar con el logo de tu empresa. Cotiza por WhatsApp.","https://www.promocionalesjj.co/img/productos/pitillo-reutilizable-metalico-bamboo.jpg","Organization WebSite Product BreadcrumbList","28","si","si"
"/tienda/pitillo-reutilizable-metalico-wheat/","producto","72755","Pitillo Reutilizable Metálico Wheat con logo personalizado | Promocionales J&J","Pitillo Reutilizable Metálico Wheat","https://www.promocionalesjj.co/tienda/pitillo-reutilizable-metalico-wheat/","","Pitillo Reutilizable Metálico Wheat para personalizar con el logo de tu empresa. Cotiza por WhatsApp.","https://www.promocionalesjj.co/img/productos/pitillo-reutilizable-metalico-wheat.jpg","Organization WebSite Product BreadcrumbList","28","si","si"
"/tienda/planeador-semanal-cartoon/","producto","72302","Planeador Semanal Cartoon con logo personalizado | Promocionales J&J","Planeador Semanal Cartoon","https://www.promocionalesjj.co/tienda/planeador-semanal-cartoon/","","Planeador Semanal Cartoon para personalizar con el logo de tu empresa. Planeador con tapa dura, 52 hojas. Cotiza por WhatsApp.","https://www.promocionalesjj.co/img/productos/planeador-semanal-cartoon.jpg","Organization WebSite Product BreadcrumbList","27","si","si"
"/tienda/planeador-semanal-ecologico/","producto","72201","Planeador Semanal Ecológico con logo personalizado | Promocionales J&J","Planeador Semanal Ecológico","https://www.promocionalesjj.co/tienda/planeador-semanal-ecologico/","","Planeador Semanal Ecológico para personalizar con el logo de tu empresa. Planeador ecológico. Cotiza por WhatsApp.","https://www.promocionalesjj.co/img/productos/planeador-semanal-ecologico.jpg","Organization WebSite Product BreadcrumbList","27","si","si"
"/tienda/portaboligrafos-en-bamboo-360/","producto","74449","Portabolígrafos en Bamboo 360 con logo personalizado | Promocionales J&J","Portabolígrafos en Bamboo 360","https://www.promocionalesjj.co/tienda/portaboligrafos-en-bamboo-360/","","Portabolígrafos en Bamboo 360 para personalizar con el logo de tu empresa. Portabolígrafos giratorio de 360° en bambú, con soporte para celular.","https://www.promocionalesjj.co/img/productos/portaboligrafos-en-bamboo-360.jpg","Organization WebSite Product BreadcrumbList","28","si","si"
"/tienda/portaboligrafos-konstantin-bamboo/","producto","74543","Portabolígrafos Konstantin Bamboo con logo personalizado | Promocionales J&J","Portabolígrafos Konstantin Bamboo","https://www.promocionalesjj.co/tienda/portaboligrafos-konstantin-bamboo/","","Portabolígrafos Konstantin Bamboo para personalizar con el logo de tu empresa. Portabolígrafos en bambú con soporte para celular. Cotiza por WhatsApp.","https://www.promocionalesjj.co/img/productos/portaboligrafos-konstantin-bamboo.jpg","Organization WebSite Product BreadcrumbList","28","si","si"
"/tienda/portaboligrafos-lumi-rpet/","producto","70656","Portabolígrafos Lumi RPET con logo personalizado | Promocionales J&J","Portabolígrafos Lumi RPET","https://www.promocionalesjj.co/tienda/portaboligrafos-lumi-rpet/","","Portabolígrafos Lumi RPET para personalizar con el logo de tu empresa. Portabolígrafos en RPET reciclado y base en bambú. Cotiza por WhatsApp.","https://www.promocionalesjj.co/img/productos/portaboligrafos-lumi-rpet.jpg","Organization WebSite Product BreadcrumbList","28","si","si"
"/tienda/portabotellas-en-madera/","producto","73213","Portabotellas en Madera con logo personalizado | Promocionales J&J","Portabotellas en Madera","https://www.promocionalesjj.co/tienda/portabotellas-en-madera/","","Portabotellas en Madera para personalizar con el logo de tu empresa. Portabotellas de madera para 6 botellas de vino de 8 cm de diámetro o menor.","https://www.promocionalesjj.co/img/productos/portabotellas-en-madera.jpg","Organization WebSite Product BreadcrumbList","28","si","si"
"/tienda/portacelular-2-1-eco/","producto","70372","Portacelular 2-1 Eco con logo personalizado | Promocionales J&J","Portacelular 2-1 Eco","https://www.promocionalesjj.co/tienda/portacelular-2-1-eco/","","Portacelular 2-1 Eco para personalizar con el logo de tu empresa. Soporte para móviles con portavasos y organizador. Cotiza por WhatsApp.","https://www.promocionalesjj.co/img/productos/portacelular-2-1-eco.jpg","Organization WebSite Product BreadcrumbList","28","si","si"
"/tienda/portacomidas-albus-eco/","producto","73545","Portacomidas Albus Eco con logo personalizado | Promocionales J&J","Portacomidas Albus Eco","https://www.promocionalesjj.co/tienda/portacomidas-albus-eco/","","Portacomidas Albus Eco para personalizar con el logo de tu empresa. Portacomidas de plástico con tapa de bambú, elaborada en fibra de trigo.","https://www.promocionalesjj.co/img/productos/portacomidas-albus-eco.jpg","Organization WebSite Product BreadcrumbList","28","si","si"
"/tienda/portacomidas-anton-eco/","producto","72944","Portacomidas Anton Eco con logo personalizado | Promocionales J&J","Portacomidas Anton Eco","https://www.promocionalesjj.co/tienda/portacomidas-anton-eco/","","Portacomidas Anton Eco para personalizar con el logo de tu empresa. Cotiza por WhatsApp.","https://www.promocionalesjj.co/img/productos/portacomidas-anton-eco.jpg","Organization WebSite Product BreadcrumbList","28","si","si"
"/tienda/portacomidas-con-cubiertos-eco-nature/","producto","73709","Portacomidas con Cubiertos Eco Nature con logo personalizado | Promocionales J&J","Portacomidas con Cubiertos Eco Nature","https://www.promocionalesjj.co/tienda/portacomidas-con-cubiertos-eco-nature/","","Portacomidas con Cubiertos Eco Nature para personalizar con el logo de tu empresa. Cotiza por WhatsApp.","https://www.promocionalesjj.co/img/productos/portacomidas-con-cubiertos-eco-nature.jpg","Organization WebSite Product BreadcrumbList","28","si","si"
"/tienda/portacomidas-eco-denver/","producto","74003","Portacomidas Eco Denver con logo personalizado | Promocionales J&J","Portacomidas Eco Denver","https://www.promocionalesjj.co/tienda/portacomidas-eco-denver/","","Portacomidas Eco Denver para personalizar con el logo de tu empresa. Portacomidas de plástico de 2 compartimentos de 700 ml de capacidad cada uno.","https://www.promocionalesjj.co/img/productos/portacomidas-eco-denver.jpg","Organization WebSite Product BreadcrumbList","28","si","si"
"/tienda/portacomidas-eco-holder-antibacteriano/","producto","74283","Portacomidas Eco Holder Antibacteriano con logo personalizado | Promocionales J&J","Portacomidas Eco Holder Antibacteriano","https://www.promocionalesjj.co/tienda/portacomidas-eco-holder-antibacteriano/","","Portacomidas Eco Holder Antibacteriano para personalizar con el logo de tu empresa. Cotiza por WhatsApp.","https://www.promocionalesjj.co/img/productos/portacomidas-eco-holder-antibacteriano.jpg","Organization WebSite Product BreadcrumbList","28","si","si"
"/tienda/portacomidas-stora-eco/","producto","73244","Portacomidas Stora Eco con logo personalizado | Promocionales J&J","Portacomidas Stora Eco","https://www.promocionalesjj.co/tienda/portacomidas-stora-eco/","","Portacomidas Stora Eco para personalizar con el logo de tu empresa. Portacomidas de plástico, elaborado en fibra de trigo. Cotiza por WhatsApp.","https://www.promocionalesjj.co/img/productos/portacomidas-stora-eco.jpg","Organization WebSite Product BreadcrumbList","28","si","si"
"/tienda/portacomidas-wing-eco/","producto","71624","Portacomidas Wing Eco con logo personalizado | Promocionales J&J","Portacomidas Wing Eco","https://www.promocionalesjj.co/tienda/portacomidas-wing-eco/","","Portacomidas Wing Eco para personalizar con el logo de tu empresa. Portacomidas en trigo con tapa en bambú. Cotiza por WhatsApp.","https://www.promocionalesjj.co/img/productos/portacomidas-wing-eco.jpg","Organization WebSite Product BreadcrumbList","28","si","si"
"/tienda/portadocumentos-de-viajes-y-cables-new-rpet/","producto","74737","Portadocumentos de Viajes y Cables New RPET con logo personalizado | Promocionales J&J","Portadocumentos de Viajes y Cables New RPET","https://www.promocionalesjj.co/tienda/portadocumentos-de-viajes-y-cables-new-rpet/","","Portadocumentos de Viajes y Cables New RPET para personalizar con el logo de tu empresa. Portadocumentos en poliuretano reciclado RPET. Cotiza por WhatsApp.","https://www.promocionalesjj.co/img/productos/portadocumentos-de-viajes-y-cables-new-rpet.jpg","Organization WebSite Product BreadcrumbList","28","si","si"
"/tienda/portaidentificador-de-carnet-con-metro/","producto","74981","Portaidentificador de Carnet con Metro con logo personalizado | Promocionales J&J","Portaidentificador de Carnet con Metro","https://www.promocionalesjj.co/tienda/portaidentificador-de-carnet-con-metro/","","Portaidentificador de Carnet con Metro para personalizar con el logo de tu empresa. Plástico con metro de 1 m. Marcación en tampografía. Cotiza por WhatsApp.","https://www.promocionalesjj.co/img/productos/portaidentificador-de-carnet-con-metro.jpg","Organization WebSite Product BreadcrumbList","28","si","si"
"/tienda/portaliquido-metalico-chunky-420ml/","producto","73940","Portalíquido Metálico Chunky 420 ml con logo personalizado | Promocionales J&J","Portalíquido Metálico Chunky 420 ml","https://www.promocionalesjj.co/tienda/portaliquido-metalico-chunky-420ml/","","Portalíquido Metálico Chunky 420 ml para personalizar con el logo de tu empresa. Cotiza por WhatsApp.","https://www.promocionalesjj.co/img/productos/portaliquido-metalico-chunky-420ml.jpg","Organization WebSite Product BreadcrumbList","28","si","si"
"/tienda/portaminas-jester-coffee/","producto","72958","Portaminas Jester Coffee con logo personalizado | Promocionales J&J","Portaminas Jester Coffee","https://www.promocionalesjj.co/tienda/portaminas-jester-coffee/","","Portaminas Jester Coffee para personalizar con el logo de tu empresa. Portaminas elaborado en plástico ABS con fibra de café. Cotiza por WhatsApp.","https://www.promocionalesjj.co/img/productos/portaminas-jester-coffee.jpg","Organization WebSite Product BreadcrumbList","27","si","si"
"/tienda/portanotas-yakari/","producto","59463","Portanotas Yakari con logo personalizado | Promocionales J&J","Portanotas Yakari","https://www.promocionalesjj.co/tienda/portanotas-yakari/","","Portanotas Yakari para personalizar con el logo de tu empresa. Portanotas imantado, con mini bloc de notas de 40 hojas con rayas, mini lápiz incluido.","https://www.promocionalesjj.co/img/productos/portanotas-yakari.jpg","Organization WebSite Product BreadcrumbList","24","si","si"
"/tienda/portapapel-car/","producto","55035","Portapapel Car con logo personalizado | Promocionales J&J","Portapapel Car","https://www.promocionalesjj.co/tienda/portapapel-car/","","Portapapel Car para personalizar con el logo de tu empresa. Portapapeles / tarjetas metálicas. Cotiza por WhatsApp.","https://www.promocionalesjj.co/img/productos/portapapel-car.jpg","Organization WebSite Product BreadcrumbList","23","si","si"
"/tienda/portaretrato-verena/","producto","72564","Portaretrato Verena con logo personalizado | Promocionales J&J","Portaretrato Verena","https://www.promocionalesjj.co/tienda/portaretrato-verena/","","Portaretrato Verena para personalizar con el logo de tu empresa. Portaretrato en vidrio con base en madera. Cotiza por WhatsApp.","https://www.promocionalesjj.co/img/productos/portaretrato-verena.jpg","Organization WebSite Product BreadcrumbList","28","si","si"
"/tienda/portarretrato-cork/","producto","71376","Portarretrato Cork con logo personalizado | Promocionales J&J","Portarretrato Cork","https://www.promocionalesjj.co/tienda/portarretrato-cork/","","Portarretrato Cork para personalizar con el logo de tu empresa. Portarretrato en corcho. Cotiza por WhatsApp.","https://www.promocionalesjj.co/img/productos/portarretrato-cork.jpg","Organization WebSite Product BreadcrumbList","28","si","si"
"/tienda/portarretratro-kids/","producto","71011","Portarretrato Portarretratro Kids con logo personalizado | Promocionales J&J","Portarretrato Portarretratro Kids","https://www.promocionalesjj.co/tienda/portarretratro-kids/","","Portarretrato Portarretratro Kids para personalizar con el logo de tu empresa. Portarretrato en madera natural con diseños de animales. Cotiza por WhatsApp.","https://www.promocionalesjj.co/og-default.jpg","Organization WebSite Product BreadcrumbList","28","si","si"
"/tienda/portatarjetas-ml-275/","producto","62088","Portatarjetas Ml-275 con logo personalizado | Promocionales J&J","Portatarjetas Ml-275","https://www.promocionalesjj.co/tienda/portatarjetas-ml-275/","","Portatarjetas Ml-275 para personalizar con el logo de tu empresa. Aluminio mate. Cotiza por WhatsApp.","https://www.promocionalesjj.co/img/productos/portatarjetas-ml-275.jpg","Organization WebSite Product BreadcrumbList","25","si","si"
"/tienda/portatarjetas-ml-384/","producto","62348","Portatarjetas Ml-384 con logo personalizado | Promocionales J&J","Portatarjetas Ml-384","https://www.promocionalesjj.co/tienda/portatarjetas-ml-384/","","Portatarjetas Ml-384 para personalizar con el logo de tu empresa. Metálico con accesorios en poliuretano. Cotiza por WhatsApp.","https://www.promocionalesjj.co/img/productos/portatarjetas-ml-384.jpg","Organization WebSite Product BreadcrumbList","25","si","si"
"/tienda/portatarjetas-pop/","producto","72978","Portatarjetas Pop con logo personalizado | Promocionales J&J","Portatarjetas Pop","https://www.promocionalesjj.co/tienda/portatarjetas-pop/","","Portatarjetas Pop para personalizar con el logo de tu empresa. Portatarjetas antiestrés adhesivo para móviles. Marcación en tampografía. Cotiza por WhatsApp.","https://www.promocionalesjj.co/img/productos/portatarjetas-pop.jpg","Organization WebSite Product BreadcrumbList","28","si","si"
"/tienda/portatarjetas-pump-bamboo/","producto","72972","Portatarjetas Pump Bamboo con logo personalizado | Promocionales J&J","Portatarjetas Pump Bamboo","https://www.promocionalesjj.co/tienda/portatarjetas-pump-bamboo/","","Portatarjetas Pump Bamboo para personalizar con el logo de tu empresa. Cotiza por WhatsApp.","https://www.promocionalesjj.co/img/productos/portatarjetas-pump-bamboo.jpg","Organization WebSite Product BreadcrumbList","28","si","si"
"/tienda/portos/","producto","72438","Bolígrafo plástico Portos con logo personalizado | Promocionales J&J","Bolígrafo plástico Portos","https://www.promocionalesjj.co/tienda/portos/","","Bolígrafo plástico Portos para personalizar con el logo de tu empresa. Clip metálico. Cotiza por WhatsApp.","https://www.promocionalesjj.co/img/productos/portos.jpg","Organization WebSite Product BreadcrumbList","27","si","si"
"/tienda/puerto-usb-bamboo-spirit/","producto","72151","Puerto USB Bamboo Spirit con logo personalizado | Promocionales J&J","Puerto USB Bamboo Spirit","https://www.promocionalesjj.co/tienda/puerto-usb-bamboo-spirit/","","Puerto USB Bamboo Spirit para personalizar con el logo de tu empresa. Puerto USB en bambú. Cotiza por WhatsApp.","https://www.promocionalesjj.co/img/productos/puerto-usb-bamboo-spirit.jpg","Organization WebSite Product BreadcrumbList","27","si","si"
"/tienda/puerto-usb-casiuss-eco/","producto","72383","Puerto USB Casiuss Eco con logo personalizado | Promocionales J&J","Puerto USB Casiuss Eco","https://www.promocionalesjj.co/tienda/puerto-usb-casiuss-eco/","","Puerto USB Casiuss Eco para personalizar con el logo de tu empresa. Puerto USB en bambú con doble conexión Tipo C y USB. Cotiza por WhatsApp.","https://www.promocionalesjj.co/img/productos/puerto-usb-casiuss-eco.jpg","Organization WebSite Product BreadcrumbList","27","si","si"
"/tienda/puerto-usb-dante-eco/","producto","72477","Puerto USB Dante Eco con logo personalizado | Promocionales J&J","Puerto USB Dante Eco","https://www.promocionalesjj.co/tienda/puerto-usb-dante-eco/","","Puerto USB Dante Eco para personalizar con el logo de tu empresa. Puerto USB en bambú y acero reciclado con doble conexión Tipo C y USB. Cotiza por WhatsApp.","https://www.promocionalesjj.co/img/productos/puerto-usb-dante-eco.jpg","Organization WebSite Product BreadcrumbList","27","si","si"
"/tienda/puerto-usb-gyro/","producto","72082","Puerto USB Gyro con logo personalizado | Promocionales J&J","Puerto USB Gyro","https://www.promocionalesjj.co/tienda/puerto-usb-gyro/","","Puerto USB Gyro para personalizar con el logo de tu empresa. Puerto USB de 3 salidas 2. Cotiza por WhatsApp.","https://www.promocionalesjj.co/img/productos/puerto-usb-gyro.jpg","Organization WebSite Product BreadcrumbList","27","si","si"
"/tienda/puerto-usb-hero/","producto","72168","Puerto USB Hero con logo personalizado | Promocionales J&J","Puerto USB Hero","https://www.promocionalesjj.co/tienda/puerto-usb-hero/","","Puerto USB Hero para personalizar con el logo de tu empresa. Puerto USB plástico y bambú con doble conexión Tipo C y USB. Cotiza por WhatsApp.","https://www.promocionalesjj.co/img/productos/puerto-usb-hero.jpg","Organization WebSite Product BreadcrumbList","27","si","si"
"/tienda/puerto-usb-massimo-bamboo/","producto","72512","Puerto USB Massimo Bamboo con logo personalizado | Promocionales J&J","Puerto USB Massimo Bamboo","https://www.promocionalesjj.co/tienda/puerto-usb-massimo-bamboo/","","Puerto USB Massimo Bamboo para personalizar con el logo de tu empresa. Puerto USB en bambú con doble conexión Tipo C y USB. Cotiza por WhatsApp.","https://www.promocionalesjj.co/img/productos/puerto-usb-massimo-bamboo.jpg","Organization WebSite Product BreadcrumbList","27","si","si"
"/tienda/puerto-usb-orion-eco/","producto","72015","Puerto USB Orion Eco con logo personalizado | Promocionales J&J","Puerto USB Orion Eco","https://www.promocionalesjj.co/tienda/puerto-usb-orion-eco/","","Puerto USB Orion Eco para personalizar con el logo de tu empresa. Puerto USB en bambú. Cotiza por WhatsApp.","https://www.promocionalesjj.co/img/productos/puerto-usb-orion-eco.jpg","Organization WebSite Product BreadcrumbList","27","si","si"
"/tienda/puerto-usb-ruler-bamboo/","producto","72588","Puerto USB Ruler Bamboo con logo personalizado | Promocionales J&J","Puerto USB Ruler Bamboo","https://www.promocionalesjj.co/tienda/puerto-usb-ruler-bamboo/","","Puerto USB Ruler Bamboo para personalizar con el logo de tu empresa. Puerto USB en bambú con regla de 15 cm y soporte para celular. Cotiza por WhatsApp.","https://www.promocionalesjj.co/img/productos/puerto-usb-ruler-bamboo.jpg","Organization WebSite Product BreadcrumbList","27","si","si"
"/tienda/pvc-memoria-usb-soccer-ver-of-228-ch/","producto","74384","PVC Memoria USB Soccer (Ver Of-228-Ch) con logo personalizado | Promocionales J&J","PVC Memoria USB Soccer (Ver Of-228-Ch)","https://www.promocionalesjj.co/tienda/pvc-memoria-usb-soccer-ver-of-228-ch/","","PVC Memoria USB Soccer (Ver Of-228-Ch) para personalizar con el logo de tu empresa. USB en PVC con forma de balón. Cotiza por WhatsApp.","https://www.promocionalesjj.co/img/productos/pvc-memoria-usb-soccer-ver-of-228-ch.jpg","Organization WebSite Product BreadcrumbList","28","si","si"
"/tienda/regla-con-aluminio-30cm/","producto","73311","Regla con Aluminio 30Cm con logo personalizado | Promocionales J&J","Regla con Aluminio 30Cm","https://www.promocionalesjj.co/tienda/regla-con-aluminio-30cm/","","Regla con Aluminio 30Cm para personalizar con el logo de tu empresa. Regla en aluminio con bambú de 30 cm. Cotiza por WhatsApp.","https://www.promocionalesjj.co/img/productos/regla-con-aluminio-30cm.jpg","Organization WebSite Product BreadcrumbList","28","si","si"
"/tienda/regla-plegable-con-llavero/","producto","72269","Regla Plegable con Llavero con logo personalizado | Promocionales J&J","Regla Plegable con Llavero","https://www.promocionalesjj.co/tienda/regla-plegable-con-llavero/","","Regla Plegable con Llavero para personalizar con el logo de tu empresa. Regla plástica con llavero. Cotiza por WhatsApp.","https://www.promocionalesjj.co/img/productos/regla-plegable-con-llavero.jpg","Organization WebSite Product BreadcrumbList","27","si","si"
"/tienda/regla-pop-it/","producto","70507","Regla Pop It con logo personalizado | Promocionales J&J","Regla Pop It","https://www.promocionalesjj.co/tienda/regla-pop-it/","","Regla Pop It para personalizar con el logo de tu empresa. Regla plástica de 15 cm con burbujas antiestrés. Cotiza por WhatsApp.","https://www.promocionalesjj.co/img/productos/regla-pop-it.jpg","Organization WebSite Product BreadcrumbList","28","si","si"
"/tienda/reloj-con-cargador-inalambrico-denver/","producto","73478","Reloj con Cargador Inalámbrico Denver con logo personalizado | Promocionales J&J","Reloj con Cargador Inalámbrico Denver","https://www.promocionalesjj.co/tienda/reloj-con-cargador-inalambrico-denver/","","Reloj con Cargador Inalámbrico Denver para personalizar con el logo de tu empresa. Cargador inalámbrico en bambú de 10W o 15W. Cotiza por WhatsApp.","https://www.promocionalesjj.co/img/productos/reloj-con-cargador-inalambrico-denver.jpg","Organization WebSite Product BreadcrumbList","28","si","si"
"/tienda/reloj-con-portaboligrafo-bamboo/","producto","73294","Reloj con Portabolígrafo Bamboo con logo personalizado | Promocionales J&J","Reloj con Portabolígrafo Bamboo","https://www.promocionalesjj.co/tienda/reloj-con-portaboligrafo-bamboo/","","Reloj con Portabolígrafo Bamboo para personalizar con el logo de tu empresa. Reloj digital con portabolígrafo en bambú natural. Cotiza por WhatsApp.","https://www.promocionalesjj.co/img/productos/reloj-con-portaboligrafo-bamboo.jpg","Organization WebSite Product BreadcrumbList","28","si","si"
"/tienda/reloj-de-agua-power/","producto","72525","Reloj de Agua Power con logo personalizado | Promocionales J&J","Reloj de Agua Power","https://www.promocionalesjj.co/tienda/reloj-de-agua-power/","","Reloj de Agua Power para personalizar con el logo de tu empresa. Reloj plástico con bambú. Cotiza por WhatsApp.","https://www.promocionalesjj.co/img/productos/reloj-de-agua-power.jpg","Organization WebSite Product BreadcrumbList","28","si","si"
"/tienda/reloj-de-arena-skai-eco/","producto","72530","Reloj de Arena Skai Eco con logo personalizado | Promocionales J&J","Reloj de Arena Skai Eco","https://www.promocionalesjj.co/tienda/reloj-de-arena-skai-eco/","","Reloj de Arena Skai Eco para personalizar con el logo de tu empresa. Reloj de arena en bambú. Cotiza por WhatsApp.","https://www.promocionalesjj.co/img/productos/reloj-de-arena-skai-eco.jpg","Organization WebSite Product BreadcrumbList","28","si","si"
"/tienda/reloj-digital-bowen/","producto","72657","Reloj Digital Bowen con logo personalizado | Promocionales J&J","Reloj Digital Bowen","https://www.promocionalesjj.co/tienda/reloj-digital-bowen/","","Reloj Digital Bowen para personalizar con el logo de tu empresa. Reloj LED a prueba de agua (ip65, no sumergible). Cotiza por WhatsApp.","https://www.promocionalesjj.co/img/productos/reloj-digital-bowen.jpg","Organization WebSite Product BreadcrumbList","28","si","si"
"/tienda/reloj-lcd-bamboo/","producto","72434","Reloj LCD Bamboo con logo personalizado | Promocionales J&J","Reloj LCD Bamboo","https://www.promocionalesjj.co/tienda/reloj-lcd-bamboo/","","Reloj LCD Bamboo para personalizar con el logo de tu empresa. Reloj digital en bambú natural. Cotiza por WhatsApp.","https://www.promocionalesjj.co/img/productos/reloj-lcd-bamboo.jpg","Organization WebSite Product BreadcrumbList","28","si","si"
"/tienda/reloj-portaboligrafo-crystal-bamboo/","producto","73797","Reloj Portabolígrafo Crystal Bamboo con logo personalizado | Promocionales J&J","Reloj Portabolígrafo Crystal Bamboo","https://www.promocionalesjj.co/tienda/reloj-portaboligrafo-crystal-bamboo/","","Reloj Portabolígrafo Crystal Bamboo para personalizar con el logo de tu empresa. Reloj porta bolígrafo plástico digital con parte frontal en bambú.","https://www.promocionalesjj.co/img/productos/reloj-portaboligrafo-crystal-bamboo.jpg","Organization WebSite Product BreadcrumbList","28","si","si"
"/tienda/reloj-portaboligrafos-cork/","producto","73442","Reloj Portabolígrafos Cork con logo personalizado | Promocionales J&J","Reloj Portabolígrafos Cork","https://www.promocionalesjj.co/tienda/reloj-portaboligrafos-cork/","","Reloj Portabolígrafos Cork para personalizar con el logo de tu empresa. Reloj portabolígrafo plástico digital elaborado en corcho. Cotiza por WhatsApp.","https://www.promocionalesjj.co/img/productos/reloj-portaboligrafos-cork.jpg","Organization WebSite Product BreadcrumbList","28","si","si"
"/tienda/reloj-wall-bamboo/","producto","72694","Reloj Wall Bamboo con logo personalizado | Promocionales J&J","Reloj Wall Bamboo","https://www.promocionalesjj.co/tienda/reloj-wall-bamboo/","","Reloj Wall Bamboo para personalizar con el logo de tu empresa. Reloj de pared en bambú. Cotiza por WhatsApp.","https://www.promocionalesjj.co/img/productos/reloj-wall-bamboo.jpg","Organization WebSite Product BreadcrumbList","28","si","si"
"/tienda/resaltador-de-cera-fiona/","producto","73176","Resaltador de Cera Fiona con logo personalizado | Promocionales J&J","Resaltador de Cera Fiona","https://www.promocionalesjj.co/tienda/resaltador-de-cera-fiona/","","Resaltador de Cera Fiona para personalizar con el logo de tu empresa. Resaltador en cera. Cotiza por WhatsApp.","https://www.promocionalesjj.co/img/productos/resaltador-de-cera-fiona.jpg","Organization WebSite Product BreadcrumbList","27","si","si"
"/tienda/resaltador-de-cera-seren/","producto","71326","Resaltador de Cera Seren con logo personalizado | Promocionales J&J","Resaltador de Cera Seren","https://www.promocionalesjj.co/tienda/resaltador-de-cera-seren/","","Resaltador de Cera Seren para personalizar con el logo de tu empresa. Resaltador plástico en cera. Cotiza por WhatsApp.","https://www.promocionalesjj.co/og-default.jpg","Organization WebSite Product BreadcrumbList","27","si","si"
"/tienda/resaltador-en-cera-adam/","producto","73052","Resaltador en Cera Adam con logo personalizado | Promocionales J&J","Resaltador en Cera Adam","https://www.promocionalesjj.co/tienda/resaltador-en-cera-adam/","","Resaltador en Cera Adam para personalizar con el logo de tu empresa. Mini resaltador plástico en cera. Cotiza por WhatsApp.","https://www.promocionalesjj.co/img/productos/resaltador-en-cera-adam.jpg","Organization WebSite Product BreadcrumbList","27","si","si"
"/tienda/resaltador-jeringa/","producto","73675","Resaltador Jeringa (ref. OF-706) con logo personalizado | Promocionales J&J","Resaltador Jeringa (ref. OF-706)","https://www.promocionalesjj.co/tienda/resaltador-jeringa/","","Resaltador Jeringa para personalizar con el logo de tu empresa. Resaltador de tinta con bolígrafo. Cotiza por WhatsApp.","https://www.promocionalesjj.co/img/productos/resaltador-jeringa.jpg","Organization WebSite Product BreadcrumbList","27","si","si"
"/tienda/resaltador-jeringa-of-739/","producto","71956","Resaltador Jeringa (ref. OF-739) con logo personalizado | Promocionales J&J","Resaltador Jeringa (ref. OF-739)","https://www.promocionalesjj.co/tienda/resaltador-jeringa-of-739/","","Resaltador Jeringa para personalizar con el logo de tu empresa. Resaltador de tinta. Cotiza por WhatsApp.","https://www.promocionalesjj.co/og-default.jpg","Organization WebSite Product BreadcrumbList","27","si","si"
"/tienda/resaltador-magico-de-cera-triangulo/","producto","73633","Resaltador Magico de Cera Triángulo con logo personalizado | Promocionales J&J","Resaltador Magico de Cera Triángulo","https://www.promocionalesjj.co/tienda/resaltador-magico-de-cera-triangulo/","","Resaltador Magico de Cera Triángulo para personalizar con el logo de tu empresa. En plástico, 3 resaltadores en cera. Cotiza por WhatsApp.","https://www.promocionalesjj.co/img/productos/resaltador-magico-de-cera-triangulo.jpg","Organization WebSite Product BreadcrumbList","27","si","si"
"/tienda/resaltador-magico-en-cera/","producto","73008","Resaltador Magico en Cera con logo personalizado | Promocionales J&J","Resaltador Magico en Cera","https://www.promocionalesjj.co/tienda/resaltador-magico-en-cera/","","Resaltador Magico en Cera para personalizar con el logo de tu empresa. Resaltador plástico. Cotiza por WhatsApp.","https://www.promocionalesjj.co/img/productos/resaltador-magico-en-cera.jpg","Organization WebSite Product BreadcrumbList","27","si","si"
"/tienda/resaltador-magico-en-cera-flower-4-colores/","producto","74018","Resaltador Magico en Cera Flower - 4 Colores con logo personalizado | Promocionales J&J","Resaltador Magico en Cera Flower - 4 Colores","https://www.promocionalesjj.co/tienda/resaltador-magico-en-cera-flower-4-colores/","","Resaltador Magico en Cera Flower - 4 Colores para personalizar con el logo de tu empresa. En plástico con 4 resaltadores de cera en colores.","https://www.promocionalesjj.co/img/productos/resaltador-magico-en-cera-flower-4-colores.jpg","Organization WebSite Product BreadcrumbList","27","si","si"
"/tienda/resaltador-raff-rpet/","producto","73109","Resaltador Raff RPET con logo personalizado | Promocionales J&J","Resaltador Raff RPET","https://www.promocionalesjj.co/tienda/resaltador-raff-rpet/","","Resaltador Raff RPET para personalizar con el logo de tu empresa. Resaltador plástico de tinta con tapa. Cotiza por WhatsApp.","https://www.promocionalesjj.co/img/productos/resaltador-raff-rpet.jpg","Organization WebSite Product BreadcrumbList","27","si","si"
"/tienda/resaltador-raff-rpet-ii/","producto","73611","Resaltador Raff RPET II con logo personalizado | Promocionales J&J","Resaltador Raff RPET II","https://www.promocionalesjj.co/tienda/resaltador-raff-rpet-ii/","","Resaltador Raff RPET II para personalizar con el logo de tu empresa. Resaltador plástico reciclado RPET de tinta con tapa. Cotiza por WhatsApp.","https://www.promocionalesjj.co/img/productos/resaltador-raff-rpet-ii.jpg","Organization WebSite Product BreadcrumbList","27","si","si"
"/tienda/resaltador-relaxy/","producto","73375","Resaltador Relaxy con logo personalizado | Promocionales J&J","Resaltador Relaxy","https://www.promocionalesjj.co/tienda/resaltador-relaxy/","","Resaltador Relaxy para personalizar con el logo de tu empresa. Resaltador plástico de tinta, con mini bola antiestrés. Cotiza por WhatsApp.","https://www.promocionalesjj.co/img/productos/resaltador-relaxy.jpg","Organization WebSite Product BreadcrumbList","27","si","si"
"/tienda/resaltador-round-eco/","producto","73591","Resaltador Round Eco con logo personalizado | Promocionales J&J","Resaltador Round Eco","https://www.promocionalesjj.co/tienda/resaltador-round-eco/","","Resaltador Round Eco para personalizar con el logo de tu empresa. Set de 3 resaltadores en fibra de bambú. Cotiza por WhatsApp.","https://www.promocionalesjj.co/img/productos/resaltador-round-eco.jpg","Organization WebSite Product BreadcrumbList","27","si","si"
"/tienda/resaltador-triangulo-eco-nuevo/","producto","74757","Resaltador Triángulo Eco Nuevo con logo personalizado | Promocionales J&J","Resaltador Triángulo Eco Nuevo","https://www.promocionalesjj.co/tienda/resaltador-triangulo-eco-nuevo/","","Resaltador Triángulo Eco Nuevo para personalizar con el logo de tu empresa. Set de 3 resaltadores en tinta con material ecológico en fibra de trigo.","https://www.promocionalesjj.co/img/productos/resaltador-triangulo-eco-nuevo.jpg","Organization WebSite Product BreadcrumbList","27","si","si"
"/tienda/resaltador-triple/","producto","73255","Resaltador Triple con logo personalizado | Promocionales J&J","Resaltador Triple","https://www.promocionalesjj.co/tienda/resaltador-triple/","","Resaltador Triple para personalizar con el logo de tu empresa. Resaltador plástico con 3 tintas diferentes. Cotiza por WhatsApp.","https://www.promocionalesjj.co/img/productos/resaltador-triple.jpg","Organization WebSite Product BreadcrumbList","27","si","si"
"/tienda/resaltador-winston/","producto","74441","Resaltador Winston con logo personalizado | Promocionales J&J","Resaltador Winston","https://www.promocionalesjj.co/tienda/resaltador-winston/","","Resaltador Winston para personalizar con el logo de tu empresa. Resaltador plástico de tinta con tapa Mecanismo push. Marcación en tampografía.","https://www.promocionalesjj.co/img/productos/resaltador-winston.jpg","Organization WebSite Product BreadcrumbList","27","si","si"
"/tienda/roller-nimbus/","producto","70152","Roller Nimbus con logo personalizado | Promocionales J&J","Roller Nimbus","https://www.promocionalesjj.co/tienda/roller-nimbus/","","Roller Nimbus para personalizar con el logo de tu empresa. Bolígrafo plástico tipo roller con stylus. Cotiza por WhatsApp.","https://www.promocionalesjj.co/og-default.jpg","Organization WebSite Product BreadcrumbList","27","si","si"
"/tienda/set-alter-boligrafo-y-portaminas/","producto","74564","Set Alter Bolígrafo y Portaminas con logo personalizado | Promocionales J&J","Set Alter Bolígrafo y Portaminas","https://www.promocionalesjj.co/tienda/set-alter-boligrafo-y-portaminas/","","Set Alter Bolígrafo y Portaminas para personalizar con el logo de tu empresa. Set de bolígrafo y portaminas plásticos en estuche plástico.","https://www.promocionalesjj.co/img/productos/set-alter-boligrafo-y-portaminas.jpg","Organization WebSite Product BreadcrumbList","27","si","si"
"/tienda/set-bbq-bamboo/","producto","72358","Set Bbq Bamboo con logo personalizado | Promocionales J&J","Set Bbq Bamboo","https://www.promocionalesjj.co/tienda/set-bbq-bamboo/","","Set Bbq Bamboo para personalizar con el logo de tu empresa. Caja de bambú con trinche, espátula y pinzas. Marcación en láser. Cotiza por WhatsApp.","https://www.promocionalesjj.co/img/productos/set-bbq-bamboo.jpg","Organization WebSite Product BreadcrumbList","28","si","si"
"/tienda/set-boligrafo-y-portaminas-bamboo/","producto","74020","Set Bolígrafo y Portaminas Bamboo con logo personalizado | Promocionales J&J","Set Bolígrafo y Portaminas Bamboo","https://www.promocionalesjj.co/tienda/set-boligrafo-y-portaminas-bamboo/","","Set Bolígrafo y Portaminas Bamboo para personalizar con el logo de tu empresa. Set Bolígrafo y Portaminas (mina 0. Cotiza por WhatsApp.","https://www.promocionalesjj.co/img/productos/set-boligrafo-y-portaminas-bamboo.jpg","Organization WebSite Product BreadcrumbList","27","si","si"
"/tienda/set-boligrafo-y-portaminas-dakota-eco/","producto","74076","Set Bolígrafo y Portaminas Dakota Eco con logo personalizado | Promocionales J&J","Set Bolígrafo y Portaminas Dakota Eco","https://www.promocionalesjj.co/tienda/set-boligrafo-y-portaminas-dakota-eco/","","Set Bolígrafo y Portaminas Dakota Eco para personalizar con el logo de tu empresa. Set Bolígrafo y Portaminas (mina 0. Cotiza por WhatsApp.","https://www.promocionalesjj.co/img/productos/set-boligrafo-y-portaminas-dakota-eco.jpg","Organization WebSite Product BreadcrumbList","27","si","si"
"/tienda/set-carlson-eco/","producto","71781","Set Carlson Eco con logo personalizado | Promocionales J&J","Set Carlson Eco","https://www.promocionalesjj.co/tienda/set-carlson-eco/","","Set Carlson Eco para personalizar con el logo de tu empresa. Set en corcho de libreta de 21 cm x 14. Cotiza por WhatsApp.","https://www.promocionalesjj.co/img/productos/set-carlson-eco.jpg","Organization WebSite Product BreadcrumbList","28","si","si"
"/tienda/set-cyrus-eco/","producto","72638","Set Cyrus Eco con logo personalizado | Promocionales J&J","Set Cyrus Eco","https://www.promocionalesjj.co/tienda/set-cyrus-eco/","","Set Cyrus Eco para personalizar con el logo de tu empresa. Set escolar ecológico. Cotiza por WhatsApp.","https://www.promocionalesjj.co/img/productos/set-cyrus-eco.jpg","Organization WebSite Product BreadcrumbList","27","si","si"
"/tienda/set-de-12-colores-eco-kraft/","producto","72429","Set de 12 Colores Eco Kraft con logo personalizado | Promocionales J&J","Set de 12 Colores Eco Kraft","https://www.promocionalesjj.co/tienda/set-de-12-colores-eco-kraft/","","Set de 12 Colores Eco Kraft para personalizar con el logo de tu empresa. Estuche de cartón con 12 colores redondos de mina de 2,8 mm. Cotiza por WhatsApp.","https://www.promocionalesjj.co/img/productos/set-de-12-colores-eco-kraft.jpg","Organization WebSite Product BreadcrumbList","28","si","si"
"/tienda/set-de-2-utensilios-para-queso-book/","producto","74694","Set de 2 Utensilios para Queso Book con logo personalizado | Promocionales J&J","Set de 2 Utensilios para Queso Book","https://www.promocionalesjj.co/tienda/set-de-2-utensilios-para-queso-book/","","Set de 2 Utensilios para Queso Book para personalizar con el logo de tu empresa. Marcación en tampografía. Cotiza por WhatsApp.","https://www.promocionalesjj.co/img/productos/set-de-2-utensilios-para-queso-book.jpg","Organization WebSite Product BreadcrumbList","28","si","si"
"/tienda/set-de-bandas-elasticas/","producto","74531","Set de Bandas Elasticas con logo personalizado | Promocionales J&J","Set de Bandas Elasticas","https://www.promocionalesjj.co/tienda/set-de-bandas-elasticas/","","Set de Bandas Elasticas para personalizar con el logo de tu empresa. Juego de bandas elasticas y pasadores plasticos en estuche metálico. Cotiza por WhatsApp.","https://www.promocionalesjj.co/img/productos/set-de-bandas-elasticas.jpg","Organization WebSite Product BreadcrumbList","28","si","si"
"/tienda/set-de-bar-benson/","producto","72448","Set de Bar Benson con logo personalizado | Promocionales J&J","Set de Bar Benson","https://www.promocionalesjj.co/tienda/set-de-bar-benson/","","Set de Bar Benson para personalizar con el logo de tu empresa. Cotiza por WhatsApp.","https://www.promocionalesjj.co/img/productos/set-de-bar-benson.jpg","Organization WebSite Product BreadcrumbList","28","si","si"
"/tienda/set-de-bar-martini/","producto","72919","Set de Bar Martini con logo personalizado | Promocionales J&J","Set de Bar Martini","https://www.promocionalesjj.co/tienda/set-de-bar-martini/","","Set de Bar Martini para personalizar con el logo de tu empresa. Set para cócteles en acero inoxidable, mezclador de 750 ml de capacidad con base de madera.","https://www.promocionalesjj.co/img/productos/set-de-bar-martini.jpg","Organization WebSite Product BreadcrumbList","28","si","si"
"/tienda/set-de-bar-y-portavino-cork/","producto","72578","Set de Bar y Portavino Cork con logo personalizado | Promocionales J&J","Set de Bar y Portavino Cork","https://www.promocionalesjj.co/tienda/set-de-bar-y-portavino-cork/","","Set de Bar y Portavino Cork para personalizar con el logo de tu empresa. Cotiza por WhatsApp.","https://www.promocionalesjj.co/img/productos/set-de-bar-y-portavino-cork.jpg","Organization WebSite Product BreadcrumbList","28","si","si"
"/tienda/set-de-bar-y-portavino-ii/","producto","72504","Set de Bar y Portavino II con logo personalizado | Promocionales J&J","Set de Bar y Portavino II","https://www.promocionalesjj.co/tienda/set-de-bar-y-portavino-ii/","","Set de Bar y Portavino II para personalizar con el logo de tu empresa. Cotiza por WhatsApp.","https://www.promocionalesjj.co/img/productos/set-de-bar-y-portavino-ii.jpg","Organization WebSite Product BreadcrumbList","28","si","si"
"/tienda/set-de-boligrafo-y-portaminas-leland-cork/","producto","75137","Set de Bolígrafo y Portaminas Leland Cork con logo personalizado | Promocionales J&J","Set de Bolígrafo y Portaminas Leland Cork","https://www.promocionalesjj.co/tienda/set-de-boligrafo-y-portaminas-leland-cork/","","Set de Bolígrafo y Portaminas Leland Cork para personalizar con el logo de tu empresa. Set Bolígrafo y Portaminas (mina 0. Cotiza por WhatsApp.","https://www.promocionalesjj.co/img/productos/set-de-boligrafo-y-portaminas-leland-cork.jpg","Organization WebSite Product BreadcrumbList","27","si","si"
"/tienda/set-de-boligrafo-y-portaminas-stanley/","producto","75019","Set de Bolígrafo y Portaminas Stanley con logo personalizado | Promocionales J&J","Set de Bolígrafo y Portaminas Stanley","https://www.promocionalesjj.co/tienda/set-de-boligrafo-y-portaminas-stanley/","","Set de Bolígrafo y Portaminas Stanley para personalizar con el logo de tu empresa. Cotiza por WhatsApp.","https://www.promocionalesjj.co/img/productos/set-de-boligrafo-y-portaminas-stanley.jpg","Organization WebSite Product BreadcrumbList","27","si","si"
"/tienda/set-de-boligrafos-baltimore-vinga-eco/","producto","73725","Set de Bolígrafos Baltimore Vinga Eco con logo personalizado | Promocionales J&J","Set de Bolígrafos Baltimore Vinga Eco","https://www.promocionalesjj.co/tienda/set-de-boligrafos-baltimore-vinga-eco/","","Set de Bolígrafos Baltimore Vinga Eco para personalizar con el logo de tu empresa. Cotiza por WhatsApp.","https://www.promocionalesjj.co/img/productos/set-de-boligrafos-baltimore-vinga-eco.jpg","Organization WebSite Product BreadcrumbList","27","si","si"
"/tienda/set-de-boligrafos-cork/","producto","73971","Set de Bolígrafos Cork con logo personalizado | Promocionales J&J","Set de Bolígrafos Cork","https://www.promocionalesjj.co/tienda/set-de-boligrafos-cork/","","Set de Bolígrafos Cork para personalizar con el logo de tu empresa. Set de bolígrafo y roller con partes en corcho en caja de corcho. Cotiza por WhatsApp.","https://www.promocionalesjj.co/img/productos/set-de-boligrafos-cork.jpg","Organization WebSite Product BreadcrumbList","27","si","si"
"/tienda/set-de-boligrafos-emblem/","producto","73366","Set de Bolígrafos Emblem con logo personalizado | Promocionales J&J","Set de Bolígrafos Emblem","https://www.promocionalesjj.co/tienda/set-de-boligrafos-emblem/","","Set de Bolígrafos Emblem para personalizar con el logo de tu empresa. Set de bolígrafos metálicos tipo roller y mecanismo twist. Cotiza por WhatsApp.","https://www.promocionalesjj.co/img/productos/set-de-boligrafos-emblem.jpg","Organization WebSite Product BreadcrumbList","27","si","si"
"/tienda/set-de-boligrafos-flock/","producto","75173","Set de Bolígrafos Flock con logo personalizado | Promocionales J&J","Set de Bolígrafos Flock","https://www.promocionalesjj.co/tienda/set-de-boligrafos-flock/","","Set de Bolígrafos Flock para personalizar con el logo de tu empresa. Marcación en tampografía. Cotiza por WhatsApp.","https://www.promocionalesjj.co/img/productos/set-de-boligrafos-flock.jpg","Organization WebSite Product BreadcrumbList","27","si","si"
"/tienda/set-de-boligrafos-swisspeak-luzern/","producto","74338","Set de Bolígrafos Swisspeak Luzern con logo personalizado | Promocionales J&J","Set de Bolígrafos Swisspeak Luzern","https://www.promocionalesjj.co/tienda/set-de-boligrafos-swisspeak-luzern/","","Set de Bolígrafos Swisspeak Luzern para personalizar con el logo de tu empresa. Set de bolígrafo con tinta alemana y portaminas 0. Cotiza por WhatsApp.","https://www.promocionalesjj.co/img/productos/set-de-boligrafos-swisspeak-luzern.jpg","Organization WebSite Product BreadcrumbList","27","si","si"
"/tienda/set-de-boligrafos-vector/","producto","73132","Set de Bolígrafos Vector con logo personalizado | Promocionales J&J","Set de Bolígrafos Vector","https://www.promocionalesjj.co/tienda/set-de-boligrafos-vector/","","Set de Bolígrafos Vector para personalizar con el logo de tu empresa. Cotiza por WhatsApp.","https://www.promocionalesjj.co/img/productos/set-de-boligrafos-vector.jpg","Organization WebSite Product BreadcrumbList","27","si","si"
"/tienda/set-de-bomba-de-vacio/","producto","72707","Set de Bomba de Vacío con logo personalizado | Promocionales J&J","Set de Bomba de Vacío","https://www.promocionalesjj.co/tienda/set-de-bomba-de-vacio/","","Set de Bomba de Vacío para personalizar con el logo de tu empresa. Cotiza por WhatsApp.","https://www.promocionalesjj.co/img/productos/set-de-bomba-de-vacio.jpg","Organization WebSite Product BreadcrumbList","28","si","si"
"/tienda/set-de-brochas-cayden/","producto","69936","Set de Brochas Cayden con logo personalizado | Promocionales J&J","Set de Brochas Cayden","https://www.promocionalesjj.co/tienda/set-de-brochas-cayden/","","Set de Brochas Cayden para personalizar con el logo de tu empresa. Set de 6 brochas para maquillaje en plástico ecológico de trigo. Cotiza por WhatsApp.","https://www.promocionalesjj.co/img/productos/set-de-brochas-cayden.jpg","Organization WebSite Product BreadcrumbList","28","si","si"
"/tienda/set-de-cafe-eco/","producto","73127","Set de Café Eco con logo personalizado | Promocionales J&J","Set de Café Eco","https://www.promocionalesjj.co/tienda/set-de-cafe-eco/","","Set de Café Eco para personalizar con el logo de tu empresa. Set elaborado con un porcentaje de material ecológico: 60% ABS, 40% fibra de café.","https://www.promocionalesjj.co/img/productos/set-de-cafe-eco.jpg","Organization WebSite Product BreadcrumbList","27","si","si"
"/tienda/set-de-carro-universal-ii/","producto","74414","Set de Carro Universal II con logo personalizado | Promocionales J&J","Set de Carro Universal II","https://www.promocionalesjj.co/tienda/set-de-carro-universal-ii/","","Set de Carro Universal II para personalizar con el logo de tu empresa. Cotiza por WhatsApp.","https://www.promocionalesjj.co/img/productos/set-de-carro-universal-ii.jpg","Organization WebSite Product BreadcrumbList","28","si","si"
"/tienda/set-de-cartas-eco/","producto","73129","Set de Cartas Eco con logo personalizado | Promocionales J&J","Set de Cartas Eco","https://www.promocionalesjj.co/tienda/set-de-cartas-eco/","","Set de Cartas Eco para personalizar con el logo de tu empresa. Set de baraja de cartas en papel Kraft reciclado. Cotiza por WhatsApp.","https://www.promocionalesjj.co/img/productos/set-de-cartas-eco.jpg","Organization WebSite Product BreadcrumbList","28","si","si"
"/tienda/set-de-clips-cork/","producto","70255","Set de Clips Cork con logo personalizado | Promocionales J&J","Set de Clips Cork","https://www.promocionalesjj.co/tienda/set-de-clips-cork/","","Set de Clips Cork para personalizar con el logo de tu empresa. Set con clips en estuche de vidrio con tapa de corcho, con original diseño vintage.","https://www.promocionalesjj.co/img/productos/set-de-clips-cork.jpg","Organization WebSite Product BreadcrumbList","28","si","si"
"/tienda/set-de-cocina-trattoria/","producto","68343","Set de Cocina Trattoria con logo personalizado | Promocionales J&J","Set de Cocina Trattoria","https://www.promocionalesjj.co/tienda/set-de-cocina-trattoria/","","Set de Cocina Trattoria para personalizar con el logo de tu empresa. Set de cocina en madera con bolsa de algodón. Cotiza por WhatsApp.","https://www.promocionalesjj.co/img/productos/set-de-cocina-trattoria.jpg","Organization WebSite Product BreadcrumbList","28","si","si"
"/tienda/set-de-colores-cartoon/","producto","68661","Set de Colores Cartoon con logo personalizado | Promocionales J&J","Set de Colores Cartoon","https://www.promocionalesjj.co/tienda/set-de-colores-cartoon/","","Set de Colores Cartoon para personalizar con el logo de tu empresa. Estuche de cartón con 15 colores, regla de madera 16 cm, sacapuntas de madera y borrador.","https://www.promocionalesjj.co/og-default.jpg","Organization WebSite Product BreadcrumbList","28","si","si"
"/tienda/set-de-colores-figgy/","producto","74342","Set de Colores Figgy con logo personalizado | Promocionales J&J","Set de Colores Figgy","https://www.promocionalesjj.co/tienda/set-de-colores-figgy/","","Set de Colores Figgy para personalizar con el logo de tu empresa. Set de 6 colores con block impreso para colorear y tajalápiz plástico. Cotiza por WhatsApp.","https://www.promocionalesjj.co/img/productos/set-de-colores-figgy.jpg","Organization WebSite Product BreadcrumbList","27","si","si"
"/tienda/set-de-colores-smile/","producto","72710","Set de Colores Smile con logo personalizado | Promocionales J&J","Set de Colores Smile","https://www.promocionalesjj.co/tienda/set-de-colores-smile/","","Set de Colores Smile para personalizar con el logo de tu empresa. Estuche de cartón con 24 colores, tajalápiz plástico y borrador. Cotiza por WhatsApp.","https://www.promocionalesjj.co/og-default.jpg","Organization WebSite Product BreadcrumbList","27","si","si"
"/tienda/set-de-colores-x-6/","producto","71555","Set de Colores x 6 con logo personalizado | Promocionales J&J","Set de Colores x 6","https://www.promocionalesjj.co/tienda/set-de-colores-x-6/","","Set de Colores x 6 para personalizar con el logo de tu empresa. Estuche de cartón con 6 colores. Marcación en tampografía. Cotiza por WhatsApp.","https://www.promocionalesjj.co/og-default.jpg","Organization WebSite Product BreadcrumbList","28","si","si"
"/tienda/set-de-colores-y-crayolas-gavino/","producto","72739","Set de Colores y Crayolas Gavino con logo personalizado | Promocionales J&J","Set de Colores y Crayolas Gavino","https://www.promocionalesjj.co/tienda/set-de-colores-y-crayolas-gavino/","","Set de Colores y Crayolas Gavino para personalizar con el logo de tu empresa. Estuche en cartón reciclable, con 10 colores y 9 crayolas. Cotiza por WhatsApp.","https://www.promocionalesjj.co/img/productos/set-de-colores-y-crayolas-gavino.jpg","Organization WebSite Product BreadcrumbList","28","si","si"
"/tienda/set-de-crayolas-infant/","producto","73691","Set de Crayolas Infant con logo personalizado | Promocionales J&J","Set de Crayolas Infant","https://www.promocionalesjj.co/tienda/set-de-crayolas-infant/","","Set de Crayolas Infant para personalizar con el logo de tu empresa. Estuche de cartón reciclable con 11 crayolas en colores surtidos y papel para colorear.","https://www.promocionalesjj.co/img/productos/set-de-crayolas-infant.jpg","Organization WebSite Product BreadcrumbList","27","si","si"
"/tienda/set-de-crayolas-x-6/","producto","72862","Set de Crayolas x 6 con logo personalizado | Promocionales J&J","Set de Crayolas x 6","https://www.promocionalesjj.co/tienda/set-de-crayolas-x-6/","","Set de Crayolas x 6 para personalizar con el logo de tu empresa. Estuche de cartón reciclable con 6 crayolas en colores surtidos. Marcación en tampografía.","https://www.promocionalesjj.co/og-default.jpg","Organization WebSite Product BreadcrumbList","27","si","si"
"/tienda/set-de-cubiertos-bamboo/","producto","71999","Set de Cubiertos Bamboo con logo personalizado | Promocionales J&J","Set de Cubiertos Bamboo","https://www.promocionalesjj.co/tienda/set-de-cubiertos-bamboo/","","Set de Cubiertos Bamboo para personalizar con el logo de tu empresa. Cotiza por WhatsApp.","https://www.promocionalesjj.co/img/productos/set-de-cubiertos-bamboo.jpg","Organization WebSite Product BreadcrumbList","28","si","si"
"/tienda/set-de-cubiertos-camping/","producto","67839","Set de Cubiertos Camping con logo personalizado | Promocionales J&J","Set de Cubiertos Camping","https://www.promocionalesjj.co/tienda/set-de-cubiertos-camping/","","Set de Cubiertos Camping para personalizar con el logo de tu empresa. Set de cubiertos multifuncional de 6 funciones. Cotiza por WhatsApp.","https://www.promocionalesjj.co/img/productos/set-de-cubiertos-camping.jpg","Organization WebSite Product BreadcrumbList","28","si","si"
"/tienda/set-de-cubiertos-craft/","producto","67491","Set de Cubiertos Craft con logo personalizado | Promocionales J&J","Set de Cubiertos Craft","https://www.promocionalesjj.co/tienda/set-de-cubiertos-craft/","","Set de Cubiertos Craft para personalizar con el logo de tu empresa. Cotiza por WhatsApp.","https://www.promocionalesjj.co/og-default.jpg","Organization WebSite Product BreadcrumbList","28","si","si"
"/tienda/set-de-cubiertos-dimitri/","producto","71899","Set de Cubiertos Dimitri con logo personalizado | Promocionales J&J","Set de Cubiertos Dimitri","https://www.promocionalesjj.co/tienda/set-de-cubiertos-dimitri/","","Set de Cubiertos Dimitri para personalizar con el logo de tu empresa. En polipropileno. Cotiza por WhatsApp.","https://www.promocionalesjj.co/img/productos/set-de-cubiertos-dimitri.jpg","Organization WebSite Product BreadcrumbList","28","si","si"
"/tienda/set-de-cubiertos-natura-eco/","producto","72194","Set de Cubiertos Natura Eco con logo personalizado | Promocionales J&J","Set de Cubiertos Natura Eco","https://www.promocionalesjj.co/tienda/set-de-cubiertos-natura-eco/","","Set de Cubiertos Natura Eco para personalizar con el logo de tu empresa. Cotiza por WhatsApp.","https://www.promocionalesjj.co/img/productos/set-de-cubiertos-natura-eco.jpg","Organization WebSite Product BreadcrumbList","28","si","si"
"/tienda/set-de-destornilladores-con-luz-car/","producto","74337","Set de Destornilladores con Luz Car con logo personalizado | Promocionales J&J","Set de Destornilladores con Luz Car","https://www.promocionalesjj.co/tienda/set-de-destornilladores-con-luz-car/","","Set de Destornilladores con Luz Car para personalizar con el logo de tu empresa. Cotiza por WhatsApp.","https://www.promocionalesjj.co/img/productos/set-de-destornilladores-con-luz-car.jpg","Organization WebSite Product BreadcrumbList","28","si","si"
"/tienda/set-de-destornilladores-diplo/","producto","74384","Set de Destornilladores Diplo con logo personalizado | Promocionales J&J","Set de Destornilladores Diplo","https://www.promocionalesjj.co/tienda/set-de-destornilladores-diplo/","","Set de Destornilladores Diplo para personalizar con el logo de tu empresa. Set de destornilladores de 9 piezas en estuche plástico. Cotiza por WhatsApp.","https://www.promocionalesjj.co/img/productos/set-de-destornilladores-diplo.jpg","Organization WebSite Product BreadcrumbList","28","si","si"
"/tienda/set-de-destornilladores-everest/","producto","74951","Set de Destornilladores Everest con logo personalizado | Promocionales J&J","Set de Destornilladores Everest","https://www.promocionalesjj.co/tienda/set-de-destornilladores-everest/","","Set de Destornilladores Everest para personalizar con el logo de tu empresa. Set de destornilladores metálicos con carabinero. Cotiza por WhatsApp.","https://www.promocionalesjj.co/img/productos/set-de-destornilladores-everest.jpg","Organization WebSite Product BreadcrumbList","28","si","si"
"/tienda/set-de-destornilladores-home/","producto","74099","Set de Destornilladores Home con logo personalizado | Promocionales J&J","Set de Destornilladores Home","https://www.promocionalesjj.co/tienda/set-de-destornilladores-home/","","Set de Destornilladores Home para personalizar con el logo de tu empresa. Mini set de destornilladores en estuche plástico que funciona como mango de agarre.","https://www.promocionalesjj.co/img/productos/set-de-destornilladores-home.jpg","Organization WebSite Product BreadcrumbList","28","si","si"
"/tienda/set-de-destornilladores-paddle/","producto","74376","Set de Destornilladores Paddle con logo personalizado | Promocionales J&J","Set de Destornilladores Paddle","https://www.promocionalesjj.co/tienda/set-de-destornilladores-paddle/","","Set de Destornilladores Paddle para personalizar con el logo de tu empresa. Set de destornilladores de plástico de 12 piezas. Cotiza por WhatsApp.","https://www.promocionalesjj.co/img/productos/set-de-destornilladores-paddle.jpg","Organization WebSite Product BreadcrumbList","28","si","si"
"/tienda/set-de-destornilladores-pen-con-linterna-led/","producto","75629","Set de Destornilladores Pen con Linterna LED con logo personalizado | Promocionales J&J","Set de Destornilladores Pen con Linterna LED","https://www.promocionalesjj.co/tienda/set-de-destornilladores-pen-con-linterna-led/","","Set de Destornilladores Pen con Linterna LED para personalizar con el logo de tu empresa. Set de destornilladores de 6 piezas con luz led en estuche metálico.","https://www.promocionalesjj.co/img/productos/set-de-destornilladores-pen-con-linterna-led.jpg","Organization WebSite Product BreadcrumbList","28","si","si"
"/tienda/set-de-destornilladores-pistol/","producto","73851","Set de Destornilladores Pistol con logo personalizado | Promocionales J&J","Set de Destornilladores Pistol","https://www.promocionalesjj.co/tienda/set-de-destornilladores-pistol/","","Set de Destornilladores Pistol para personalizar con el logo de tu empresa. Cotiza por WhatsApp.","https://www.promocionalesjj.co/img/productos/set-de-destornilladores-pistol.jpg","Organization WebSite Product BreadcrumbList","28","si","si"
"/tienda/set-de-destornilladores-triangular/","producto","74099","Set de Destornilladores Triangular con logo personalizado | Promocionales J&J","Set de Destornilladores Triangular","https://www.promocionalesjj.co/tienda/set-de-destornilladores-triangular/","","Set de Destornilladores Triangular para personalizar con el logo de tu empresa. Cotiza por WhatsApp.","https://www.promocionalesjj.co/img/productos/set-de-destornilladores-triangular.jpg","Organization WebSite Product BreadcrumbList","28","si","si"
"/tienda/set-de-escritorio-cotton/","producto","73059","Set de Escritorio Cotton con logo personalizado | Promocionales J&J","Set de Escritorio Cotton","https://www.promocionalesjj.co/tienda/set-de-escritorio-cotton/","","Set de Escritorio Cotton para personalizar con el logo de tu empresa. Cotiza por WhatsApp.","https://www.promocionalesjj.co/img/productos/set-de-escritorio-cotton.jpg","Organization WebSite Product BreadcrumbList","27","si","si"
"/tienda/set-de-escritorio-lynx-eco/","producto","72274","Set de Escritorio Lynx Eco con logo personalizado | Promocionales J&J","Set de Escritorio Lynx Eco","https://www.promocionalesjj.co/tienda/set-de-escritorio-lynx-eco/","","Set de Escritorio Lynx Eco para personalizar con el logo de tu empresa. Set de escritorio en bambú. Cotiza por WhatsApp.","https://www.promocionalesjj.co/img/productos/set-de-escritorio-lynx-eco.jpg","Organization WebSite Product BreadcrumbList","28","si","si"
"/tienda/set-de-escritorio-sticky-calendar/","producto","73182","Set de Escritorio Sticky Calendar con logo personalizado | Promocionales J&J","Set de Escritorio Sticky Calendar","https://www.promocionalesjj.co/tienda/set-de-escritorio-sticky-calendar/","","Set de Escritorio Sticky Calendar para personalizar con el logo de tu empresa. Cotiza por WhatsApp.","https://www.promocionalesjj.co/img/productos/set-de-escritorio-sticky-calendar.jpg","Organization WebSite Product BreadcrumbList","28","si","si"
"/tienda/set-de-herramientas-alutool/","producto","73680","Set de Herramientas Alutool con logo personalizado | Promocionales J&J","Set de Herramientas Alutool","https://www.promocionalesjj.co/tienda/set-de-herramientas-alutool/","","Set de Herramientas Alutool para personalizar con el logo de tu empresa. Juego de destornilladores y linterna de un led. Cotiza por WhatsApp.","https://www.promocionalesjj.co/img/productos/set-de-herramientas-alutool.jpg","Organization WebSite Product BreadcrumbList","28","si","si"
"/tienda/set-de-herramientas-apache/","producto","74429","Set de Herramientas Apache con logo personalizado | Promocionales J&J","Set de Herramientas Apache","https://www.promocionalesjj.co/tienda/set-de-herramientas-apache/","","Set de Herramientas Apache para personalizar con el logo de tu empresa. Set de herramientas de 41 piezas en estuche plástico. Marcación en screen.","https://www.promocionalesjj.co/img/productos/set-de-herramientas-apache.jpg","Organization WebSite Product BreadcrumbList","28","si","si"
"/tienda/set-de-herramientas-bamboo/","producto","72378","Set de Herramientas Bamboo con logo personalizado | Promocionales J&J","Set de Herramientas Bamboo","https://www.promocionalesjj.co/tienda/set-de-herramientas-bamboo/","","Set de Herramientas Bamboo para personalizar con el logo de tu empresa. Set de herramientas de 24 piezas en estuche de plástico y bambú. Cotiza por WhatsApp.","https://www.promocionalesjj.co/img/productos/set-de-herramientas-bamboo.jpg","Organization WebSite Product BreadcrumbList","28","si","si"
"/tienda/set-de-herramientas-big-tire/","producto","73915","Set de Herramientas Big Tire con logo personalizado | Promocionales J&J","Set de Herramientas Big Tire","https://www.promocionalesjj.co/tienda/set-de-herramientas-big-tire/","","Set de Herramientas Big Tire para personalizar con el logo de tu empresa. Set de herramientas de 24 piezas en estuche plástico. Cotiza por WhatsApp.","https://www.promocionalesjj.co/img/productos/set-de-herramientas-big-tire.jpg","Organization WebSite Product BreadcrumbList","28","si","si"
"/tienda/set-de-herramientas-blackburn-ii/","producto","74149","Set de Herramientas Blackburn II con logo personalizado | Promocionales J&J","Set de Herramientas Blackburn II","https://www.promocionalesjj.co/tienda/set-de-herramientas-blackburn-ii/","","Set de Herramientas Blackburn II para personalizar con el logo de tu empresa. Set de herramientas de 17 piezas en estuche de plástico con linterna.","https://www.promocionalesjj.co/img/productos/set-de-herramientas-blackburn-ii.jpg","Organization WebSite Product BreadcrumbList","28","si","si"
"/tienda/set-de-herramientas-bottle-bike/","producto","74953","Set de Herramientas Bottle Bike con logo personalizado | Promocionales J&J","Set de Herramientas Bottle Bike","https://www.promocionalesjj.co/tienda/set-de-herramientas-bottle-bike/","","Set de Herramientas Bottle Bike para personalizar con el logo de tu empresa. Marcación en tampografía. Cotiza por WhatsApp.","https://www.promocionalesjj.co/img/productos/set-de-herramientas-bottle-bike.jpg","Organization WebSite Product BreadcrumbList","28","si","si"
"/tienda/set-de-herramientas-con-lampara-led/","producto","74468","Set de Herramientas con Lámpara LED con logo personalizado | Promocionales J&J","Set de Herramientas con Lámpara LED","https://www.promocionalesjj.co/tienda/set-de-herramientas-con-lampara-led/","","Set de Herramientas con Lámpara LED para personalizar con el logo de tu empresa. Cotiza por WhatsApp.","https://www.promocionalesjj.co/img/productos/set-de-herramientas-con-lampara-led.jpg","Organization WebSite Product BreadcrumbList","28","si","si"
"/tienda/set-de-herramientas-cork/","producto","72162","Set de Herramientas Cork con logo personalizado | Promocionales J&J","Set de Herramientas Cork","https://www.promocionalesjj.co/tienda/set-de-herramientas-cork/","","Set de Herramientas Cork para personalizar con el logo de tu empresa. Set de herramientas de 24 piezas en estuche de corcho. Cotiza por WhatsApp.","https://www.promocionalesjj.co/img/productos/set-de-herramientas-cork.jpg","Organization WebSite Product BreadcrumbList","28","si","si"
"/tienda/set-de-herramientas-en-madera/","producto","73774","Set de Herramientas en Madera con logo personalizado | Promocionales J&J","Set de Herramientas en Madera","https://www.promocionalesjj.co/tienda/set-de-herramientas-en-madera/","","Set de Herramientas en Madera para personalizar con el logo de tu empresa. Multiherramienta compacta y duradera con 12 funciones. Cotiza por WhatsApp.","https://www.promocionalesjj.co/img/productos/set-de-herramientas-en-madera.jpg","Organization WebSite Product BreadcrumbList","28","si","si"
"/tienda/set-de-herramientas-hammer/","producto","74102","Set de Herramientas Hammer con logo personalizado | Promocionales J&J","Set de Herramientas Hammer","https://www.promocionalesjj.co/tienda/set-de-herramientas-hammer/","","Set de Herramientas Hammer para personalizar con el logo de tu empresa. Set de herramientas de 8 piezas en estuche de goma EVA. Cotiza por WhatsApp.","https://www.promocionalesjj.co/img/productos/set-de-herramientas-hammer.jpg","Organization WebSite Product BreadcrumbList","28","si","si"
"/tienda/set-de-herramientas-handle/","producto","73881","Set de Herramientas Handle con logo personalizado | Promocionales J&J","Set de Herramientas Handle","https://www.promocionalesjj.co/tienda/set-de-herramientas-handle/","","Set de Herramientas Handle para personalizar con el logo de tu empresa. Set de herramientas de 21 piezas en estuche plástico con linterna.","https://www.promocionalesjj.co/img/productos/set-de-herramientas-handle.jpg","Organization WebSite Product BreadcrumbList","28","si","si"
"/tienda/set-de-herramientas-lantern/","producto","74345","Set de Herramientas Lantern con logo personalizado | Promocionales J&J","Set de Herramientas Lantern","https://www.promocionalesjj.co/tienda/set-de-herramientas-lantern/","","Set de Herramientas Lantern para personalizar con el logo de tu empresa. Miniset de destornilladores de plástico con forma de carro de 4 piezas con luz.","https://www.promocionalesjj.co/img/productos/set-de-herramientas-lantern.jpg","Organization WebSite Product BreadcrumbList","28","si","si"
"/tienda/set-de-herramientas-maxton/","producto","72274","Set de Herramientas Maxton con logo personalizado | Promocionales J&J","Set de Herramientas Maxton","https://www.promocionalesjj.co/tienda/set-de-herramientas-maxton/","","Set de Herramientas Maxton para personalizar con el logo de tu empresa. Mini set de herramientas multifuncional con 9 funciones. Cotiza por WhatsApp.","https://www.promocionalesjj.co/img/productos/set-de-herramientas-maxton.jpg","Organization WebSite Product BreadcrumbList","28","si","si"
"/tienda/set-de-herramientas-motobike/","producto","74075","Set de Herramientas Motobike con logo personalizado | Promocionales J&J","Set de Herramientas Motobike","https://www.promocionalesjj.co/tienda/set-de-herramientas-motobike/","","Set de Herramientas Motobike para personalizar con el logo de tu empresa. Set de herramientas de plástico de 12 piezas, en forma de moto, con linterna.","https://www.promocionalesjj.co/img/productos/set-de-herramientas-motobike.jpg","Organization WebSite Product BreadcrumbList","28","si","si"
"/tienda/set-de-herramientas-mustang/","producto","73866","Set de Herramientas Mustang con logo personalizado | Promocionales J&J","Set de Herramientas Mustang","https://www.promocionalesjj.co/tienda/set-de-herramientas-mustang/","","Set de Herramientas Mustang para personalizar con el logo de tu empresa. Cotiza por WhatsApp.","https://www.promocionalesjj.co/img/productos/set-de-herramientas-mustang.jpg","Organization WebSite Product BreadcrumbList","28","si","si"
"/tienda/set-de-herramientas-neumatic/","producto","73949","Set de Herramientas Neumatic con logo personalizado | Promocionales J&J","Set de Herramientas Neumatic","https://www.promocionalesjj.co/tienda/set-de-herramientas-neumatic/","","Set de Herramientas Neumatic para personalizar con el logo de tu empresa. Set de herramientas de 20 piezas en estuche plástico. Cotiza por WhatsApp.","https://www.promocionalesjj.co/img/productos/set-de-herramientas-neumatic.jpg","Organization WebSite Product BreadcrumbList","28","si","si"
"/tienda/set-de-herramientas-robust/","producto","73969","Set de Herramientas Robust con logo personalizado | Promocionales J&J","Set de Herramientas Robust","https://www.promocionalesjj.co/tienda/set-de-herramientas-robust/","","Set de Herramientas Robust para personalizar con el logo de tu empresa. Set de herramientas de 18 piezas en estuche plástico. Cotiza por WhatsApp.","https://www.promocionalesjj.co/img/productos/set-de-herramientas-robust.jpg","Organization WebSite Product BreadcrumbList","28","si","si"
"/tienda/set-de-herramientas-saxon/","producto","73905","Set de Herramientas Saxon con logo personalizado | Promocionales J&J","Set de Herramientas Saxon","https://www.promocionalesjj.co/tienda/set-de-herramientas-saxon/","","Set de Herramientas Saxon para personalizar con el logo de tu empresa. Set de herramientas de 15 piezas en estuche plástico con linterna. Cotiza por WhatsApp.","https://www.promocionalesjj.co/img/productos/set-de-herramientas-saxon.jpg","Organization WebSite Product BreadcrumbList","28","si","si"
"/tienda/set-de-herramientas-scout/","producto","74694","Set de Herramientas Scout con logo personalizado | Promocionales J&J","Set de Herramientas Scout","https://www.promocionalesjj.co/tienda/set-de-herramientas-scout/","","Set de Herramientas Scout para personalizar con el logo de tu empresa. Set de herramientas de 41 piezas en estuche plástico. Marcación en tampografía.","https://www.promocionalesjj.co/img/productos/set-de-herramientas-scout.jpg","Organization WebSite Product BreadcrumbList","28","si","si"
"/tienda/set-de-herramientas-speed/","producto","73844","Set de Herramientas Speed con logo personalizado | Promocionales J&J","Set de Herramientas Speed","https://www.promocionalesjj.co/tienda/set-de-herramientas-speed/","","Set de Herramientas Speed para personalizar con el logo de tu empresa. Set de herramientas de plástico con linterna, 21 piezas. Cotiza por WhatsApp.","https://www.promocionalesjj.co/img/productos/set-de-herramientas-speed.jpg","Organization WebSite Product BreadcrumbList","28","si","si"
"/tienda/set-de-herramientas-truck/","producto","71885","Set de Herramientas Truck con logo personalizado | Promocionales J&J","Set de Herramientas Truck","https://www.promocionalesjj.co/tienda/set-de-herramientas-truck/","","Set de Herramientas Truck para personalizar con el logo de tu empresa. Cotiza por WhatsApp.","https://www.promocionalesjj.co/og-default.jpg","Organization WebSite Product BreadcrumbList","28","si","si"
"/tienda/set-de-juego-chessman/","producto","71791","Set de Juego Chessman con logo personalizado | Promocionales J&J","Set de Juego Chessman","https://www.promocionalesjj.co/tienda/set-de-juego-chessman/","","Set de Juego Chessman para personalizar con el logo de tu empresa. Set de juegos en madera. Cotiza por WhatsApp.","https://www.promocionalesjj.co/img/productos/set-de-juego-chessman.jpg","Organization WebSite Product BreadcrumbList","28","si","si"
"/tienda/set-de-juegos-genium/","producto","72142","Set de Juegos Genium con logo personalizado | Promocionales J&J","Set de Juegos Genium","https://www.promocionalesjj.co/tienda/set-de-juegos-genium/","","Set de Juegos Genium para personalizar con el logo de tu empresa. Set de 3 juegos de habilidad en madera natural. Cotiza por WhatsApp.","https://www.promocionalesjj.co/img/productos/set-de-juegos-genium.jpg","Organization WebSite Product BreadcrumbList","28","si","si"
"/tienda/set-de-lapices-black/","producto","73236","Set de Lápices Black con logo personalizado | Promocionales J&J","Set de Lápices Black","https://www.promocionalesjj.co/tienda/set-de-lapices-black/","","Set de Lápices Black para personalizar con el logo de tu empresa. Set de 3 lápices, borrador y tajalápiz. Cotiza por WhatsApp.","https://www.promocionalesjj.co/img/productos/set-de-lapices-black.jpg","Organization WebSite Product BreadcrumbList","27","si","si"
"/tienda/set-de-licorera-con-juegos/","producto","73243","Set de Licorera con Juegos con logo personalizado | Promocionales J&J","Set de Licorera con Juegos","https://www.promocionalesjj.co/tienda/set-de-licorera-con-juegos/","","Set de Licorera con Juegos para personalizar con el logo de tu empresa. Juego de licorera en acero inoxidable de 177 ml de capacidad, dos copas y mini embudo.","https://www.promocionalesjj.co/img/productos/set-de-licorera-con-juegos.jpg","Organization WebSite Product BreadcrumbList","28","si","si"
"/tienda/set-de-llavero-y-portatarjetas-ml-372/","producto","73100","Set de Llavero y Portatarjetas Ml-372 con logo personalizado | Promocionales J&J","Set de Llavero y Portatarjetas Ml-372","https://www.promocionalesjj.co/tienda/set-de-llavero-y-portatarjetas-ml-372/","","Set de Llavero y Portatarjetas Ml-372 para personalizar con el logo de tu empresa. Caja negra individual. Cotiza por WhatsApp.","https://www.promocionalesjj.co/img/productos/set-de-llavero-y-portatarjetas-ml-372.jpg","Organization WebSite Product BreadcrumbList","27","si","si"
"/tienda/set-de-manicure-zeldra/","producto","69385","Set de Manicure Zeldra con logo personalizado | Promocionales J&J","Set de Manicure Zeldra","https://www.promocionalesjj.co/tienda/set-de-manicure-zeldra/","","Set de Manicure Zeldra para personalizar con el logo de tu empresa. Set de manicure de 2 piezas con bolsa en algodón. Cotiza por WhatsApp.","https://www.promocionalesjj.co/img/productos/set-de-manicure-zeldra.jpg","Organization WebSite Product BreadcrumbList","28","si","si"
"/tienda/set-de-mini-destornilladores-con-nivelador/","producto","75479","Set de Mini Destornilladores con Nivelador con logo personalizado | Promocionales J&J","Set de Mini Destornilladores con Nivelador","https://www.promocionalesjj.co/tienda/set-de-mini-destornilladores-con-nivelador/","","Set de Mini Destornilladores con Nivelador para personalizar con el logo de tu empresa. Mini set metálico de 3 piezas de destornilladores y nivelador.","https://www.promocionalesjj.co/img/productos/set-de-mini-destornilladores-con-nivelador.jpg","Organization WebSite Product BreadcrumbList","28","si","si"
"/tienda/set-de-portatarjetas-y-llavero-jack/","producto","73203","Set de Portatarjetas y Llavero Jack con logo personalizado | Promocionales J&J","Set de Portatarjetas y Llavero Jack","https://www.promocionalesjj.co/tienda/set-de-portatarjetas-y-llavero-jack/","","Set de Portatarjetas y Llavero Jack para personalizar con el logo de tu empresa. Cotiza por WhatsApp.","https://www.promocionalesjj.co/img/productos/set-de-portatarjetas-y-llavero-jack.jpg","Organization WebSite Product BreadcrumbList","27","si","si"
"/tienda/set-de-portavasos-cork/","producto","73418","Set de Portavasos Cork con logo personalizado | Promocionales J&J","Set de Portavasos Cork","https://www.promocionalesjj.co/tienda/set-de-portavasos-cork/","","Set de Portavasos Cork para personalizar con el logo de tu empresa. Set de 5 portavasos y base de corcho natural. Cotiza por WhatsApp.","https://www.promocionalesjj.co/img/productos/set-de-portavasos-cork.jpg","Organization WebSite Product BreadcrumbList","28","si","si"
"/tienda/set-de-queso-annika/","producto","71905","Set de Queso Annika con logo personalizado | Promocionales J&J","Set de Queso Annika","https://www.promocionalesjj.co/tienda/set-de-queso-annika/","","Set de Queso Annika para personalizar con el logo de tu empresa. Set de cuatro utensilios de bambú y acero inoxidable. Cotiza por WhatsApp.","https://www.promocionalesjj.co/img/productos/set-de-queso-annika.jpg","Organization WebSite Product BreadcrumbList","28","si","si"
"/tienda/set-de-queso-beret/","producto","68207","Set de Queso Beret con logo personalizado | Promocionales J&J","Set de Queso Beret","https://www.promocionalesjj.co/tienda/set-de-queso-beret/","","Set de Queso Beret para personalizar con el logo de tu empresa. Base triangular de madera y cuchilla especial de acero inoxidable para quesos.","https://www.promocionalesjj.co/img/productos/set-de-queso-beret.jpg","Organization WebSite Product BreadcrumbList","28","si","si"
"/tienda/set-de-queso-italy/","producto","72331","Set de Queso Italy con logo personalizado | Promocionales J&J","Set de Queso Italy","https://www.promocionalesjj.co/tienda/set-de-queso-italy/","","Set de Queso Italy para personalizar con el logo de tu empresa. Set con tabla para cortar de bambú y dos accesorios. Cotiza por WhatsApp.","https://www.promocionalesjj.co/img/productos/set-de-queso-italy.jpg","Organization WebSite Product BreadcrumbList","28","si","si"
"/tienda/set-de-resaltadores-de-cera-trio/","producto","74551","Set de Resaltadores de Cera Trio con logo personalizado | Promocionales J&J","Set de Resaltadores de Cera Trio","https://www.promocionalesjj.co/tienda/set-de-resaltadores-de-cera-trio/","","Set de Resaltadores de Cera Trio para personalizar con el logo de tu empresa. Base triangular en plástico, con 3 resaltadores en cera. Cotiza por WhatsApp.","https://www.promocionalesjj.co/img/productos/set-de-resaltadores-de-cera-trio.jpg","Organization WebSite Product BreadcrumbList","27","si","si"
"/tienda/set-de-resaltadores-en-cera-quattro/","producto","74568","Set de Resaltadores en Cera Quattro con logo personalizado | Promocionales J&J","Set de Resaltadores en Cera Quattro","https://www.promocionalesjj.co/tienda/set-de-resaltadores-en-cera-quattro/","","Set de Resaltadores en Cera Quattro para personalizar con el logo de tu empresa. Base rectangular en plástico, con 4 resaltadores en cera.","https://www.promocionalesjj.co/img/productos/set-de-resaltadores-en-cera-quattro.jpg","Organization WebSite Product BreadcrumbList","27","si","si"
"/tienda/set-de-resaltadores-heart/","producto","73901","Set de Resaltadores Heart con logo personalizado | Promocionales J&J","Set de Resaltadores Heart","https://www.promocionalesjj.co/tienda/set-de-resaltadores-heart/","","Set de Resaltadores Heart para personalizar con el logo de tu empresa. Set de resaltadores en plástico. Cotiza por WhatsApp.","https://www.promocionalesjj.co/img/productos/set-de-resaltadores-heart.jpg","Organization WebSite Product BreadcrumbList","27","si","si"
"/tienda/set-de-resaltadores-luban/","producto","73411","Set de Resaltadores Luban con logo personalizado | Promocionales J&J","Set de Resaltadores Luban","https://www.promocionalesjj.co/tienda/set-de-resaltadores-luban/","","Set de Resaltadores Luban para personalizar con el logo de tu empresa. Set de 6 resaltadores de tinta. Cotiza por WhatsApp.","https://www.promocionalesjj.co/img/productos/set-de-resaltadores-luban.jpg","Organization WebSite Product BreadcrumbList","27","si","si"
"/tienda/set-de-resaltadores-magicos-en-cera-flipper/","producto","75913","Set de Resaltadores Magicos en Cera Flipper con logo personalizado | Promocionales J&J","Set de Resaltadores Magicos en Cera Flipper","https://www.promocionalesjj.co/tienda/set-de-resaltadores-magicos-en-cera-flipper/","","Set de Resaltadores Magicos en Cera Flipper para personalizar con el logo de tu empresa. Marcación en tampografía. Cotiza por WhatsApp.","https://www.promocionalesjj.co/img/productos/set-de-resaltadores-magicos-en-cera-flipper.jpg","Organization WebSite Product BreadcrumbList","27","si","si"
"/tienda/set-de-resaltadores-perseus/","producto","73657","Set de Resaltadores Perseus con logo personalizado | Promocionales J&J","Set de Resaltadores Perseus","https://www.promocionalesjj.co/tienda/set-de-resaltadores-perseus/","","Set de Resaltadores Perseus para personalizar con el logo de tu empresa. Set de cuatro mini resaltadores de tinta. Cotiza por WhatsApp.","https://www.promocionalesjj.co/img/productos/set-de-resaltadores-perseus.jpg","Organization WebSite Product BreadcrumbList","27","si","si"
"/tienda/set-de-resaltadores-square/","producto","73799","Set de Resaltadores Square con logo personalizado | Promocionales J&J","Set de Resaltadores Square","https://www.promocionalesjj.co/tienda/set-de-resaltadores-square/","","Set de Resaltadores Square para personalizar con el logo de tu empresa. 4 colores de tinta. Cotiza por WhatsApp.","https://www.promocionalesjj.co/img/productos/set-de-resaltadores-square.jpg","Organization WebSite Product BreadcrumbList","27","si","si"
"/tienda/set-de-resaltadores-trumix/","producto","74211","Set de Resaltadores Trumix con logo personalizado | Promocionales J&J","Set de Resaltadores Trumix","https://www.promocionalesjj.co/tienda/set-de-resaltadores-trumix/","","Set de Resaltadores Trumix para personalizar con el logo de tu empresa. Estuche plástico con 5 resaltadores de tinta. Cotiza por WhatsApp.","https://www.promocionalesjj.co/img/productos/set-de-resaltadores-trumix.jpg","Organization WebSite Product BreadcrumbList","27","si","si"
"/tienda/set-de-tablas-cuisine/","producto","73526","Set de Tablas Cuisine con logo personalizado | Promocionales J&J","Set de Tablas Cuisine","https://www.promocionalesjj.co/tienda/set-de-tablas-cuisine/","","Set de Tablas Cuisine para personalizar con el logo de tu empresa. Set de 4 tablas plásticas para cortar diferentes tipos de alimentos. Cotiza por WhatsApp.","https://www.promocionalesjj.co/img/productos/set-de-tablas-cuisine.jpg","Organization WebSite Product BreadcrumbList","28","si","si"
"/tienda/set-de-trigo-eco/","producto","73363","Set de Trigo Eco con logo personalizado | Promocionales J&J","Set de Trigo Eco","https://www.promocionalesjj.co/tienda/set-de-trigo-eco/","","Set de Trigo Eco para personalizar con el logo de tu empresa. Set elaborado con un porcentaje de material ecológico: 60% ABS, 40% fibra de trigo.","https://www.promocionalesjj.co/img/productos/set-de-trigo-eco.jpg","Organization WebSite Product BreadcrumbList","27","si","si"
"/tienda/set-de-vino-bonard/","producto","72600","Set de Vino Bonard con logo personalizado | Promocionales J&J","Set de Vino Bonard","https://www.promocionalesjj.co/tienda/set-de-vino-bonard/","","Set de Vino Bonard para personalizar con el logo de tu empresa. Cotiza por WhatsApp.","https://www.promocionalesjj.co/img/productos/set-de-vino-bonard.jpg","Organization WebSite Product BreadcrumbList","28","si","si"
"/tienda/set-de-vino-bottle/","producto","72239","Set de Vino Bottle con logo personalizado | Promocionales J&J","Set de Vino Bottle","https://www.promocionalesjj.co/tienda/set-de-vino-bottle/","","Set de Vino Bottle para personalizar con el logo de tu empresa. Estuche plástico en forma de botella. Cotiza por WhatsApp.","https://www.promocionalesjj.co/img/productos/set-de-vino-bottle.jpg","Organization WebSite Product BreadcrumbList","28","si","si"
"/tienda/set-de-vino-en-bambu-ii/","producto","72481","Set de Vino en Bambú II con logo personalizado | Promocionales J&J","Set de Vino en Bambú II","https://www.promocionalesjj.co/tienda/set-de-vino-en-bambu-ii/","","Set de Vino en Bambú II para personalizar con el logo de tu empresa. Incluye: descorchador, aro antigoteo y 2 corchos. Cotiza por WhatsApp.","https://www.promocionalesjj.co/img/productos/set-de-vino-en-bambu-ii.jpg","Organization WebSite Product BreadcrumbList","28","si","si"
"/tienda/set-de-vino-en-corcho-ii/","producto","72668","Set de Vino en Corcho II con logo personalizado | Promocionales J&J","Set de Vino en Corcho II","https://www.promocionalesjj.co/tienda/set-de-vino-en-corcho-ii/","","Set de Vino en Corcho II para personalizar con el logo de tu empresa. Cotiza por WhatsApp.","https://www.promocionalesjj.co/img/productos/set-de-vino-en-corcho-ii.jpg","Organization WebSite Product BreadcrumbList","28","si","si"
"/tienda/set-de-vino-remy-ii/","producto","72845","Set de Vino Remy II con logo personalizado | Promocionales J&J","Set de Vino Remy II","https://www.promocionalesjj.co/tienda/set-de-vino-remy-ii/","","Set de Vino Remy II para personalizar con el logo de tu empresa. Set de vino en madera: 2 corchos, dosificador, cortador, destapador y argolla antigoteo.","https://www.promocionalesjj.co/img/productos/set-de-vino-remy-ii.jpg","Organization WebSite Product BreadcrumbList","28","si","si"
"/tienda/set-de-vino-sutton/","producto","72498","Set de Vino Sutton con logo personalizado | Promocionales J&J","Set de Vino Sutton","https://www.promocionalesjj.co/tienda/set-de-vino-sutton/","","Set de Vino Sutton para personalizar con el logo de tu empresa. Cotiza por WhatsApp.","https://www.promocionalesjj.co/img/productos/set-de-vino-sutton.jpg","Organization WebSite Product BreadcrumbList","28","si","si"
"/tienda/set-dickens-boligrafo-y-portaminas/","producto","73318","Set Dickens Bolígrafo y Portaminas con logo personalizado | Promocionales J&J","Set Dickens Bolígrafo y Portaminas","https://www.promocionalesjj.co/tienda/set-dickens-boligrafo-y-portaminas/","","Set Dickens Bolígrafo y Portaminas para personalizar con el logo de tu empresa. Set de bolígrafo y portaminas metálicos en estuche plástico.","https://www.promocionalesjj.co/img/productos/set-dickens-boligrafo-y-portaminas.jpg","Organization WebSite Product BreadcrumbList","27","si","si"
"/tienda/set-dony/","producto","70996","Set Dony con logo personalizado | Promocionales J&J","Set Dony","https://www.promocionalesjj.co/tienda/set-dony/","","Set Dony para personalizar con el logo de tu empresa. Incluye 3 lápices, regla de 15 cm, tajalápiz y borrador. Cotiza por WhatsApp.","https://www.promocionalesjj.co/og-default.jpg","Organization WebSite Product BreadcrumbList","27","si","si"
"/tienda/set-ecologico-denim/","producto","70771","Set Ecológico Denim con logo personalizado | Promocionales J&J","Set Ecológico Denim","https://www.promocionalesjj.co/tienda/set-ecologico-denim/","","Set Ecológico Denim para personalizar con el logo de tu empresa. Set ecológico hecho con residuos de Denim (jean). Cotiza por WhatsApp.","https://www.promocionalesjj.co/img/productos/set-ecologico-denim.jpg","Organization WebSite Product BreadcrumbList","28","si","si"
"/tienda/set-elegance-boligrafo-y-portaminas/","producto","73490","Set Elegance Bolígrafo y Portaminas con logo personalizado | Promocionales J&J","Set Elegance Bolígrafo y Portaminas","https://www.promocionalesjj.co/tienda/set-elegance-boligrafo-y-portaminas/","","Set Elegance Bolígrafo y Portaminas para personalizar con el logo de tu empresa. Set de bolígrafo y portaminas metálico con stylus en estuche de cartón.","https://www.promocionalesjj.co/img/productos/set-elegance-boligrafo-y-portaminas.jpg","Organization WebSite Product BreadcrumbList","27","si","si"
"/tienda/set-enfriador-de-vino-chill/","producto","73305","Set Enfriador de Vino Chill con logo personalizado | Promocionales J&J","Set Enfriador de Vino Chill","https://www.promocionalesjj.co/tienda/set-enfriador-de-vino-chill/","","Set Enfriador de Vino Chill para personalizar con el logo de tu empresa. Enfriador de vinos, entre 2 y 3 h de frío aproximadamente. Cotiza por WhatsApp.","https://www.promocionalesjj.co/img/productos/set-enfriador-de-vino-chill.jpg","Organization WebSite Product BreadcrumbList","28","si","si"
"/tienda/set-facial-wood-spa/","producto","71879","Set Facial Wood Spa con logo personalizado | Promocionales J&J","Set Facial Wood Spa","https://www.promocionalesjj.co/tienda/set-facial-wood-spa/","","Set Facial Wood Spa para personalizar con el logo de tu empresa. Incluye masajeador de bambú y cepillo de bambú. Cotiza por WhatsApp.","https://www.promocionalesjj.co/img/productos/set-facial-wood-spa.jpg","Organization WebSite Product BreadcrumbList","28","si","si"
"/tienda/set-glim/","producto","71896","Set Glim con logo personalizado | Promocionales J&J","Set Glim","https://www.promocionalesjj.co/tienda/set-glim/","","Set Glim para personalizar con el logo de tu empresa. Set de vino con descorchador y tapón de vacío. Cotiza por WhatsApp.","https://www.promocionalesjj.co/img/productos/set-glim.jpg","Organization WebSite Product BreadcrumbList","28","si","si"
"/tienda/set-goblet-eco-nuevo/","producto","69626","Set Goblet Eco Nuevo con logo personalizado | Promocionales J&J","Set Goblet Eco Nuevo","https://www.promocionalesjj.co/tienda/set-goblet-eco-nuevo/","","Set Goblet Eco Nuevo para personalizar con el logo de tu empresa. Marcación en tampografía. Cotiza por WhatsApp.","https://www.promocionalesjj.co/img/productos/set-goblet-eco-nuevo.jpg","Organization WebSite Product BreadcrumbList","28","si","si"
"/tienda/set-jersey-antibacteriano/","producto","74184","Set Jersey Antibacteriano con logo personalizado | Promocionales J&J","Set Jersey Antibacteriano","https://www.promocionalesjj.co/tienda/set-jersey-antibacteriano/","","Set Jersey Antibacteriano para personalizar con el logo de tu empresa. Set elaborado en ABS con material antibacteriano. Cotiza por WhatsApp.","https://www.promocionalesjj.co/img/productos/set-jersey-antibacteriano.jpg","Organization WebSite Product BreadcrumbList","28","si","si"
"/tienda/set-jolt/","producto","72522","Set Jolt con logo personalizado | Promocionales J&J","Set Jolt","https://www.promocionalesjj.co/tienda/set-jolt/","","Set Jolt para personalizar con el logo de tu empresa. Cotiza por WhatsApp.","https://www.promocionalesjj.co/img/productos/set-jolt.jpg","Organization WebSite Product BreadcrumbList","27","si","si"
"/tienda/set-kramer/","producto","68288","Set Kramer con logo personalizado | Promocionales J&J","Set Kramer","https://www.promocionalesjj.co/tienda/set-kramer/","","Set Kramer para personalizar con el logo de tu empresa. Cartuchera en algodón. Cotiza por WhatsApp.","https://www.promocionalesjj.co/og-default.jpg","Organization WebSite Product BreadcrumbList","28","si","si"
"/tienda/set-licorera-malt/","producto","73120","Set Licorera Malt con logo personalizado | Promocionales J&J","Set Licorera Malt","https://www.promocionalesjj.co/tienda/set-licorera-malt/","","Set Licorera Malt para personalizar con el logo de tu empresa. Juego de licorera de 200 ml de capacidad en acero inoxidable, dos copas y mini embudo.","https://www.promocionalesjj.co/img/productos/set-licorera-malt.jpg","Organization WebSite Product BreadcrumbList","28","si","si"
"/tienda/set-manicure-cork/","producto","71658","Set Manicure Cork con logo personalizado | Promocionales J&J","Set Manicure Cork","https://www.promocionalesjj.co/tienda/set-manicure-cork/","","Set Manicure Cork para personalizar con el logo de tu empresa. Set de manicure de 6 piezas con estuche de corcho. Cotiza por WhatsApp.","https://www.promocionalesjj.co/img/productos/set-manicure-cork.jpg","Organization WebSite Product BreadcrumbList","28","si","si"
"/tienda/set-memo-pad-eco/","producto","72602","Set Memo Pad Eco con logo personalizado | Promocionales J&J","Set Memo Pad Eco","https://www.promocionalesjj.co/tienda/set-memo-pad-eco/","","Set Memo Pad Eco para personalizar con el logo de tu empresa. Set de portastickies con estuche en bambú y dos memo pad. Marcación en tampografía.","https://www.promocionalesjj.co/img/productos/set-memo-pad-eco.jpg","Organization WebSite Product BreadcrumbList","28","si","si"
"/tienda/set-midas/","producto","71567","Set Midas con logo personalizado | Promocionales J&J","Set Midas","https://www.promocionalesjj.co/tienda/set-midas/","","Set Midas para personalizar con el logo de tu empresa. Set de libreta en felpa de 21 cm x 14. Cotiza por WhatsApp.","https://www.promocionalesjj.co/img/productos/set-midas.jpg","Organization WebSite Product BreadcrumbList","28","si","si"
"/tienda/set-mini-resaltador-de-tinta/","producto","75339","Set Mini Resaltador de Tinta con logo personalizado | Promocionales J&J","Set Mini Resaltador de Tinta","https://www.promocionalesjj.co/tienda/set-mini-resaltador-de-tinta/","","Set Mini Resaltador de Tinta para personalizar con el logo de tu empresa. Juego de 5 resaltadores en tinta en jarra plástica. Marcación en tampografía.","https://www.promocionalesjj.co/img/productos/set-mini-resaltador-de-tinta.jpg","Organization WebSite Product BreadcrumbList","27","si","si"
"/tienda/set-mirror-eco/","producto","71290","Set Mirror Eco con logo personalizado | Promocionales J&J","Set Mirror Eco","https://www.promocionalesjj.co/tienda/set-mirror-eco/","","Set Mirror Eco para personalizar con el logo de tu empresa. Set de peine y espejo en bambú. Cotiza por WhatsApp.","https://www.promocionalesjj.co/img/productos/set-mirror-eco.jpg","Organization WebSite Product BreadcrumbList","28","si","si"
"/tienda/set-ml-383/","producto","72625","Set Ml-383 con logo personalizado | Promocionales J&J","Set Ml-383","https://www.promocionalesjj.co/tienda/set-ml-383/","","Set Ml-383 para personalizar con el logo de tu empresa. Cotiza por WhatsApp.","https://www.promocionalesjj.co/img/productos/set-ml-383.jpg","Organization WebSite Product BreadcrumbList","27","si","si"
"/tienda/set-ml-383-ii/","producto","71527","Set Ml-383 II con logo personalizado | Promocionales J&J","Set Ml-383 II","https://www.promocionalesjj.co/tienda/set-ml-383-ii/","","Set Ml-383 II para personalizar con el logo de tu empresa. Cotiza por WhatsApp.","https://www.promocionalesjj.co/og-default.jpg","Organization WebSite Product BreadcrumbList","27","si","si"
"/tienda/set-ml-391/","producto","73011","Set Ml-391 con logo personalizado | Promocionales J&J","Set Ml-391","https://www.promocionalesjj.co/tienda/set-ml-391/","","Set Ml-391 para personalizar con el logo de tu empresa. Set de portatarjetas metálico con cubierta en bambú natural, bolígrafo y llavero metálicos.","https://www.promocionalesjj.co/img/productos/set-ml-391.jpg","Organization WebSite Product BreadcrumbList","27","si","si"
"/tienda/set-ml-398/","producto","72720","Set Ml-398 con logo personalizado | Promocionales J&J","Set Ml-398","https://www.promocionalesjj.co/tienda/set-ml-398/","","Set Ml-398 para personalizar con el logo de tu empresa. Set de bolígrafo metálico con clip metálico y aplicador de bambú, llavero de bambú con metal.","https://www.promocionalesjj.co/img/productos/set-ml-398.jpg","Organization WebSite Product BreadcrumbList","27","si","si"
"/tienda/set-ml-421-rpet/","producto","70497","Set Ml-421 RPET con logo personalizado | Promocionales J&J","Set Ml-421 RPET","https://www.promocionalesjj.co/tienda/set-ml-421-rpet/","","Set Ml-421 RPET para personalizar con el logo de tu empresa. Cotiza por WhatsApp.","https://www.promocionalesjj.co/og-default.jpg","Organization WebSite Product BreadcrumbList","28","si","si"
"/tienda/set-ml-422-rpet/","producto","71465","Set Ml-422 RPET con logo personalizado | Promocionales J&J","Set Ml-422 RPET","https://www.promocionalesjj.co/tienda/set-ml-422-rpet/","","Set Ml-422 RPET para personalizar con el logo de tu empresa. Set de bolígrafo metálico recubierto de tela reciclada RPET y llavero reciclado RPET.","https://www.promocionalesjj.co/og-default.jpg","Organization WebSite Product BreadcrumbList","27","si","si"
"/tienda/set-monarch/","producto","72856","Set Monarch con logo personalizado | Promocionales J&J","Set Monarch","https://www.promocionalesjj.co/tienda/set-monarch/","","Set Monarch para personalizar con el logo de tu empresa. Set de bolígrafo, portatarjetas y portapasaporte en poliuretano. Cotiza por WhatsApp.","https://www.promocionalesjj.co/img/productos/set-monarch.jpg","Organization WebSite Product BreadcrumbList","27","si","si"
"/tienda/set-montgomery-boligrafo-y-roller/","producto","73717","Set Montgomery Bolígrafo y Roller con logo personalizado | Promocionales J&J","Set Montgomery Bolígrafo y Roller","https://www.promocionalesjj.co/tienda/set-montgomery-boligrafo-y-roller/","","Set Montgomery Bolígrafo y Roller para personalizar con el logo de tu empresa. Set de bolígrafo y roller metálico en caja de cartón. Cotiza por WhatsApp.","https://www.promocionalesjj.co/img/productos/set-montgomery-boligrafo-y-roller.jpg","Organization WebSite Product BreadcrumbList","27","si","si"
"/tienda/set-nebula/","producto","71698","Set Nébula con logo personalizado | Promocionales J&J","Set Nébula","https://www.promocionalesjj.co/tienda/set-nebula/","","Set Nébula para personalizar con el logo de tu empresa. Cotiza por WhatsApp.","https://www.promocionalesjj.co/img/productos/set-nebula.jpg","Organization WebSite Product BreadcrumbList","28","si","si"
"/tienda/set-portavasos-bamboo-puzzle/","producto","72976","Set Portavasos Bamboo Puzzle con logo personalizado | Promocionales J&J","Set Portavasos Bamboo Puzzle","https://www.promocionalesjj.co/tienda/set-portavasos-bamboo-puzzle/","","Set Portavasos Bamboo Puzzle para personalizar con el logo de tu empresa. Set de portavasos en bambú en forma de rompecabezas. Cotiza por WhatsApp.","https://www.promocionalesjj.co/img/productos/set-portavasos-bamboo-puzzle.jpg","Organization WebSite Product BreadcrumbList","28","si","si"
"/tienda/set-resaltador-fingers/","producto","73900","Set Resaltador Fingers con logo personalizado | Promocionales J&J","Set Resaltador Fingers","https://www.promocionalesjj.co/tienda/set-resaltador-fingers/","","Set Resaltador Fingers para personalizar con el logo de tu empresa. Set de 5 resaltadores en tinta. Marcación en tampografía. Cotiza por WhatsApp.","https://www.promocionalesjj.co/img/productos/set-resaltador-fingers.jpg","Organization WebSite Product BreadcrumbList","27","si","si"
"/tienda/set-resaltador-fingers-ii-eco/","producto","73915","Set Resaltador Fingers II Eco con logo personalizado | Promocionales J&J","Set Resaltador Fingers II Eco","https://www.promocionalesjj.co/tienda/set-resaltador-fingers-ii-eco/","","Set Resaltador Fingers II Eco para personalizar con el logo de tu empresa. Set de 5 resaltadores en tinta con material ecológico en fibra de trigo.","https://www.promocionalesjj.co/img/productos/set-resaltador-fingers-ii-eco.jpg","Organization WebSite Product BreadcrumbList","27","si","si"
"/tienda/set-swiss-peak-deluxe/","producto","72999","Set Swiss Peak Deluxe con logo personalizado | Promocionales J&J","Set Swiss Peak Deluxe","https://www.promocionalesjj.co/tienda/set-swiss-peak-deluxe/","","Set Swiss Peak Deluxe para personalizar con el logo de tu empresa. Set de bolígrafos metálicos tipo roller con stylus y tipo twist con stylus.","https://www.promocionalesjj.co/img/productos/set-swiss-peak-deluxe.jpg","Organization WebSite Product BreadcrumbList","27","si","si"
"/tienda/set-vera/","producto","67328","Set Vera con logo personalizado | Promocionales J&J","Set Vera","https://www.promocionalesjj.co/tienda/set-vera/","","Set Vera para personalizar con el logo de tu empresa. Set de espejo y cepillo en madera natural. Cotiza por WhatsApp.","https://www.promocionalesjj.co/og-default.jpg","Organization WebSite Product BreadcrumbList","28","si","si"
"/tienda/skil/","producto","72742","Bolígrafo metálico Skil con logo personalizado | Promocionales J&J","Bolígrafo metálico Skil","https://www.promocionalesjj.co/tienda/skil/","","Bolígrafo metálico Skil para personalizar con el logo de tu empresa. Marcación en tampografía, láser. Cotiza por WhatsApp.","https://www.promocionalesjj.co/img/productos/skil.jpg","Organization WebSite Product BreadcrumbList","27","si","si"
"/tienda/smith/","producto","71064","Bolígrafo plástico Smith con logo personalizado | Promocionales J&J","Bolígrafo plástico Smith","https://www.promocionalesjj.co/tienda/smith/","","Bolígrafo plástico Smith para personalizar con el logo de tu empresa. Bolígrafo plástico con mecanismo twist. Cotiza por WhatsApp.","https://www.promocionalesjj.co/og-default.jpg","Organization WebSite Product BreadcrumbList","27","si","si"
"/tienda/soporte-magnetico-para-moviles-bamboo/","producto","73577","Soporte Magnético para Móviles Bamboo con logo personalizado | Promocionales J&J","Soporte Magnético para Móviles Bamboo","https://www.promocionalesjj.co/tienda/soporte-magnetico-para-moviles-bamboo/","","Soporte Magnético para Móviles Bamboo para personalizar con el logo de tu empresa. Soporte magnético para carro en bambú, con adhesivo 3M.","https://www.promocionalesjj.co/img/productos/soporte-magnetico-para-moviles-bamboo.jpg","Organization WebSite Product BreadcrumbList","28","si","si"
"/tienda/soporte-para-celular-note/","producto","72718","Soporte para Celular Note con logo personalizado | Promocionales J&J","Soporte para Celular Note","https://www.promocionalesjj.co/tienda/soporte-para-celular-note/","","Soporte para Celular Note para personalizar con el logo de tu empresa. Soporte para móviles en bambú con portanotas. Cotiza por WhatsApp.","https://www.promocionalesjj.co/img/productos/soporte-para-celular-note.jpg","Organization WebSite Product BreadcrumbList","28","si","si"
"/tienda/soporte-para-celular-pop-it/","producto","69733","Soporte para Celular Pop It con logo personalizado | Promocionales J&J","Soporte para Celular Pop It","https://www.promocionalesjj.co/tienda/soporte-para-celular-pop-it/","","Soporte para Celular Pop It para personalizar con el logo de tu empresa. Bola antiestrés en silicona con chupa. Cotiza por WhatsApp.","https://www.promocionalesjj.co/og-default.jpg","Organization WebSite Product BreadcrumbList","28","si","si"
"/tienda/soporte-para-moviles-2-1-bamboo/","producto","73125","Soporte para Móviles 2-1 Bamboo con logo personalizado | Promocionales J&J","Soporte para Móviles 2-1 Bamboo","https://www.promocionalesjj.co/tienda/soporte-para-moviles-2-1-bamboo/","","Soporte para Móviles 2-1 Bamboo para personalizar con el logo de tu empresa. Base en bambú para dispositivos móviles. Cotiza por WhatsApp.","https://www.promocionalesjj.co/img/productos/soporte-para-moviles-2-1-bamboo.jpg","Organization WebSite Product BreadcrumbList","28","si","si"
"/tienda/soporte-para-moviles-antiestres/","producto","73686","Soporte para Móviles Antiestrés con logo personalizado | Promocionales J&J","Soporte para Móviles Antiestrés","https://www.promocionalesjj.co/tienda/soporte-para-moviles-antiestres/","","Soporte para Móviles Antiestrés para personalizar con el logo de tu empresa. Soporte para móviles en poliuretano. Marcación en tampografía.","https://www.promocionalesjj.co/img/productos/soporte-para-moviles-antiestres.jpg","Organization WebSite Product BreadcrumbList","28","si","si"
"/tienda/soporte-para-moviles-eco-bamboo/","producto","73151","Soporte para Móviles Eco Bamboo con logo personalizado | Promocionales J&J","Soporte para Móviles Eco Bamboo","https://www.promocionalesjj.co/tienda/soporte-para-moviles-eco-bamboo/","","Soporte para Móviles Eco Bamboo para personalizar con el logo de tu empresa. Soporte en bambú para dispositivos móviles. Cotiza por WhatsApp.","https://www.promocionalesjj.co/img/productos/soporte-para-moviles-eco-bamboo.jpg","Organization WebSite Product BreadcrumbList","28","si","si"
"/tienda/soporte-para-moviles-ml-382/","producto","72821","Soporte para Móviles Ml-382 con logo personalizado | Promocionales J&J","Soporte para Móviles Ml-382","https://www.promocionalesjj.co/tienda/soporte-para-moviles-ml-382/","","Soporte para Móviles Ml-382 para personalizar con el logo de tu empresa. Soporte para celular metálico con adhesivo. Cotiza por WhatsApp.","https://www.promocionalesjj.co/img/productos/soporte-para-moviles-ml-382.jpg","Organization WebSite Product BreadcrumbList","28","si","si"
"/tienda/soporte-para-moviles-nixon-bamboo/","producto","73392","Soporte para Móviles Nixon Bamboo con logo personalizado | Promocionales J&J","Soporte para Móviles Nixon Bamboo","https://www.promocionalesjj.co/tienda/soporte-para-moviles-nixon-bamboo/","","Soporte para Móviles Nixon Bamboo para personalizar con el logo de tu empresa. Cotiza por WhatsApp.","https://www.promocionalesjj.co/img/productos/soporte-para-moviles-nixon-bamboo.jpg","Organization WebSite Product BreadcrumbList","28","si","si"
"/tienda/soporte-para-moviles-pop/","producto","73122","Soporte para Móviles Pop con logo personalizado | Promocionales J&J","Soporte para Móviles Pop","https://www.promocionalesjj.co/tienda/soporte-para-moviles-pop/","","Soporte para Móviles Pop para personalizar con el logo de tu empresa. Soporte para móviles con botones ergonómicos y antiestrés para un mejor agarre.","https://www.promocionalesjj.co/img/productos/soporte-para-moviles-pop.jpg","Organization WebSite Product BreadcrumbList","28","si","si"
"/tienda/soporte-para-moviles-pump-bamboo/","producto","73300","Soporte para Móviles Pump Bamboo con logo personalizado | Promocionales J&J","Soporte para Móviles Pump Bamboo","https://www.promocionalesjj.co/tienda/soporte-para-moviles-pump-bamboo/","","Soporte para Móviles Pump Bamboo para personalizar con el logo de tu empresa. Soporte plástico expandible para móviles con partes en bambú, con adhesivo 3M.","https://www.promocionalesjj.co/img/productos/soporte-para-moviles-pump-bamboo.jpg","Organization WebSite Product BreadcrumbList","28","si","si"
"/tienda/soporte-para-moviles-tropic-bamboo/","producto","72708","Soporte para Móviles Tropic Bamboo con logo personalizado | Promocionales J&J","Soporte para Móviles Tropic Bamboo","https://www.promocionalesjj.co/tienda/soporte-para-moviles-tropic-bamboo/","","Soporte para Móviles Tropic Bamboo para personalizar con el logo de tu empresa. Cotiza por WhatsApp.","https://www.promocionalesjj.co/og-default.jpg","Organization WebSite Product BreadcrumbList","28","si","si"
"/tienda/soporte-para-moviles-y-tablets-bamboo/","producto","73339","Soporte para Móviles y Tablets Bamboo con logo personalizado | Promocionales J&J","Soporte para Móviles y Tablets Bamboo","https://www.promocionalesjj.co/tienda/soporte-para-moviles-y-tablets-bamboo/","","Soporte para Móviles y Tablets Bamboo para personalizar con el logo de tu empresa. Base en bambú para dispositivos móviles. Cotiza por WhatsApp.","https://www.promocionalesjj.co/img/productos/soporte-para-moviles-y-tablets-bamboo.jpg","Organization WebSite Product BreadcrumbList","28","si","si"
"/tienda/speaker-bluetooth-alden-eco/","producto","73850","Speaker Bluetooth Alden Eco con logo personalizado | Promocionales J&J","Speaker Bluetooth Alden Eco","https://www.promocionalesjj.co/tienda/speaker-bluetooth-alden-eco/","","Speaker Bluetooth Alden Eco para personalizar con el logo de tu empresa. Speaker Bluetooth en bambú y policarbonato reciclado. Cotiza por WhatsApp.","https://www.promocionalesjj.co/img/productos/speaker-bluetooth-alden-eco.jpg","Organization WebSite Product BreadcrumbList","27","si","si"
"/tienda/speaker-bluetooth-artix-bamboo/","producto","73708","Speaker Bluetooth Artix Bamboo con logo personalizado | Promocionales J&J","Speaker Bluetooth Artix Bamboo","https://www.promocionalesjj.co/tienda/speaker-bluetooth-artix-bamboo/","","Speaker Bluetooth Artix Bamboo para personalizar con el logo de tu empresa. Speaker Bluetooth de 3W, batería incorporada de 300 mAh. Cotiza por WhatsApp.","https://www.promocionalesjj.co/img/productos/speaker-bluetooth-artix-bamboo.jpg","Organization WebSite Product BreadcrumbList","27","si","si"
"/tienda/speaker-bluetooth-bamboo-3-1/","producto","73907","Speaker Bluetooth Bamboo 3-1 con logo personalizado | Promocionales J&J","Speaker Bluetooth Bamboo 3-1","https://www.promocionalesjj.co/tienda/speaker-bluetooth-bamboo-3-1/","","Speaker Bluetooth Bamboo 3-1 para personalizar con el logo de tu empresa. Speaker Bluetooth en plástico imitación bambú 3 en 1. Cotiza por WhatsApp.","https://www.promocionalesjj.co/img/productos/speaker-bluetooth-bamboo-3-1.jpg","Organization WebSite Product BreadcrumbList","27","si","si"
"/tienda/speaker-bluetooth-bamboo-eco/","producto","73501","Speaker Bluetooth Bamboo Eco con logo personalizado | Promocionales J&J","Speaker Bluetooth Bamboo Eco","https://www.promocionalesjj.co/tienda/speaker-bluetooth-bamboo-eco/","","Speaker Bluetooth Bamboo Eco para personalizar con el logo de tu empresa. Speaker Bluetooth en bambú natural. Cotiza por WhatsApp.","https://www.promocionalesjj.co/img/productos/speaker-bluetooth-bamboo-eco.jpg","Organization WebSite Product BreadcrumbList","27","si","si"
"/tienda/speaker-bluetooth-barack-bamboo/","producto","74291","Speaker Bluetooth Barack Bamboo con logo personalizado | Promocionales J&J","Speaker Bluetooth Barack Bamboo","https://www.promocionalesjj.co/tienda/speaker-bluetooth-barack-bamboo/","","Speaker Bluetooth Barack Bamboo para personalizar con el logo de tu empresa. Cotiza por WhatsApp.","https://www.promocionalesjj.co/img/productos/speaker-bluetooth-barack-bamboo.jpg","Organization WebSite Product BreadcrumbList","27","si","si"
"/tienda/speaker-bluetooth-clock-eco/","producto","73454","Speaker Bluetooth Clock Eco con logo personalizado | Promocionales J&J","Speaker Bluetooth Clock Eco","https://www.promocionalesjj.co/tienda/speaker-bluetooth-clock-eco/","","Speaker Bluetooth Clock Eco para personalizar con el logo de tu empresa. Speaker Bluetooth en madera. Cotiza por WhatsApp.","https://www.promocionalesjj.co/img/productos/speaker-bluetooth-clock-eco.jpg","Organization WebSite Product BreadcrumbList","28","si","si"
"/tienda/speaker-bluetooth-con-lampara/","producto","73540","Speaker Bluetooth con Lámpara con logo personalizado | Promocionales J&J","Speaker Bluetooth con Lámpara","https://www.promocionalesjj.co/tienda/speaker-bluetooth-con-lampara/","","Speaker Bluetooth con Lámpara para personalizar con el logo de tu empresa. Speaker plástico ABS + PC. Cotiza por WhatsApp.","https://www.promocionalesjj.co/img/productos/speaker-bluetooth-con-lampara.jpg","Organization WebSite Product BreadcrumbList","27","si","si"
"/tienda/speaker-bluetooth-con-luz-emergency/","producto","73996","Speaker Bluetooth con Luz Emergency con logo personalizado | Promocionales J&J","Speaker Bluetooth con Luz Emergency","https://www.promocionalesjj.co/tienda/speaker-bluetooth-con-luz-emergency/","","Speaker Bluetooth con Luz Emergency para personalizar con el logo de tu empresa. Speaker Bluetooth en caucho y bambú. Cotiza por WhatsApp.","https://www.promocionalesjj.co/img/productos/speaker-bluetooth-con-luz-emergency.jpg","Organization WebSite Product BreadcrumbList","27","si","si"
"/tienda/speaker-bluetooth-cyrus-cork/","producto","73999","Speaker Bluetooth Cyrus Cork con logo personalizado | Promocionales J&J","Speaker Bluetooth Cyrus Cork","https://www.promocionalesjj.co/tienda/speaker-bluetooth-cyrus-cork/","","Speaker Bluetooth Cyrus Cork para personalizar con el logo de tu empresa. Cotiza por WhatsApp.","https://www.promocionalesjj.co/img/productos/speaker-bluetooth-cyrus-cork.jpg","Organization WebSite Product BreadcrumbList","27","si","si"
"/tienda/speaker-bluetooth-eco-cork/","producto","73635","Speaker Bluetooth Eco Cork con logo personalizado | Promocionales J&J","Speaker Bluetooth Eco Cork","https://www.promocionalesjj.co/tienda/speaker-bluetooth-eco-cork/","","Speaker Bluetooth Eco Cork para personalizar con el logo de tu empresa. Speaker Bluetooth de 5W en material ecológico en fibra de trigo y corcho.","https://www.promocionalesjj.co/img/productos/speaker-bluetooth-eco-cork.jpg","Organization WebSite Product BreadcrumbList","27","si","si"
"/tienda/speaker-bluetooth-mack/","producto","73477","Speaker Bluetooth Mack con logo personalizado | Promocionales J&J","Speaker Bluetooth Mack","https://www.promocionalesjj.co/tienda/speaker-bluetooth-mack/","","Speaker Bluetooth Mack para personalizar con el logo de tu empresa. Speaker Bluetooth 1X3W con cargador inalámbrico de 5W. Cotiza por WhatsApp.","https://www.promocionalesjj.co/img/productos/speaker-bluetooth-mack.jpg","Organization WebSite Product BreadcrumbList","27","si","si"
"/tienda/speaker-bluetooth-novark/","producto","74329","Speaker Bluetooth Novark con logo personalizado | Promocionales J&J","Speaker Bluetooth Novark","https://www.promocionalesjj.co/tienda/speaker-bluetooth-novark/","","Speaker Bluetooth Novark para personalizar con el logo de tu empresa. Speaker Bluetooth plástico recubierto en tela con soporte en bambú. Cotiza por WhatsApp.","https://www.promocionalesjj.co/img/productos/speaker-bluetooth-novark.jpg","Organization WebSite Product BreadcrumbList","27","si","si"
"/tienda/speaker-bluetooth-retro-bamboo/","producto","73779","Speaker Bluetooth Retro Bamboo con logo personalizado | Promocionales J&J","Speaker Bluetooth Retro Bamboo","https://www.promocionalesjj.co/tienda/speaker-bluetooth-retro-bamboo/","","Speaker Bluetooth Retro Bamboo para personalizar con el logo de tu empresa. Speaker Bluetooth V5. Cotiza por WhatsApp.","https://www.promocionalesjj.co/img/productos/speaker-bluetooth-retro-bamboo.jpg","Organization WebSite Product BreadcrumbList","27","si","si"
"/tienda/speaker-bluetooth-ringo-bamboo/","producto","74007","Speaker Bluetooth Ringo Bamboo con logo personalizado | Promocionales J&J","Speaker Bluetooth Ringo Bamboo","https://www.promocionalesjj.co/tienda/speaker-bluetooth-ringo-bamboo/","","Speaker Bluetooth Ringo Bamboo para personalizar con el logo de tu empresa. Speaker Bluetooth de 3 W en plástico ABS reciclado y bambú. Cotiza por WhatsApp.","https://www.promocionalesjj.co/img/productos/speaker-bluetooth-ringo-bamboo.jpg","Organization WebSite Product BreadcrumbList","27","si","si"
"/tienda/speaker-bluetooth-tanner-rpet/","producto","74027","Speaker Bluetooth Tanner RPET con logo personalizado | Promocionales J&J","Speaker Bluetooth Tanner RPET","https://www.promocionalesjj.co/tienda/speaker-bluetooth-tanner-rpet/","","Speaker Bluetooth Tanner RPET para personalizar con el logo de tu empresa. Speaker Bluetooth de 3 W en poliéster reciclado RPET y corcho. Cotiza por WhatsApp.","https://www.promocionalesjj.co/img/productos/speaker-bluetooth-tanner-rpet.jpg","Organization WebSite Product BreadcrumbList","27","si","si"
"/tienda/speaker-bluetooth-zip-cork/","producto","73728","Speaker Bluetooth Zip Cork con logo personalizado | Promocionales J&J","Speaker Bluetooth Zip Cork","https://www.promocionalesjj.co/tienda/speaker-bluetooth-zip-cork/","","Speaker Bluetooth Zip Cork para personalizar con el logo de tu empresa. Speaker Bluetooth metálico con corcho de 3 W. Cotiza por WhatsApp.","https://www.promocionalesjj.co/img/productos/speaker-bluetooth-zip-cork.jpg","Organization WebSite Product BreadcrumbList","27","si","si"
"/tienda/speaker-de-induccion-bamboo/","producto","73976","Speaker de Inducción Bamboo con logo personalizado | Promocionales J&J","Speaker de Inducción Bamboo","https://www.promocionalesjj.co/tienda/speaker-de-induccion-bamboo/","","Speaker de Inducción Bamboo para personalizar con el logo de tu empresa. Cotiza por WhatsApp.","https://www.promocionalesjj.co/img/productos/speaker-de-induccion-bamboo.jpg","Organization WebSite Product BreadcrumbList","27","si","si"
"/tienda/sporty-bag-cotton-180gr-ii/","producto","71980","Sporty Bag Cotton (180 gr) II con logo personalizado | Promocionales J&J","Sporty Bag Cotton (180 gr) II","https://www.promocionalesjj.co/tienda/sporty-bag-cotton-180gr-ii/","","Sporty Bag Cotton (180 gr) II para personalizar con el logo de tu empresa. Bolsa tula en algodón de 180 gr / mt2. Cotiza por WhatsApp.","https://www.promocionalesjj.co/img/productos/sporty-bag-cotton-180gr-ii.jpg","Organization WebSite Product BreadcrumbList","27","si","si"
"/tienda/sporty-bag-eco-yute-280gr/","producto","72616","Sporty Bag Eco Yute (280 gr) con logo personalizado | Promocionales J&J","Sporty Bag Eco Yute (280 gr)","https://www.promocionalesjj.co/tienda/sporty-bag-eco-yute-280gr/","","Sporty Bag Eco Yute (280 gr) para personalizar con el logo de tu empresa. Marcación en screen. Cotiza por WhatsApp.","https://www.promocionalesjj.co/img/productos/sporty-bag-eco-yute-280gr.jpg","Organization WebSite Product BreadcrumbList","27","si","si"
"/tienda/sporty-bag-en-algodon-zetta-100gr/","producto","72296","Sporty Bag en Algodón Zetta (100 gr) con logo personalizado | Promocionales J&J","Sporty Bag en Algodón Zetta (100 gr)","https://www.promocionalesjj.co/tienda/sporty-bag-en-algodon-zetta-100gr/","","Sporty Bag en Algodón Zetta (100 gr) para personalizar con el logo de tu empresa. Bolsa tula en algodón de 100 gr/mt2. Cotiza por WhatsApp.","https://www.promocionalesjj.co/img/productos/sporty-bag-en-algodon-zetta-100gr.jpg","Organization WebSite Product BreadcrumbList","27","si","si"
"/tienda/sporty-bag-en-algodon-zetta-140gr/","producto","71957","Sporty Bag en Algodón Zetta 140 gr con logo personalizado | Promocionales J&J","Sporty Bag en Algodón Zetta 140 gr","https://www.promocionalesjj.co/tienda/sporty-bag-en-algodon-zetta-140gr/","","Sporty Bag en Algodón Zetta 140 gr para personalizar con el logo de tu empresa. Bolsa tula en algodón reciclado de 140 gr/mt2. Cotiza por WhatsApp.","https://www.promocionalesjj.co/og-default.jpg","Organization WebSite Product BreadcrumbList","27","si","si"
"/tienda/sporty-bag-en-cambrel-ewok/","producto","71470","Sporty Bag en Cambrel Ewok con logo personalizado | Promocionales J&J","Sporty Bag en Cambrel Ewok","https://www.promocionalesjj.co/tienda/sporty-bag-en-cambrel-ewok/","","Sporty Bag en Cambrel Ewok para personalizar con el logo de tu empresa. Bolsa en cambrel 80 gm cosida. Cotiza por WhatsApp.","https://www.promocionalesjj.co/img/productos/sporty-bag-en-cambrel-ewok.jpg","Organization WebSite Product BreadcrumbList","27","si","si"
"/tienda/sporty-bag-garda-rpet/","producto","71581","Sporty Bag Garda RPET con logo personalizado | Promocionales J&J","Sporty Bag Garda RPET","https://www.promocionalesjj.co/tienda/sporty-bag-garda-rpet/","","Sporty Bag Garda RPET para personalizar con el logo de tu empresa. Bolsa tula en poliéster y en poliuretano reciclado RPET. Cotiza por WhatsApp.","https://www.promocionalesjj.co/img/productos/sporty-bag-garda-rpet.jpg","Organization WebSite Product BreadcrumbList","27","si","si"
"/tienda/sporty-bag-metallic/","producto","71396","Sporty Bag Metallic con logo personalizado | Promocionales J&J","Sporty Bag Metallic","https://www.promocionalesjj.co/tienda/sporty-bag-metallic/","","Sporty Bag Metallic para personalizar con el logo de tu empresa. Poliéster metalizado en la parte frontal. Cotiza por WhatsApp.","https://www.promocionalesjj.co/img/productos/sporty-bag-metallic.jpg","Organization WebSite Product BreadcrumbList","28","si","si"
"/tienda/sporty-bag-reflectiva-security/","producto","71691","Sporty Bag Reflectiva Security con logo personalizado | Promocionales J&J","Sporty Bag Reflectiva Security","https://www.promocionalesjj.co/tienda/sporty-bag-reflectiva-security/","","Sporty Bag Reflectiva Security para personalizar con el logo de tu empresa. Poliéster reflectivo. Cotiza por WhatsApp.","https://www.promocionalesjj.co/img/productos/sporty-bag-reflectiva-security.jpg","Organization WebSite Product BreadcrumbList","28","si","si"
"/tienda/sporty-bag-reflective/","producto","72510","Sporty Bag Reflective con logo personalizado | Promocionales J&J","Sporty Bag Reflective","https://www.promocionalesjj.co/tienda/sporty-bag-reflective/","","Sporty Bag Reflective para personalizar con el logo de tu empresa. Bolsa tula en poliéster, con banda y punta reflectivas. Marcación en serigrafía, screen.","https://www.promocionalesjj.co/img/productos/sporty-bag-reflective.jpg","Organization WebSite Product BreadcrumbList","28","si","si"
"/tienda/sticky-set-bamboo-eco/","producto","72046","Sticky Set Bamboo Eco con logo personalizado | Promocionales J&J","Sticky Set Bamboo Eco","https://www.promocionalesjj.co/tienda/sticky-set-bamboo-eco/","","Sticky Set Bamboo Eco para personalizar con el logo de tu empresa. Cotiza por WhatsApp.","https://www.promocionalesjj.co/img/productos/sticky-set-bamboo-eco.jpg","Organization WebSite Product BreadcrumbList","28","si","si"
"/tienda/sticky-set-cubik/","producto","71937","Sticky Set Cubik con logo personalizado | Promocionales J&J","Sticky Set Cubik","https://www.promocionalesjj.co/tienda/sticky-set-cubik/","","Sticky Set Cubik para personalizar con el logo de tu empresa. Set de portastickies de cartón con forma de cubo. Cotiza por WhatsApp.","https://www.promocionalesjj.co/img/productos/sticky-set-cubik.jpg","Organization WebSite Product BreadcrumbList","28","si","si"
"/tienda/sticky-set-eco/","producto","72974","Sticky Set Eco con logo personalizado | Promocionales J&J","Sticky Set Eco","https://www.promocionalesjj.co/tienda/sticky-set-eco/","","Sticky Set Eco para personalizar con el logo de tu empresa. Libreta con 5 stickies de colores y taco de papel autoadhesivo. Marcación en tampografía.","https://www.promocionalesjj.co/img/productos/sticky-set-eco.jpg","Organization WebSite Product BreadcrumbList","28","si","si"
"/tienda/sticky-set-en-trigo-wheat-eco/","producto","72810","Sticky Set en Trigo Wheat Eco con logo personalizado | Promocionales J&J","Sticky Set en Trigo Wheat Eco","https://www.promocionalesjj.co/tienda/sticky-set-en-trigo-wheat-eco/","","Sticky Set en Trigo Wheat Eco para personalizar con el logo de tu empresa. Cotiza por WhatsApp.","https://www.promocionalesjj.co/img/productos/sticky-set-en-trigo-wheat-eco.jpg","Organization WebSite Product BreadcrumbList","28","si","si"
"/tienda/sticky-set-flag/","producto","73059","Sticky Set Flag con logo personalizado | Promocionales J&J","Sticky Set Flag","https://www.promocionalesjj.co/tienda/sticky-set-flag/","","Sticky Set Flag para personalizar con el logo de tu empresa. Estuche plástico dispensador con 50 stickies Opcional en. Cotiza por WhatsApp.","https://www.promocionalesjj.co/img/productos/sticky-set-flag.jpg","Organization WebSite Product BreadcrumbList","28","si","si"
"/tienda/sticky-set-floppy/","producto","72056","Sticky Set Floppy con logo personalizado | Promocionales J&J","Sticky Set Floppy","https://www.promocionalesjj.co/tienda/sticky-set-floppy/","","Sticky Set Floppy para personalizar con el logo de tu empresa. Set de portastickies de cartón argollado doble O, en forma de nube. Cotiza por WhatsApp.","https://www.promocionalesjj.co/img/productos/sticky-set-floppy.jpg","Organization WebSite Product BreadcrumbList","28","si","si"
"/tienda/sticky-set-kerry/","producto","71643","Sticky Set Kerry con logo personalizado | Promocionales J&J","Sticky Set Kerry","https://www.promocionalesjj.co/tienda/sticky-set-kerry/","","Sticky Set Kerry para personalizar con el logo de tu empresa. Set de stickies de cartón argollado. Cotiza por WhatsApp.","https://www.promocionalesjj.co/img/productos/sticky-set-kerry.jpg","Organization WebSite Product BreadcrumbList","28","si","si"
"/tienda/sticky-set-leader-eco/","producto","72970","Sticky Set Leader Eco con logo personalizado | Promocionales J&J","Sticky Set Leader Eco","https://www.promocionalesjj.co/tienda/sticky-set-leader-eco/","","Sticky Set Leader Eco para personalizar con el logo de tu empresa. Libreta con 5 stickies de colores, tacos de papel autoadhesivo y bolígrafo.","https://www.promocionalesjj.co/img/productos/sticky-set-leader-eco.jpg","Organization WebSite Product BreadcrumbList","28","si","si"
"/tienda/sticky-set-micron/","producto","71734","Sticky Set Micron con logo personalizado | Promocionales J&J","Sticky Set Micron","https://www.promocionalesjj.co/tienda/sticky-set-micron/","","Sticky Set Micron para personalizar con el logo de tu empresa. Set de escritorio en cartón. Cotiza por WhatsApp.","https://www.promocionalesjj.co/img/productos/sticky-set-micron.jpg","Organization WebSite Product BreadcrumbList","28","si","si"
"/tienda/sticky-set-milk/","producto","71642","Sticky Set Milk con logo personalizado | Promocionales J&J","Sticky Set Milk","https://www.promocionalesjj.co/tienda/sticky-set-milk/","","Sticky Set Milk para personalizar con el logo de tu empresa. Set de portastickies en cartón reciclado de leche. Cotiza por WhatsApp.","https://www.promocionalesjj.co/img/productos/sticky-set-milk.jpg","Organization WebSite Product BreadcrumbList","28","si","si"
"/tienda/sticky-set-milla/","producto","73074","Sticky Set Milla con logo personalizado | Promocionales J&J","Sticky Set Milla","https://www.promocionalesjj.co/tienda/sticky-set-milla/","","Sticky Set Milla para personalizar con el logo de tu empresa. Set de portastickies en cartón, 5 stickies de colores y dos mini portanotas.","https://www.promocionalesjj.co/img/productos/sticky-set-milla.jpg","Organization WebSite Product BreadcrumbList","28","si","si"
"/tienda/sticky-set-oval-milk/","producto","72087","Sticky Set Oval Milk con logo personalizado | Promocionales J&J","Sticky Set Oval Milk","https://www.promocionalesjj.co/tienda/sticky-set-oval-milk/","","Sticky Set Oval Milk para personalizar con el logo de tu empresa. Set de portastickies en cartón reciclado de leche. Cotiza por WhatsApp.","https://www.promocionalesjj.co/img/productos/sticky-set-oval-milk.jpg","Organization WebSite Product BreadcrumbList","28","si","si"
"/tienda/sticky-set-separador-de-hojas/","producto","73140","Sticky Set Separador de Hojas con logo personalizado | Promocionales J&J","Sticky Set Separador de Hojas","https://www.promocionalesjj.co/tienda/sticky-set-separador-de-hojas/","","Sticky Set Separador de Hojas para personalizar con el logo de tu empresa. Marcación en tampografía. Cotiza por WhatsApp.","https://www.promocionalesjj.co/img/productos/sticky-set-separador-de-hojas.jpg","Organization WebSite Product BreadcrumbList","28","si","si"
"/tienda/sticky-set-signature/","producto","70348","Sticky Set Signature con logo personalizado | Promocionales J&J","Sticky Set Signature","https://www.promocionalesjj.co/tienda/sticky-set-signature/","","Sticky Set Signature para personalizar con el logo de tu empresa. Set de escritorio en cartón. Cotiza por WhatsApp.","https://www.promocionalesjj.co/og-default.jpg","Organization WebSite Product BreadcrumbList","28","si","si"
"/tienda/sticky-set-thunder/","producto","72328","Sticky Set Thunder con logo personalizado | Promocionales J&J","Sticky Set Thunder","https://www.promocionalesjj.co/tienda/sticky-set-thunder/","","Sticky Set Thunder para personalizar con el logo de tu empresa. Set de cartón con 5 stickies de colores y un portanotas de 40 hojas. Cotiza por WhatsApp.","https://www.promocionalesjj.co/img/productos/sticky-set-thunder.jpg","Organization WebSite Product BreadcrumbList","28","si","si"
"/tienda/summit/","producto","73016","Bolígrafo plástico Summit con logo personalizado | Promocionales J&J","Bolígrafo plástico Summit","https://www.promocionalesjj.co/tienda/summit/","","Bolígrafo plástico Summit para personalizar con el logo de tu empresa. Marcación en tampografía. Cotiza por WhatsApp.","https://www.promocionalesjj.co/img/productos/summit.jpg","Organization WebSite Product BreadcrumbList","27","si","si"
"/tienda/summit-eco/","producto","71864","Bolígrafo plástico Summit Eco con logo personalizado | Promocionales J&J","Bolígrafo plástico Summit Eco","https://www.promocionalesjj.co/tienda/summit-eco/","","Bolígrafo plástico Summit Eco para personalizar con el logo de tu empresa. Mecanismo push. Cotiza por WhatsApp.","https://www.promocionalesjj.co/img/productos/summit-eco.jpg","Organization WebSite Product BreadcrumbList","27","si","si"
"/tienda/summit-neon/","producto","73693","Bolígrafo plástico Summit Neón con logo personalizado | Promocionales J&J","Bolígrafo plástico Summit Neón","https://www.promocionalesjj.co/tienda/summit-neon/","","Bolígrafo plástico Summit Neón para personalizar con el logo de tu empresa. Bolígrafo plástico en colores neón. Marcación en tampografía. Cotiza por WhatsApp.","https://www.promocionalesjj.co/img/productos/summit-neon.jpg","Organization WebSite Product BreadcrumbList","27","si","si"
"/tienda/summit-stylus/","producto","72224","Bolígrafo plástico Summit Stylus con logo personalizado | Promocionales J&J","Bolígrafo plástico Summit Stylus","https://www.promocionalesjj.co/tienda/summit-stylus/","","Bolígrafo plástico Summit Stylus para personalizar con el logo de tu empresa. Bolígrafo plástico con stylus. Marcación en tampografía. Cotiza por WhatsApp.","https://www.promocionalesjj.co/og-default.jpg","Organization WebSite Product BreadcrumbList","27","si","si"
"/tienda/tabla-clip-en-bamboo/","producto","71892","Tabla Clip en Bamboo con logo personalizado | Promocionales J&J","Tabla Clip en Bamboo","https://www.promocionalesjj.co/tienda/tabla-clip-en-bamboo/","","Tabla Clip en Bamboo para personalizar con el logo de tu empresa. Tabla para anotar en bambú con clip metálico. Cotiza por WhatsApp.","https://www.promocionalesjj.co/img/productos/tabla-clip-en-bamboo.jpg","Organization WebSite Product BreadcrumbList","28","si","si"
"/tienda/tajalapiz-con-borrador-run/","producto","71437","Tajalápiz con Borrador Run con logo personalizado | Promocionales J&J","Tajalápiz con Borrador Run","https://www.promocionalesjj.co/tienda/tajalapiz-con-borrador-run/","","Tajalápiz con Borrador Run para personalizar con el logo de tu empresa. Tajalápiz en fibra de trigo con borrador. Cotiza por WhatsApp.","https://www.promocionalesjj.co/og-default.jpg","Organization WebSite Product BreadcrumbList","28","si","si"
"/tienda/tajalapiz-plastico-school/","producto","72979","Tajalápiz Plástico School con logo personalizado | Promocionales J&J","Tajalápiz Plástico School","https://www.promocionalesjj.co/tienda/tajalapiz-plastico-school/","","Tajalápiz Plástico School para personalizar con el logo de tu empresa. Cotiza por WhatsApp.","https://www.promocionalesjj.co/img/productos/tajalapiz-plastico-school.jpg","Organization WebSite Product BreadcrumbList","27","si","si"
"/tienda/tangram-eco/","producto","72277","Tangram Eco con logo personalizado | Promocionales J&J","Tangram Eco","https://www.promocionalesjj.co/tienda/tangram-eco/","","Tangram Eco para personalizar con el logo de tu empresa. Rompecabezas geométrico (Tangram) en madera compuesto por 7 piezas. Cotiza por WhatsApp.","https://www.promocionalesjj.co/img/productos/tangram-eco.jpg","Organization WebSite Product BreadcrumbList","28","si","si"
"/tienda/taza-en-vidrio-cork-350ml/","producto","56254","Taza en Vidrio Cork 350 ml con logo personalizado | Promocionales J&J","Taza en Vidrio Cork 350 ml","https://www.promocionalesjj.co/tienda/taza-en-vidrio-cork-350ml/","","Taza en Vidrio Cork 350 ml para personalizar con el logo de tu empresa. Vaso en vidrio de borosilicato de alta calidad, con tapa en silicona y aro en corcho.","https://www.promocionalesjj.co/img/productos/taza-en-vidrio-cork-350ml.jpg","Organization WebSite Product BreadcrumbList","23","si","si"
"/tienda/termo-bamboo-500ml/","producto","72835","Termo Bamboo 500 ml con logo personalizado | Promocionales J&J","Termo Bamboo 500 ml","https://www.promocionalesjj.co/tienda/termo-bamboo-500ml/","","Termo Bamboo 500 ml para personalizar con el logo de tu empresa. Termo en acero inoxidable. Cotiza por WhatsApp.","https://www.promocionalesjj.co/img/productos/termo-bamboo-500ml.jpg","Organization WebSite Product BreadcrumbList","28","si","si"
"/tienda/tillot/","producto","73290","Bolígrafo plástico Tillot con logo personalizado | Promocionales J&J","Bolígrafo plástico Tillot","https://www.promocionalesjj.co/tienda/tillot/","","Bolígrafo plástico Tillot para personalizar con el logo de tu empresa. Bolígrafo plástico con obturador en el clip. Marcación en tampografía.","https://www.promocionalesjj.co/img/productos/tillot.jpg","Organization WebSite Product BreadcrumbList","27","si","si"
"/tienda/timbre-bike/","producto","72294","Timbre Bike con logo personalizado | Promocionales J&J","Timbre Bike","https://www.promocionalesjj.co/tienda/timbre-bike/","","Timbre Bike para personalizar con el logo de tu empresa. Timbre para bicicleta en plástico y metal. Cotiza por WhatsApp.","https://www.promocionalesjj.co/img/productos/timbre-bike.jpg","Organization WebSite Product BreadcrumbList","28","si","si"
"/tienda/tokken/","producto","73652","Bolígrafo plástico Tokken con logo personalizado | Promocionales J&J","Bolígrafo plástico Tokken","https://www.promocionalesjj.co/tienda/tokken/","","Bolígrafo plástico Tokken para personalizar con el logo de tu empresa. Bolígrafo plástico, clip metálico y tapa. Marcación en tampografía.","https://www.promocionalesjj.co/img/productos/tokken.jpg","Organization WebSite Product BreadcrumbList","27","si","si"
"/tienda/torre-de-madera-skill-2/","producto","72356","Torre de Madera Skill 2 con logo personalizado | Promocionales J&J","Torre de Madera Skill 2","https://www.promocionalesjj.co/tienda/torre-de-madera-skill-2/","","Torre de Madera Skill 2 para personalizar con el logo de tu empresa. Torre de bloques en madera natural. Cotiza por WhatsApp.","https://www.promocionalesjj.co/img/productos/torre-de-madera-skill-2.jpg","Organization WebSite Product BreadcrumbList","28","si","si"
"/tienda/trevon/","producto","72438","Bolígrafo plástico Trevon con logo personalizado | Promocionales J&J","Bolígrafo plástico Trevon","https://www.promocionalesjj.co/tienda/trevon/","","Bolígrafo plástico Trevon para personalizar con el logo de tu empresa. Clip metálico. Cotiza por WhatsApp.","https://www.promocionalesjj.co/img/productos/trevon.jpg","Organization WebSite Product BreadcrumbList","27","si","si"
"/tienda/vaso-plegable-eco/","producto","49427","Vaso Plegable Eco con logo personalizado | Promocionales J&J","Vaso Plegable Eco","https://www.promocionalesjj.co/tienda/vaso-plegable-eco/","","Vaso Plegable Eco para personalizar con el logo de tu empresa. Vaso plegable en polipropileno de trigo con capacidad de 220 ml. Cotiza por WhatsApp.","https://www.promocionalesjj.co/img/productos/vaso-plegable-eco.jpg","Organization WebSite Product BreadcrumbList","21","si","si"
"/tienda/ventura-bamboo-infinity/","producto","73544","Ventura Bamboo Infinity con logo personalizado | Promocionales J&J","Ventura Bamboo Infinity","https://www.promocionalesjj.co/tienda/ventura-bamboo-infinity/","","Ventura Bamboo Infinity para personalizar con el logo de tu empresa. Cotiza por WhatsApp.","https://www.promocionalesjj.co/img/productos/ventura-bamboo-infinity.jpg","Organization WebSite Product BreadcrumbList","27","si","si"
"/tienda/ventura-eco-stylus/","producto","75236","Bolígrafo plástico Ventura Eco Stylus con logo personalizado | Promocionales J&J","Bolígrafo plástico Ventura Eco Stylus","https://www.promocionalesjj.co/tienda/ventura-eco-stylus/","","Bolígrafo plástico Ventura Eco Stylus para personalizar con el logo de tu empresa. Marcación en tampografía. Cotiza por WhatsApp.","https://www.promocionalesjj.co/img/productos/ventura-eco-stylus.jpg","Organization WebSite Product BreadcrumbList","27","si","si"
"/tienda/ventura-frost/","producto","72695","Bolígrafo plástico Ventura Frost con logo personalizado | Promocionales J&J","Bolígrafo plástico Ventura Frost","https://www.promocionalesjj.co/tienda/ventura-frost/","","Bolígrafo plástico Ventura Frost para personalizar con el logo de tu empresa. Bolígrafo plástico Clip metálico. Marcación en tampografía. Cotiza por WhatsApp.","https://www.promocionalesjj.co/og-default.jpg","Organization WebSite Product BreadcrumbList","27","si","si"
"/tienda/ventura-resaltador-cera/","producto","72986","Bolígrafo plástico Ventura Resaltador Cera con logo personalizado | Promocionales J&J","Bolígrafo plástico Ventura Resaltador Cera","https://www.promocionalesjj.co/tienda/ventura-resaltador-cera/","","Bolígrafo plástico Ventura Resaltador Cera para personalizar con el logo de tu empresa. Marcación en tampografía. Cotiza por WhatsApp.","https://www.promocionalesjj.co/og-default.jpg","Organization WebSite Product BreadcrumbList","27","si","si"
"/tienda/ventura-stylus/","producto","71128","Bolígrafo plástico Ventura Stylus con logo personalizado | Promocionales J&J","Bolígrafo plástico Ventura Stylus","https://www.promocionalesjj.co/tienda/ventura-stylus/","","Bolígrafo plástico Ventura Stylus para personalizar con el logo de tu empresa. Bolígrafo plástico con stylus. Cotiza por WhatsApp.","https://www.promocionalesjj.co/og-default.jpg","Organization WebSite Product BreadcrumbList","27","si","si"
"/tienda/ventura-stylus-4-1/","producto","73736","Bolígrafo plástico Ventura Stylus 4-1 con logo personalizado | Promocionales J&J","Bolígrafo plástico Ventura Stylus 4-1","https://www.promocionalesjj.co/tienda/ventura-stylus-4-1/","","Bolígrafo plástico Ventura Stylus 4-1 para personalizar con el logo de tu empresa. Cotiza por WhatsApp.","https://www.promocionalesjj.co/img/productos/ventura-stylus-4-1.jpg","Organization WebSite Product BreadcrumbList","27","si","si"
"/tienda/ventura-stylus-neon/","producto","74527","Bolígrafo plástico Ventura Stylus Neón con logo personalizado | Promocionales J&J","Bolígrafo plástico Ventura Stylus Neón","https://www.promocionalesjj.co/tienda/ventura-stylus-neon/","","Bolígrafo plástico Ventura Stylus Neón para personalizar con el logo de tu empresa. Bolígrafo plástico con stylus Clip metálico. Marcación en tampografía.","https://www.promocionalesjj.co/img/productos/ventura-stylus-neon.jpg","Organization WebSite Product BreadcrumbList","27","si","si"